Y,algorithm_mnemonic,average_clustering,circuit_id,density,gate,in_degree_max,in_degree_mean,in_degree_min,in_degree_std,is_directed_acyclic_graph,largest_component_avg_shortest_path,largest_component_diameter,largest_strong_component_size,largest_weak_component_size,num_edges,num_isolates,num_nodes,num_self_loops,num_strong_components,num_weak_components,out_degree_max,out_degree_mean,out_degree_min,out_degree_std,reciprocity,snr,total_degree_max,total_degree_mean,total_degree_min,total_degree_std,transitivity
10.484948059126248,FUZZY_OPTUNA_DARTS,0.0,2026-08-15_18-49-47,0.09523809523809523,XOR,2.0,0.5714285714285714,0.0,0.9035079029052513,True,1.3333333333333333,2,1,3,4,1,7,0,7,3,1.0,0.5714285714285714,0.0,0.4948716593053935,0.0,10.484948059126248,2.0,1.1428571428571428,0.0,0.6388765649999399,0.0
1.1403068260491325,FUZZY_OPTUNA_DARTS,0.3242424242424243,2026-08-15_20-16-04,0.20909090909090908,XOR,4.0,2.090909090909091,0.0,1.6762808104168887,False,1.5555555555555556,3,4,9,23,2,11,2,7,3,4.0,2.090909090909091,0.0,1.443137078762504,0.34782608695652173,1.1403068260491325,8.0,4.181818181818182,0.0,2.622219109428356,0.3333333333333333
1.075309733811431,FUZZY_OPTUNA_DARTS,0.0,2026-08-15_21-01-44,0.25,XOR,2.0,1.0,0.0,0.8944271909999159,False,1.8,3,1,5,5,0,5,1,5,1,2.0,1.0,0.0,0.6324555320336759,0.0,1.075309733811431,4.0,2.0,1.0,1.2649110640673518,0.0
4.0107955471992875,FUZZY_OPTUNA_DARTS,0.6333333333333333,2026-08-15_21-31-44,0.43333333333333335,XOR,5.0,2.1666666666666665,0.0,1.9507833184532708,False,1.4666666666666666,2,3,6,13,0,6,2,4,1,3.0,2.1666666666666665,0.0,1.0671873729054748,0.46153846153846156,4.0107955471992875,8.0,4.333333333333333,1.0,2.748737083745107,0.47368421052631576
1.7059928383547416,FUZZY_OPTUNA_DARTS,0.28148148148148144,2026-08-15_21-48-28,0.1527777777777778,XOR,4.0,1.2222222222222223,0.0,1.314684396244359,True,1.4761904761904763,2,1,7,11,2,9,0,9,3,3.0,1.2222222222222223,0.0,1.227262335243029,0.0,1.7059928383547416,5.0,2.4444444444444446,0.0,1.640535895581489,0.32142857142857145
6.17170921705843,FUZZY_OPTUNA_DARTS,0.0,2026-08-15_22-15-17,0.13333333333333333,XOR,2.0,0.6666666666666666,0.0,0.7453559924999299,True,1.6,2,1,5,4,1,6,0,6,2,2.0,0.6666666666666666,0.0,0.7453559924999299,0.0,6.17170921705843,4.0,1.3333333333333333,0.0,1.247219128924647,0.0
2.8945393301587745,FUZZY_OPTUNA_DARTS,0.0,2026-08-15_22-31-15,0.3,XOR,2.0,1.2,0.0,0.9797958971132712,True,1.4,2,1,5,6,0,5,0,5,1,2.0,1.2,0.0,0.7483314773547883,0.0,2.8945393301587745,3.0,2.4,2.0,0.4898979485566356,0.0
1.2949457779945925,FUZZY_OPTUNA_DARTS,0.6628571428571429,2026-08-15_22-44-45,0.43333333333333335,XOR,8.0,3.9,0.0,2.467792535850613,False,1.3555555555555556,2,7,10,39,0,10,2,4,1,6.0,3.9,0.0,1.6401219466856725,0.41025641025641024,1.2949457779945925,12.0,7.8,4.0,3.026549190084311,0.6241610738255033
1.2843425848517716,FUZZY_OPTUNA_DARTS,0.4666666666666666,2026-08-16_01-05-16,0.25,XOR,3.0,1.0,0.0,1.2649110640673518,False,1.3333333333333333,2,1,4,5,1,5,1,5,2,2.0,1.0,0.0,0.8944271909999159,0.0,1.2843425848517716,5.0,2.0,0.0,1.6733200530681511,0.6
9.059229184975688,FUZZY_OPTUNA_DARTS,0.0,2026-08-16_01-07-48,0.3333333333333333,XOR,3.0,1.6666666666666667,0.0,1.247219128924647,False,1.4666666666666666,2,2,6,10,0,6,1,5,1,2.0,1.6666666666666667,0.0,0.7453559924999299,0.2,9.059229184975688,5.0,3.3333333333333335,2.0,1.3743685418725535,0.0
1.4799234257940714,FUZZY_OPTUNA_DARTS,0.8476190476190476,2026-08-16_01-24-02,0.5238095238095238,XOR,6.0,3.142857142857143,0.0,2.231499907401901,False,1.2380952380952381,2,4,7,22,0,7,3,4,1,5.0,3.142857142857143,0.0,1.4568627181693672,0.2727272727272727,1.4799234257940714,9.0,6.285714285714286,3.0,2.4327694808466287,0.7741935483870968
6.477256088721177,FUZZY_OPTUNA_DARTS,0.0,2026-08-16_01-35-11,0.15,XOR,2.0,0.6,0.0,0.8,True,1.5,2,1,4,3,1,5,0,5,2,1.0,0.6,0.0,0.4898979485566356,0.0,6.477256088721177,3.0,1.2,0.0,0.9797958971132712,0.0
2.977438122904102,FUZZY_OPTUNA_DARTS,0.7611111111111111,2026-08-16_01-35-37,0.3333333333333333,XOR,4.0,1.6666666666666667,0.0,1.4907119849998598,False,1.4,2,1,6,10,0,6,1,6,1,3.0,1.6666666666666667,0.0,1.1055415967851332,0.0,2.977438122904102,7.0,3.3333333333333335,2.0,1.7950549357115013,0.5454545454545454
1.086677145082368,FUZZY_OPTUNA_DARTS,0.4375,2026-08-16_01-47-36,0.26785714285714285,XOR,3.0,1.875,0.0,1.2686114456365274,False,1.6071428571428572,3,4,8,15,0,8,1,5,1,4.0,1.875,0.0,1.165922381636102,0.13333333333333333,1.086677145082368,7.0,3.75,2.0,1.713913650100261,0.4166666666666667
6.666053075260828,FUZZY_OPTUNA_DARTS,0.4666666666666666,2026-08-16_02-08-25,0.2,XOR,2.0,0.8,0.0,0.9797958971132712,True,1.3333333333333333,2,1,4,4,1,5,0,5,2,2.0,0.8,0.0,0.7483314773547883,0.0,6.666053075260828,3.0,1.6,0.0,1.019803902718557,0.6
2.7382979013720856,FUZZY_OPTUNA_DARTS,0.6,2026-08-16_02-18-13,0.3,XOR,3.0,1.2,0.0,1.1661903789690602,True,1.4,2,1,5,6,0,5,0,5,1,2.0,1.2,0.0,0.9797958971132712,0.0,2.7382979013720856,4.0,2.4,1.0,1.019803902718557,0.5454545454545454
6.521765960818364,FUZZY_OPTUNA_DARTS,0.4133333333333333,2026-08-16_02-25-43,0.24444444444444444,XOR,6.0,2.2,0.0,2.039607805437114,False,1.5555555555555556,3,4,9,22,1,10,1,7,2,4.0,2.2,0.0,1.7204650534085253,0.2727272727272727,6.521765960818364,9.0,4.4,0.0,2.615339366124404,0.47619047619047616
4.367545870758552,FUZZY_OPTUNA_DARTS,0.5083333333333333,2026-08-16_02-43-36,0.21428571428571427,XOR,5.0,1.5,0.0,1.8708286933869707,False,1.4,2,2,6,12,2,8,2,7,3,3.0,1.5,0.0,1.224744871391589,0.16666666666666666,4.367545870758552,7.0,3.0,0.0,2.5495097567963922,0.6521739130434783
6.728566136556546,FUZZY_OPTUNA_DARTS,0.0,2026-08-16_02-48-21,0.2,XOR,2.0,0.8,0.0,0.7483314773547883,True,1.8,3,1,5,4,0,5,0,5,1,2.0,0.8,0.0,0.7483314773547883,0.0,6.728566136556546,3.0,1.6,1.0,0.8,0.0
5.936565154985565,FUZZY_OPTUNA_DARTS,0.0,2026-08-16_03-00-58,0.2,XOR,2.0,1.0,0.0,1.0,True,1.4,2,1,5,6,1,6,0,6,2,2.0,1.0,0.0,0.816496580927726,0.0,5.936565154985565,3.0,2.0,0.0,1.0,0.0
3.3899269608243414,FUZZY_OPTUNA_DARTS,0.0,2026-08-16_03-11-14,0.25,XOR,2.0,1.0,0.0,0.8944271909999159,True,1.6,3,1,5,5,0,5,0,5,1,2.0,1.0,0.0,0.8944271909999159,0.0,3.3899269608243414,3.0,2.0,1.0,0.6324555320336759,0.0
6.215668100546602,FUZZY_OPTUNA_DARTS,0.0,2026-08-16_03-28-58,0.25,XOR,2.0,1.0,0.0,0.8944271909999159,False,1.8,3,1,5,5,0,5,1,5,1,2.0,1.0,0.0,0.6324555320336759,0.0,6.215668100546602,3.0,2.0,1.0,0.8944271909999159,0.0
1.1464580564905467,FUZZY_OPTUNA_DARTS,0.0,2026-08-16_03-29-51,0.14285714285714285,XOR,3.0,0.8571428571428571,0.0,1.124858267715973,False,1.8,3,2,5,6,2,7,1,6,3,2.0,0.8571428571428571,0.0,0.832993127835043,0.3333333333333333,1.1464580564905467,5.0,1.7142857142857142,0.0,1.8294640678379568,0.0
2.2574926446953762,FUZZY_OPTUNA_DARTS,0.0,2026-08-16_03-33-13,0.14285714285714285,XOR,2.0,0.8571428571428571,0.0,0.989743318610787,True,1.4,2,1,5,6,2,7,0,7,3,2.0,0.8571428571428571,0.0,0.832993127835043,0.0,2.2574926446953762,3.0,1.7142857142857142,0.0,1.1605769149479943,0.0
1.213267423296945,FUZZY_OPTUNA_DARTS,0.647089947089947,2026-08-16_03-31-20,0.2916666666666667,XOR,7.0,2.3333333333333335,0.0,2.160246899469287,False,1.3571428571428572,2,4,8,21,1,9,1,6,2,4.0,2.3333333333333335,0.0,1.3333333333333333,0.19047619047619047,1.213267423296945,10.0,4.666666666666667,0.0,2.6666666666666665,0.6338028169014085
2.28342493450639,FUZZY_OPTUNA_DARTS,0.8095238095238095,2026-08-16_03-38-43,0.42857142857142855,XOR,6.0,2.5714285714285716,0.0,2.381904571504724,False,1.380952380952381,2,3,7,18,0,7,3,5,1,3.0,2.5714285714285716,0.0,1.0497813183356477,0.2222222222222222,2.28342493450639,9.0,5.142857142857143,2.0,2.695423180587601,0.627906976744186
8.70338000392042,FUZZY_OPTUNA_DARTS,0.0,2026-08-16_04-11-08,0.17857142857142858,XOR,3.0,1.25,0.0,1.299038105676658,False,1.4666666666666666,2,3,6,10,2,8,0,6,3,2.0,1.25,0.0,0.9682458365518543,0.4,8.70338000392042,5.0,2.5,0.0,1.8708286933869707,0.0
6.9133174613899335,FUZZY_OPTUNA_DARTS,0.25,2026-08-16_04-17-04,0.26666666666666666,XOR,3.0,1.3333333333333333,0.0,1.247219128924647,False,1.6,3,2,6,8,0,6,0,5,1,2.0,1.3333333333333333,0.0,0.7453559924999299,0.25,6.9133174613899335,5.0,2.6666666666666665,1.0,1.3743685418725535,0.25
5.308081526515111,FUZZY_OPTUNA_DARTS,0.0,2026-08-16_04-20-18,0.15,XOR,2.0,0.6,0.0,0.8,True,1.5,2,1,4,3,1,5,0,5,2,1.0,0.6,0.0,0.4898979485566356,0.0,5.308081526515111,3.0,1.2,0.0,0.9797958971132712,0.0
2.1815826598485697,FUZZY_OPTUNA_DARTS,0.0,2026-08-16_04-26-44,0.2,XOR,2.0,0.8,0.0,0.7483314773547883,True,1.6,2,1,5,4,0,5,0,5,1,2.0,0.8,0.0,0.7483314773547883,0.0,2.1815826598485697,4.0,1.6,1.0,1.2,0.0
1.1334141006170158,FUZZY_OPTUNA_DARTS,0.0,2026-08-16_04-56-24,0.23333333333333334,XOR,3.0,1.1666666666666667,0.0,1.0671873729054748,False,1.7333333333333334,3,2,6,7,0,6,0,5,1,2.0,1.1666666666666667,0.0,0.6871842709362768,0.2857142857142857,1.1334141006170158,5.0,2.3333333333333335,1.0,1.3743685418725535,0.0
1.1323809343277498,FUZZY_OPTUNA_DARTS,0.0,2026-08-16_05-12-56,0.25,XOR,2.0,1.0,0.0,0.8944271909999159,True,1.6,3,1,5,5,0,5,0,5,1,2.0,1.0,0.0,0.8944271909999159,0.0,1.1323809343277498,3.0,2.0,1.0,0.6324555320336759,0.0
5.044945452932045,FUZZY_OPTUNA_DARTS,0.2857142857142857,2026-08-16_05-21-20,0.2619047619047619,XOR,4.0,1.5714285714285714,0.0,1.498298354528788,False,1.3333333333333333,2,1,6,11,1,7,1,7,2,3.0,1.5714285714285714,0.0,1.178030178747903,0.0,5.044945452932045,6.0,3.142857142857143,0.0,1.6413036132965797,0.375
2.685622232890477,FUZZY_OPTUNA_DARTS,0.38,2026-08-16_05-33-35,0.16666666666666666,XOR,5.0,1.5,0.0,1.6881943016134133,False,1.5238095238095237,3,3,7,15,3,10,2,8,4,4.0,1.5,0.0,1.5,0.26666666666666666,2.685622232890477,9.0,3.0,0.0,2.7202941017470885,0.5
2.029384313614208,FUZZY_OPTUNA_DARTS,0.0,2026-08-16_05-42-31,0.15,XOR,2.0,0.6,0.0,0.8,True,1.5,2,1,4,3,1,5,0,5,2,1.0,0.6,0.0,0.4898979485566356,0.0,2.029384313614208,3.0,1.2,0.0,0.9797958971132712,0.0
4.096892185612407,FUZZY_OPTUNA_DARTS,0.38888888888888884,2026-08-16_05-42-54,0.2,XOR,2.0,1.0,0.0,1.0,False,1.7,3,1,5,6,1,6,1,6,2,2.0,1.0,0.0,0.816496580927726,0.0,4.096892185612407,3.0,2.0,0.0,1.0,0.5
1.233440701008477,FUZZY_OPTUNA_DARTS,0.6746031746031745,2026-08-16_05-57-56,0.2777777777777778,XOR,5.0,2.2222222222222223,0.0,1.7497795275581802,False,1.3214285714285714,2,4,8,20,1,9,0,6,2,5.0,2.2222222222222223,0.0,1.8724777273725242,0.1,1.233440701008477,7.0,4.444444444444445,0.0,2.060804110110156,0.6835443037974683
2.458885515662312,FUZZY_OPTUNA_DARTS,0.0,2026-08-16_06-20-23,0.3333333333333333,XOR,3.0,1.6666666666666667,0.0,1.247219128924647,False,1.6666666666666667,3,3,6,10,0,6,1,4,1,3.0,1.6666666666666667,0.0,0.9428090415820634,0.4,2.458885515662312,6.0,3.3333333333333335,1.0,1.7950549357115013,0.0
3.4016004352674867,FUZZY_OPTUNA_DARTS,0.8,2026-08-16_06-26-33,0.4,XOR,3.0,1.6,0.0,1.3564659966250536,False,1.3,2,2,5,8,0,5,0,4,1,2.0,1.6,0.0,0.8,0.25,3.4016004352674867,5.0,3.2,2.0,1.469693845669907,0.6
1.2845443510904437,FUZZY_OPTUNA_DARTS,0.2857142857142857,2026-08-16_06-33-16,0.23809523809523808,XOR,3.0,1.4285714285714286,0.0,1.2936264483053452,True,1.3333333333333333,2,1,6,10,1,7,0,7,2,3.0,1.4285714285714286,0.0,1.178030178747903,0.0,1.2845443510904437,4.0,2.857142857142857,0.0,1.2453996981544782,0.375
3.576025423299047,FUZZY_OPTUNA_DARTS,0.17777777777777776,2026-08-16_07-00-16,0.1527777777777778,XOR,3.0,1.2222222222222223,0.0,1.227262335243029,False,1.5714285714285714,3,2,7,11,2,9,0,8,3,3.0,1.2222222222222223,0.0,1.227262335243029,0.18181818181818182,3.576025423299047,5.0,2.4444444444444446,0.0,1.8324913891634047,0.25
1.1064444713769281,FUZZY_OPTUNA_DARTS,0.0,2026-08-16_07-07-51,0.15,XOR,2.0,0.6,0.0,0.8,True,1.5,2,1,4,3,1,5,0,5,2,1.0,0.6,0.0,0.4898979485566356,0.0,1.1064444713769281,3.0,1.2,0.0,0.9797958971132712,0.0
2.5532958167505075,FUZZY_OPTUNA_DARTS,0.0,2026-08-16_07-16-08,0.2,XOR,2.0,0.8,0.0,0.7483314773547883,True,1.6,2,1,5,4,0,5,0,5,1,2.0,0.8,0.0,0.7483314773547883,0.0,2.5532958167505075,4.0,1.6,1.0,1.2,0.0
1.1281169880955553,FUZZY_OPTUNA_DARTS,0.14814814814814817,2026-08-16_07-19-40,0.1527777777777778,XOR,3.0,1.2222222222222223,0.0,1.314684396244359,False,1.6666666666666667,3,4,7,11,2,9,0,6,3,3.0,1.2222222222222223,0.0,1.030402055055078,0.36363636363636365,1.1281169880955553,6.0,2.4444444444444446,0.0,1.892154040658489,0.16666666666666666
1.3048523595433488,FUZZY_OPTUNA_DARTS,0.5,2026-08-16_07-31-44,0.4,XOR,5.0,2.0,0.0,1.8257418583505538,False,1.4666666666666666,3,3,6,12,0,6,1,4,1,3.0,2.0,0.0,1.1547005383792515,0.3333333333333333,1.3048523595433488,8.0,4.0,1.0,2.160246899469287,0.5714285714285714
1.001175578578849,FUZZY_OPTUNA_DARTS,0.0,2026-08-16_07-36-18,0.06944444444444445,XOR,2.0,0.5555555555555556,0.0,0.8314794192830981,True,1.6,3,1,5,5,4,9,0,9,5,2.0,0.5555555555555556,0.0,0.8314794192830981,0.0,1.001175578578849,3.0,1.1111111111111112,0.0,1.0999438818457405,0.0
1.0438072165559864,FUZZY_OPTUNA_DARTS,0.5169312169312169,2026-08-16_07-40-46,0.3194444444444444,XOR,5.0,2.5555555555555554,0.0,1.640535895581489,False,1.4722222222222223,2,6,9,23,0,9,0,4,1,4.0,2.5555555555555554,0.0,1.1653431646335017,0.34782608695652173,1.0438072165559864,9.0,5.111111111111111,2.0,2.4241582476968255,0.52
1.1150933573035273,FUZZY_OPTUNA_DARTS,0.17916666666666667,2026-08-16_07-54-16,0.23214285714285715,XOR,4.0,1.625,0.0,1.4086784586980805,False,1.619047619047619,3,4,7,13,1,8,1,5,2,3.0,1.625,0.0,1.1110243021644486,0.46153846153846156,1.1150933573035273,6.0,3.25,0.0,2.1065374432940898,0.15789473684210525
4.371956771913213,FUZZY_OPTUNA_DARTS,0.4333333333333333,2026-08-16_08-05-52,0.25,XOR,2.0,1.0,0.0,0.8944271909999159,True,1.5,2,1,5,5,0,5,0,5,1,2.0,1.0,0.0,0.8944271909999159,0.0,4.371956771913213,4.0,2.0,1.0,1.0954451150103321,0.375
3.607283464566929,FUZZY_OPTUNA_DARTS,0.4333333333333334,2026-08-16_08-11-21,0.25,XOR,2.0,1.0,0.0,0.8944271909999159,True,1.5,2,1,5,5,0,5,0,5,1,2.0,1.0,0.0,0.8944271909999159,0.0,3.607283464566929,4.0,2.0,1.0,1.0954451150103321,0.375
6.864784049204448,FUZZY_OPTUNA_DARTS,0.0,2026-08-16_08-29-11,0.2,XOR,2.0,0.8,0.0,0.7483314773547883,True,1.6,2,1,5,4,0,5,0,5,1,2.0,0.8,0.0,0.7483314773547883,0.0,6.864784049204448,4.0,1.6,1.0,1.2,0.0
2.775274664982771,FUZZY_OPTUNA_DARTS,0.6202380952380954,2026-08-16_08-52-12,0.45555555555555555,XOR,8.0,4.1,0.0,2.8442925306655784,False,1.3333333333333333,2,6,10,41,0,10,2,5,1,5.0,4.1,0.0,1.5132745950421556,0.43902439024390244,2.775274664982771,13.0,8.2,3.0,3.249615361854384,0.6226415094339622
1.19266916535693,FUZZY_OPTUNA_DARTS,0.3333333333333333,2026-08-16_09-08-18,0.35,XOR,4.0,1.4,0.0,1.4966629547095767,False,1.6,3,2,5,7,0,5,1,4,1,2.0,1.4,0.0,0.8,0.2857142857142857,1.19266916535693,6.0,2.8,1.0,1.9390719429665315,0.42857142857142855
2.6989007661697633,FUZZY_OPTUNA_DARTS,0.375,2026-08-16_09-10-33,0.17857142857142858,XOR,5.0,1.25,0.0,1.713913650100261,False,1.5333333333333334,3,2,6,10,2,8,1,7,3,3.0,1.25,0.0,1.1989578808281798,0.2,2.6989007661697633,7.0,2.5,0.0,2.29128784747792,0.6666666666666666
6.525250759182866,FUZZY_OPTUNA_DARTS,0.0,2026-08-16_09-16-30,0.35714285714285715,XOR,3.0,2.142857142857143,0.0,1.355261854357877,False,1.5238095238095237,3,4,7,15,0,7,1,4,1,3.0,2.142857142857143,0.0,0.989743318610787,0.4,6.525250759182866,6.0,4.285714285714286,2.0,1.4846149779161806,0.0
2.1196154803164955,FUZZY_OPTUNA_DARTS,0.0,2026-08-16_09-28-32,0.3,XOR,2.0,1.2,0.0,0.9797958971132712,True,1.4,2,1,5,6,0,5,0,5,1,2.0,1.2,0.0,0.7483314773547883,0.0,2.1196154803164955,3.0,2.4,2.0,0.4898979485566356,0.0
2.3671306624648123,FUZZY_OPTUNA_DARTS,0.4444444444444445,2026-08-16_09-59-34,0.3333333333333333,XOR,5.0,1.6666666666666667,0.0,1.7950549357115013,False,1.6,3,2,6,10,0,6,2,5,1,2.0,1.6666666666666667,0.0,0.7453559924999299,0.2,2.3671306624648123,7.0,3.3333333333333335,1.0,2.0548046676563256,0.42857142857142855
0.8973209172151511,FUZZY_OPTUNA_DARTS,0.2380952380952381,2026-08-16_09-59-12,0.21428571428571427,XOR,3.0,1.2857142857142858,0.0,1.1605769149479943,True,1.4,2,1,6,9,1,7,0,7,2,3.0,1.2857142857142858,0.0,1.1605769149479943,0.0,0.8973209172151511,4.0,2.5714285714285716,0.0,1.2936264483053452,0.3
7.438112995806096,FUZZY_OPTUNA_DARTS,0.8222222222222223,2026-08-16_10-03-48,0.5,XOR,5.0,2.5,0.0,2.0615528128088303,False,1.2666666666666666,2,3,6,15,0,6,2,4,1,4.0,2.5,0.0,1.2583057392117916,0.26666666666666666,7.438112995806096,8.0,5.0,2.0,2.160246899469287,0.75
1.8426163413951706,FUZZY_OPTUNA_DARTS,0.0,2026-08-16_10-06-02,0.15,XOR,2.0,0.6,0.0,0.8,True,1.5,2,1,4,3,1,5,0,5,2,1.0,0.6,0.0,0.4898979485566356,0.0,1.8426163413951706,3.0,1.2,0.0,0.9797958971132712,0.0
1.0125498836475941,FUZZY_OPTUNA_DARTS,0.38,2026-08-16_10-02-50,0.25555555555555554,XOR,5.0,2.3,0.0,2.147091055358389,False,1.3928571428571428,2,5,8,23,2,10,2,6,3,4.0,2.3,0.0,1.6155494421403511,0.34782608695652173,1.0125498836475941,8.0,4.6,0.0,3.0724582991474434,0.4918032786885246
1.9179189726028598,FUZZY_OPTUNA_DARTS,0.0,2026-08-16_10-28-34,0.3,XOR,2.0,1.2,0.0,0.9797958971132712,True,1.4,2,1,5,6,0,5,0,5,1,2.0,1.2,0.0,0.7483314773547883,0.0,1.9179189726028598,3.0,2.4,2.0,0.4898979485566356,0.0
1.9651645628638372,FUZZY_OPTUNA_DARTS,0.0,2026-08-16_10-27-04,0.23809523809523808,XOR,3.0,1.4285714285714286,0.0,1.2936264483053452,False,1.4666666666666666,2,2,6,10,1,7,1,6,2,2.0,1.4285714285714286,0.0,0.9035079029052513,0.2,1.9651645628638372,5.0,2.857142857142857,0.0,1.7261494247992246,0.0
3.5437213092776676,FUZZY_OPTUNA_DARTS,0.0,2026-08-16_10-41-00,0.16071428571428573,XOR,3.0,1.125,0.0,1.0532687216470449,True,1.7142857142857142,3,1,7,9,1,8,0,8,2,3.0,1.125,0.0,1.0532687216470449,0.0,3.5437213092776676,4.0,2.25,0.0,1.1989578808281798,0.0
3.483742093855532,FUZZY_OPTUNA_DARTS,0.3611111111111111,2026-08-16_10-46-56,0.2,XOR,3.0,1.0,0.0,1.1547005383792515,False,1.5,2,1,5,6,1,6,1,6,2,2.0,1.0,0.0,0.816496580927726,0.0,3.483742093855532,4.0,2.0,0.0,1.5275252316519468,0.375
7.548181178484822,FUZZY_OPTUNA_DARTS,0.8,2026-08-16_10-51-50,0.4,XOR,3.0,1.6,0.0,1.3564659966250536,False,1.3,2,2,5,8,0,5,0,4,1,2.0,1.6,0.0,0.8,0.25,7.548181178484822,5.0,3.2,2.0,1.469693845669907,0.6
0.8274949764953292,FUZZY_OPTUNA_DARTS,0.8,2026-08-16_10-54-27,0.4,XOR,4.0,1.6,0.0,1.4966629547095767,False,1.3,2,1,5,8,0,5,1,5,1,2.0,1.6,0.0,0.8,0.0,0.8274949764953292,6.0,3.2,2.0,1.6,0.6
1.876665496101048,FUZZY_OPTUNA_DARTS,0.475,2026-08-16_10-51-11,0.16071428571428573,XOR,3.0,1.125,0.0,1.2686114456365274,False,1.4666666666666666,2,3,6,9,2,8,0,6,3,3.0,1.125,0.0,1.0532687216470449,0.2222222222222222,1.876665496101048,6.0,2.25,0.0,2.0463381929681126,0.47368421052631576
0.9390690341287752,FUZZY_OPTUNA_DARTS,0.0,2026-08-16_11-16-07,0.3,XOR,2.0,1.2,0.0,0.9797958971132712,True,1.4,2,1,5,6,0,5,0,5,1,2.0,1.2,0.0,0.7483314773547883,0.0,0.9390690341287752,3.0,2.4,2.0,0.4898979485566356,0.0
1.2076264914066257,FUZZY_OPTUNA_DARTS,0.6041666666666666,2026-08-16_11-16-08,0.39285714285714285,XOR,5.0,2.75,0.0,1.7853571071357126,False,1.4642857142857142,3,5,8,22,0,8,2,4,1,4.0,2.75,0.0,1.299038105676658,0.36363636363636365,1.2076264914066257,9.0,5.5,2.0,2.692582403567252,0.5892857142857143
2.906370823565344,FUZZY_OPTUNA_DARTS,0.29583333333333334,2026-08-16_11-46-26,0.35714285714285715,XOR,4.0,2.5,0.0,1.5811388300841898,False,1.4285714285714286,2,5,8,20,0,8,1,4,1,4.0,2.5,0.0,1.4142135623730951,0.3,2.906370823565344,8.0,5.0,3.0,1.5811388300841898,0.3
0.8807202919613418,FUZZY_OPTUNA_DARTS,0.3888888888888889,2026-08-16_11-53-53,0.3333333333333333,XOR,4.0,1.6666666666666667,0.0,1.3743685418725535,False,1.5333333333333334,3,1,6,10,0,6,2,6,1,3.0,1.6666666666666667,0.0,0.9428090415820634,0.0,0.8807202919613418,5.0,3.3333333333333335,2.0,1.1055415967851332,0.4
2.669212084492181,FUZZY_OPTUNA_DARTS,0.27777777777777773,2026-08-16_12-01-07,0.3,XOR,3.0,1.5,0.0,1.2583057392117916,False,1.6666666666666667,3,2,6,9,0,6,1,5,1,3.0,1.5,0.0,0.9574271077563381,0.2222222222222222,2.669212084492181,5.0,3.0,1.0,1.2909944487358056,0.2727272727272727
1.7385232687404102,FUZZY_OPTUNA_DARTS,0.0,2026-08-16_12-03-19,0.16666666666666666,XOR,2.0,0.8333333333333334,0.0,0.8975274678557507,True,1.6,3,1,5,5,1,6,0,6,2,2.0,0.8333333333333334,0.0,0.8975274678557507,0.0,1.7385232687404102,3.0,1.6666666666666667,0.0,0.9428090415820634,0.0
0.8652044258888381,FUZZY_OPTUNA_DARTS,0.0,2026-08-16_12-07-02,0.3,XOR,3.0,1.2,0.0,1.1661903789690602,False,1.8,3,2,5,6,0,5,1,4,1,2.0,1.2,0.0,0.7483314773547883,0.3333333333333333,0.8652044258888381,5.0,2.4,1.0,1.7435595774162693,0.0
0.8062124491143787,FUZZY_OPTUNA_DARTS,0.8285714285714286,2026-08-16_12-22-00,0.38095238095238093,XOR,5.0,2.2857142857142856,0.0,1.749635530559413,False,1.4285714285714286,2,4,7,16,0,7,2,4,1,4.0,2.2857142857142856,0.0,1.385051387833237,0.25,0.8062124491143787,9.0,4.571428571428571,2.0,2.5555062599997598,0.5384615384615384
2.116943995966178,FUZZY_OPTUNA_DARTS,0.5708333333333333,2026-08-16_12-39-00,0.26785714285714285,XOR,5.0,1.875,0.0,1.964529205687714,False,1.5238095238095237,3,3,7,15,1,8,3,6,2,3.0,1.875,0.0,1.2686114456365274,0.13333333333333333,2.116943995966178,8.0,3.75,0.0,2.6339134382131846,0.5806451612903226
2.3414362484538906,FUZZY_OPTUNA_DARTS,0.6634920634920634,2026-08-16_12-47-26,0.3194444444444444,XOR,7.0,2.5555555555555554,0.0,2.586765939293959,False,1.3214285714285714,2,3,8,23,1,9,2,7,2,4.0,2.5555555555555554,0.0,1.640535895581489,0.17391304347826086,2.3414362484538906,10.0,5.111111111111111,0.0,3.247030932489435,0.7857142857142857
1.7483114848343981,FUZZY_OPTUNA_DARTS,0.0,2026-08-16_12-53-27,0.2619047619047619,XOR,4.0,1.5714285714285714,0.0,1.498298354528788,False,1.7142857142857142,3,2,7,11,0,7,1,6,1,2.0,1.5714285714285714,0.0,0.7284313590846836,0.18181818181818182,1.7483114848343981,6.0,3.142857142857143,1.0,1.5518257844571737,0.0
0.8962673981151497,FUZZY_OPTUNA_DARTS,0.125,2026-08-16_12-57-18,0.16071428571428573,XOR,3.0,1.125,0.0,1.165922381636102,False,1.4666666666666666,2,1,6,9,2,8,1,8,3,3.0,1.125,0.0,1.2686114456365274,0.0,0.8962673981151497,5.0,2.25,0.0,1.5612494995995996,0.21428571428571427
3.964193216054923,FUZZY_OPTUNA_DARTS,0.0,2026-08-16_13-35-36,0.16666666666666666,XOR,3.0,1.0,0.0,1.0690449676496976,False,1.8666666666666667,3,2,6,7,1,7,1,6,2,2.0,1.0,0.0,0.7559289460184545,0.2857142857142857,3.964193216054923,5.0,2.0,0.0,1.6035674514745464,0.0
5.300598107981355,FUZZY_OPTUNA_DARTS,0.0,2026-08-16_13-53-52,0.14285714285714285,XOR,2.0,0.8571428571428571,0.0,0.832993127835043,False,1.8666666666666667,3,2,6,6,1,7,0,6,2,2.0,0.8571428571428571,0.0,0.6388765649999399,0.3333333333333333,5.300598107981355,4.0,1.7142857142857142,0.0,1.2777531299998799,0.0
3.7354925622419466,FUZZY_OPTUNA_DARTS,0.0,2026-08-16_14-05-54,0.25,XOR,2.0,1.0,0.0,0.8944271909999159,True,1.6,3,1,5,5,0,5,0,5,1,2.0,1.0,0.0,0.6324555320336759,0.0,3.7354925622419466,3.0,2.0,1.0,0.6324555320336759,0.0
4.316302991210571,FUZZY_OPTUNA_DARTS,0.0,2026-08-16_14-14-01,0.16666666666666666,XOR,2.0,0.8333333333333334,0.0,0.8975274678557507,True,1.6,3,1,5,5,1,6,0,6,2,2.0,0.8333333333333334,0.0,0.6871842709362768,0.0,4.316302991210571,3.0,1.6666666666666667,0.0,0.9428090415820634,0.0
4.6484460964568965,FUZZY_OPTUNA_DARTS,0.4333333333333333,2026-08-16_14-15-05,0.25,XOR,2.0,1.0,0.0,0.8944271909999159,True,1.5,2,1,5,5,0,5,0,5,1,2.0,1.0,0.0,0.8944271909999159,0.0,4.6484460964568965,4.0,2.0,1.0,1.0954451150103321,0.375
1.3856440591523589,FUZZY_OPTUNA_DARTS,0.0,2026-08-16_14-17-20,0.16666666666666666,XOR,2.0,1.0,0.0,0.9258200997725514,True,1.6666666666666667,3,1,6,7,1,7,0,7,2,3.0,1.0,0.0,1.0690449676496976,0.0,1.3856440591523589,3.0,2.0,0.0,1.0690449676496976,0.0
2.2182755206473344,FUZZY_OPTUNA_DARTS,0.0,2026-08-16_14-21-46,0.25,XOR,2.0,1.0,0.0,0.8944271909999159,True,1.6,3,1,5,5,0,5,0,5,1,2.0,1.0,0.0,0.8944271909999159,0.0,2.2182755206473344,3.0,2.0,1.0,0.6324555320336759,0.0
2.555865921787709,FUZZY_OPTUNA_DARTS,0.0,2026-08-16_14-49-06,0.15,XOR,2.0,0.6,0.0,0.8,True,1.5,2,1,4,3,1,5,0,5,2,1.0,0.6,0.0,0.4898979485566356,0.0,2.555865921787709,3.0,1.2,0.0,0.9797958971132712,0.0
1.5842407630698219,FUZZY_OPTUNA_DARTS,0.725,2026-08-16_14-51-20,0.2857142857142857,XOR,5.0,2.0,0.0,1.8027756377319946,False,1.4285714285714286,2,4,7,16,1,8,1,5,2,5.0,2.0,0.0,1.5811388300841898,0.375,1.5842407630698219,10.0,4.0,0.0,3.0413812651491097,0.5384615384615384
5.936835493300639,FUZZY_OPTUNA_DARTS,0.26666666666666666,2026-08-16_15-02-02,0.16666666666666666,XOR,5.0,1.3333333333333333,0.0,1.699673171197595,False,1.5238095238095237,3,1,7,12,2,9,1,9,3,3.0,1.3333333333333333,0.0,1.1547005383792515,0.0,5.936835493300639,7.0,2.6666666666666665,0.0,2.1081851067789197,0.41379310344827586
3.5494274098100105,FUZZY_OPTUNA_DARTS,0.6208333333333333,2026-08-16_15-06-43,0.4107142857142857,XOR,5.0,2.875,0.0,1.899835519196333,False,1.3928571428571428,2,5,8,23,0,8,2,4,1,5.0,2.875,0.0,1.4523687548277813,0.34782608695652173,3.5494274098100105,8.0,5.75,2.0,2.48746859276655,0.609375
1.1315248523659087,FUZZY_OPTUNA_DARTS,0.0,2026-08-16_15-12-39,0.16666666666666666,XOR,2.0,1.0,0.0,0.7559289460184545,False,2.0952380952380953,4,1,7,7,0,7,1,7,1,2.0,1.0,0.0,0.7559289460184545,0.0,1.1315248523659087,4.0,2.0,1.0,1.0690449676496976,0.0
1.2700004597542152,FUZZY_OPTUNA_DARTS,0.3555555555555555,2026-08-16_15-43-56,0.3194444444444444,XOR,6.0,2.5555555555555554,0.0,2.1659542988464366,False,1.4285714285714286,3,5,8,23,1,9,2,5,2,4.0,2.5555555555555554,0.0,1.640535895581489,0.34782608695652173,1.2700004597542152,10.0,5.111111111111111,0.0,2.8846122190549264,0.45
2.480659177737722,FUZZY_OPTUNA_DARTS,0.0,2026-08-16_15-50-10,0.3333333333333333,XOR,3.0,2.0,0.0,1.3093073414159544,False,1.5238095238095237,3,3,7,14,0,7,1,5,1,4.0,2.0,0.0,1.4142135623730951,0.2857142857142857,2.480659177737722,7.0,4.0,2.0,1.6035674514745464,0.0
4.026886199299929,FUZZY_OPTUNA_DARTS,0.0,2026-08-16_15-55-17,0.1,XOR,2.0,0.5,0.0,0.7637626158259734,True,1.5,2,1,4,3,2,6,0,6,3,1.0,0.5,0.0,0.5,0.0,4.026886199299929,3.0,1.0,0.0,1.0,0.0
2.2521423213718355,FUZZY_OPTUNA_DARTS,0.0,2026-08-16_16-22-11,0.26666666666666666,XOR,4.0,1.3333333333333333,0.0,1.3743685418725535,False,1.7333333333333334,3,3,6,8,0,6,0,4,1,2.0,1.3333333333333333,0.0,0.7453559924999299,0.5,2.2521423213718355,6.0,2.6666666666666665,1.0,1.699673171197595,0.0
1.1187692012809534,FUZZY_OPTUNA_DARTS,0.0,2026-08-16_16-17-00,0.16666666666666666,XOR,4.0,1.5,0.0,1.5652475842498528,False,1.6785714285714286,3,3,8,15,2,10,1,8,3,3.0,1.5,0.0,1.3601470508735443,0.26666666666666666,1.1187692012809534,6.0,3.0,0.0,2.0,0.0
2.307690718221932,FUZZY_OPTUNA_DARTS,0.0,2026-08-16_16-30-50,0.25,XOR,2.0,1.0,0.0,0.8944271909999159,True,1.6,3,1,5,5,0,5,0,5,1,2.0,1.0,0.0,0.8944271909999159,0.0,2.307690718221932,3.0,2.0,1.0,0.6324555320336759,0.0
0.9846188301492285,FUZZY_OPTUNA_DARTS,0.4259259259259259,2026-08-16_16-25-24,0.25,XOR,5.0,2.0,0.0,1.9436506316151,False,1.3333333333333333,2,3,7,18,2,9,2,7,3,4.0,2.0,0.0,1.8257418583505538,0.2222222222222222,0.9846188301492285,8.0,4.0,0.0,2.8674417556808756,0.5869565217391305
1.063564033575711,FUZZY_OPTUNA_DARTS,0.6666666666666666,2026-08-16_16-38-30,0.3,XOR,4.0,1.5,0.0,1.6072751268321592,False,1.3,2,2,5,9,1,6,1,5,2,3.0,1.5,0.0,1.118033988749895,0.2222222222222222,1.063564033575711,7.0,3.0,0.0,2.309401076758503,0.6
3.8906930001099655,FUZZY_OPTUNA_DARTS,0.0,2026-08-16_16-45-26,0.15,XOR,2.0,0.6,0.0,0.8,True,1.5,2,1,4,3,1,5,0,5,2,1.0,0.6,0.0,0.4898979485566356,0.0,3.8906930001099655,3.0,1.2,0.0,0.9797958971132712,0.0
1.3511710642880845,FUZZY_OPTUNA_DARTS,0.0,2026-08-16_17-01-06,0.16666666666666666,XOR,2.0,1.0,0.0,0.9258200997725514,True,1.6666666666666667,3,1,6,7,1,7,0,7,2,3.0,1.0,0.0,1.3093073414159544,0.0,1.3511710642880845,3.0,2.0,0.0,1.0690449676496976,0.0
2.1457367395105376,FUZZY_OPTUNA_DARTS,0.5296296296296297,2026-08-16_17-04-10,0.2638888888888889,XOR,6.0,2.111111111111111,0.0,2.1829869671542776,False,1.4642857142857142,3,4,8,19,1,9,2,6,2,4.0,2.111111111111111,0.0,1.4487116456005886,0.10526315789473684,2.1457367395105376,8.0,4.222222222222222,0.0,2.6152449546532934,0.6206896551724138
2.231174882006426,FUZZY_OPTUNA_DARTS,0.0,2026-08-16_17-23-22,0.15,XOR,2.0,0.6,0.0,0.8,True,1.5,2,1,4,3,1,5,0,5,2,1.0,0.6,0.0,0.4898979485566356,0.0,2.231174882006426,3.0,1.2,0.0,0.9797958971132712,0.0
0.8446717229993574,FUZZY_OPTUNA_DARTS,0.25,2026-08-16_17-24-42,0.3,XOR,4.0,1.5,0.0,1.3844373104863459,False,1.6,3,2,6,9,0,6,1,5,1,3.0,1.5,0.0,1.2583057392117916,0.2222222222222222,0.8446717229993574,7.0,3.0,1.0,1.9148542155126762,0.25
3.1037117357522757,FUZZY_OPTUNA_DARTS,0.0,2026-08-16_17-42-46,0.3,XOR,3.0,1.2,0.0,1.1661903789690602,False,1.6,3,1,5,6,0,5,1,5,1,2.0,1.2,0.0,0.7483314773547883,0.0,3.1037117357522757,4.0,2.4,1.0,1.019803902718557,0.0
1.158041903997981,FUZZY_OPTUNA_DARTS,0.5095238095238096,2026-08-16_18-08-05,0.38095238095238093,XOR,5.0,2.2857142857142856,0.0,1.8294640678379568,False,1.380952380952381,2,2,7,16,0,7,2,6,1,3.0,2.2857142857142856,0.0,1.0301575072754254,0.125,1.158041903997981,7.0,4.571428571428571,3.0,1.8405855323893037,0.47368421052631576
2.1051515763704445,FUZZY_OPTUNA_DARTS,0.0,2026-08-16_18-13-20,0.2,XOR,2.0,1.0,0.0,1.0,True,1.4,2,1,5,6,1,6,0,6,2,2.0,1.0,0.0,0.816496580927726,0.0,2.1051515763704445,3.0,2.0,0.0,1.0,0.0
0.8300055013770097,FUZZY_OPTUNA_DARTS,0.0,2026-08-16_18-20-06,0.11904761904761904,XOR,2.0,0.7142857142857143,0.0,0.8806305718527109,False,1.8,3,1,5,5,2,7,1,7,3,2.0,0.7142857142857143,0.0,0.6998542122237652,0.0,0.8300055013770097,3.0,1.4285714285714286,0.0,1.178030178747903,0.0
1.8372480312044737,FUZZY_OPTUNA_DARTS,0.5,2026-08-16_18-24-35,0.3,XOR,4.0,1.5,0.0,1.3844373104863459,True,1.4666666666666666,3,1,6,9,0,6,0,6,1,3.0,1.5,0.0,1.2583057392117916,0.0,1.8372480312044737,4.0,3.0,1.0,1.0,0.5714285714285714
1.1973323216359226,FUZZY_OPTUNA_DARTS,0.0,2026-08-16_18-25-50,0.15,XOR,2.0,0.6,0.0,0.8,True,1.5,2,1,4,3,1,5,0,5,2,1.0,0.6,0.0,0.4898979485566356,0.0,1.1973323216359226,3.0,1.2,0.0,0.9797958971132712,0.0
2.1183585855682248,FUZZY_OPTUNA_DARTS,0.0,2026-08-16_18-34-43,0.25,XOR,3.0,1.0,0.0,1.0954451150103321,False,1.6,2,2,5,5,0,5,0,4,1,2.0,1.0,0.0,0.6324555320336759,0.4,2.1183585855682248,5.0,2.0,1.0,1.5491933384829668,0.0
2.6474888465452944,FUZZY_OPTUNA_DARTS,0.0,2026-08-16_18-35-27,0.2,XOR,2.0,0.8,0.0,0.7483314773547883,False,1.5,2,1,4,4,0,5,1,5,2,1.0,0.8,0.0,0.4,0.0,2.6474888465452944,3.0,1.6,1.0,0.8,0.0
1.1124849784870656,FUZZY_OPTUNA_DARTS,0.0,2026-08-16_18-44-47,0.16666666666666666,XOR,2.0,0.8333333333333334,0.0,0.8975274678557507,True,1.6,3,1,5,5,1,6,0,6,2,2.0,0.8333333333333334,0.0,0.8975274678557507,0.0,1.1124849784870656,3.0,1.6666666666666667,0.0,0.9428090415820634,0.0
4.774289618887514,FUZZY_OPTUNA_DARTS,0.34074074074074073,2026-08-16_18-41-00,0.19444444444444445,XOR,4.0,1.5555555555555556,0.0,1.4989708403591158,False,1.380952380952381,2,2,7,14,2,9,0,8,3,4.0,1.5555555555555556,0.0,1.640535895581489,0.14285714285714285,4.774289618887514,5.0,3.111111111111111,0.0,1.9116278371205837,0.47368421052631576
0.8808062527992581,FUZZY_OPTUNA_DARTS,0.3416666666666666,2026-08-16_18-48-36,0.26785714285714285,XOR,6.0,1.875,0.0,1.964529205687714,False,1.619047619047619,3,4,7,15,1,8,2,5,2,4.0,1.875,0.0,1.4523687548277813,0.4,0.8808062527992581,9.0,3.75,0.0,3.031088913245535,0.48
0.8564108795545573,FUZZY_OPTUNA_DARTS,0.46666666666666656,2026-08-16_19-37-30,0.2777777777777778,XOR,4.0,2.2222222222222223,0.0,1.3966450099973928,False,1.5277777777777777,3,6,9,20,0,9,0,4,1,4.0,2.2222222222222223,0.0,1.1331154474650633,0.2,0.8564108795545573,7.0,4.444444444444445,2.0,1.4989708403591158,0.45
0.8800492807552648,FUZZY_OPTUNA_DARTS,0.6777777777777777,2026-08-16_20-10-00,0.4,XOR,5.0,2.0,0.0,1.9148542155126762,False,1.4,2,2,6,12,0,6,2,5,1,4.0,2.0,0.0,1.2909944487358056,0.16666666666666666,0.8800492807552648,8.0,4.0,1.0,2.3804761428476167,0.6521739130434783
2.0834831097712248,FUZZY_OPTUNA_DARTS,0.45416666666666666,2026-08-16_20-09-54,0.16071428571428573,XOR,3.0,1.125,0.0,1.2686114456365274,False,1.4666666666666666,2,1,6,9,2,8,1,8,3,3.0,1.125,0.0,1.2686114456365274,0.0,2.0834831097712248,5.0,2.25,0.0,1.713913650100261,0.5
8.774296462751293,FUZZY_OPTUNA_DARTS,0.3333333333333333,2026-08-16_20-23-16,0.35,XOR,4.0,1.4,0.0,1.4966629547095767,False,1.6,3,2,5,7,0,5,1,4,1,2.0,1.4,0.0,0.8,0.2857142857142857,8.774296462751293,6.0,2.8,1.0,1.9390719429665315,0.42857142857142855
5.317342625583828,FUZZY_OPTUNA_DARTS,0.3333333333333333,2026-08-16_20-23-53,0.35,XOR,4.0,1.4,0.0,1.4966629547095767,False,1.6,3,2,5,7,0,5,1,4,1,2.0,1.4,0.0,0.8,0.2857142857142857,5.317342625583828,6.0,2.8,1.0,1.9390719429665315,0.42857142857142855
0.9455073476023294,FUZZY_OPTUNA_DARTS,0.5962962962962962,2026-08-16_20-45-08,0.375,XOR,7.0,3.0,0.0,2.3570226039551585,False,1.25,2,5,8,27,1,9,2,5,2,5.0,3.0,0.0,1.8856180831641267,0.2962962962962963,0.9455073476023294,11.0,6.0,0.0,3.0912061651652345,0.7096774193548387
3.6300790575711055,FUZZY_OPTUNA_DARTS,0.380952380952381,2026-08-16_20-53-02,0.23809523809523808,XOR,5.0,1.4285714285714286,0.0,1.6781914463529615,False,1.4666666666666666,2,2,6,10,1,7,1,6,2,2.0,1.4285714285714286,0.0,0.9035079029052513,0.2,3.6300790575711055,7.0,2.857142857142857,0.0,2.0303814862216996,0.375
1.2166051723050553,FUZZY_OPTUNA_DARTS,0.7142857142857143,2026-08-16_21-05-09,0.2619047619047619,XOR,4.0,1.5714285714285714,0.0,1.498298354528788,False,1.3333333333333333,2,2,6,11,1,7,0,6,2,3.0,1.5714285714285714,0.0,1.178030178747903,0.18181818181818182,1.2166051723050553,6.0,3.142857142857143,0.0,1.8844151368961313,0.6428571428571429
2.597782135537321,FUZZY_OPTUNA_DARTS,0.3333333333333333,2026-08-16_21-28-06,0.25,XOR,3.0,1.0,0.0,1.0954451150103321,True,1.6,3,1,5,5,0,5,0,5,1,2.0,1.0,0.0,0.8944271909999159,0.0,2.597782135537321,3.0,2.0,1.0,0.8944271909999159,0.42857142857142855
3.2813090091223907,FUZZY_OPTUNA_DARTS,0.5133333333333334,2026-08-16_21-41-51,0.2777777777777778,XOR,5.0,2.5,0.0,1.746424919657298,False,1.4166666666666667,2,6,9,25,1,10,2,5,2,4.0,2.5,0.0,1.5,0.16,3.2813090091223907,9.0,5.0,0.0,2.6457513110645907,0.5795454545454546
1.207519548390686,FUZZY_OPTUNA_DARTS,0.0,2026-08-16_21-50-11,0.1,XOR,2.0,0.5,0.0,0.7637626158259734,True,1.5,2,1,4,3,2,6,0,6,3,1.0,0.5,0.0,0.5,0.0,1.207519548390686,3.0,1.0,0.0,1.0,0.0
3.5701550882862927,FUZZY_OPTUNA_DARTS,0.0,2026-08-16_21-50-47,0.1,XOR,2.0,0.5,0.0,0.7637626158259734,True,1.5,2,1,4,3,2,6,0,6,3,1.0,0.5,0.0,0.5,0.0,3.5701550882862927,3.0,1.0,0.0,1.0,0.0
1.6695500032023853,FUZZY_OPTUNA_DARTS,0.27083333333333337,2026-08-16_21-52-57,0.08928571428571429,XOR,2.0,0.625,0.0,0.8569568250501305,True,1.5,2,1,5,5,3,8,0,8,4,2.0,0.625,0.0,0.8569568250501305,0.0,1.6695500032023853,4.0,1.25,0.0,1.299038105676658,0.375
0.8808062527992581,FUZZY_OPTUNA_DARTS,0.7385714285714287,2026-08-16_21-50-32,0.26666666666666666,XOR,7.0,2.4,0.0,2.3323807579381204,False,1.4722222222222223,2,5,9,24,1,10,1,6,2,5.0,2.4,0.0,1.8,0.3333333333333333,0.8808062527992581,10.0,4.8,0.0,3.6,0.5294117647058824
3.9674719223586625,FUZZY_OPTUNA_DARTS,0.0,2026-08-16_22-00-03,0.15,XOR,2.0,0.6,0.0,0.8,True,1.5,2,1,4,3,1,5,0,5,2,1.0,0.6,0.0,0.4898979485566356,0.0,3.9674719223586625,3.0,1.2,0.0,0.9797958971132712,0.0
0.8636111642661738,FUZZY_OPTUNA_DARTS,0.4790476190476191,2026-08-16_21-56-32,0.25555555555555554,XOR,6.0,2.3,0.0,2.147091055358389,False,1.3571428571428572,2,5,8,23,2,10,2,6,3,4.0,2.3,0.0,1.6155494421403511,0.2608695652173913,0.8636111642661738,10.0,4.6,0.0,3.006659275674582,0.5652173913043478
2.821568657805246,FUZZY_OPTUNA_DARTS,0.425,2026-08-16_22-17-55,0.30357142857142855,XOR,6.0,2.125,0.0,2.1469455046647083,False,1.4761904761904763,3,4,7,17,1,8,1,5,2,4.0,2.125,0.0,1.4523687548277813,0.47058823529411764,2.821568657805246,10.0,4.25,0.0,3.031088913245535,0.5142857142857142
2.161600930960407,FUZZY_OPTUNA_DARTS,0.0,2026-08-16_22-23-49,0.2,XOR,3.0,1.0,0.0,1.1547005383792515,False,1.6,3,1,5,6,1,6,1,6,2,2.0,1.0,0.0,0.816496580927726,0.0,2.161600930960407,5.0,2.0,0.0,1.5275252316519468,0.0
1.9097351479187314,FUZZY_OPTUNA_DARTS,0.0,2026-08-16_23-09-23,0.14285714285714285,XOR,2.0,0.8571428571428571,0.0,0.832993127835043,True,1.8,3,1,6,6,1,7,0,7,2,3.0,0.8571428571428571,0.0,1.124858267715973,0.0,1.9097351479187314,3.0,1.7142857142857142,0.0,1.0301575072754254,0.0
1.9224960492708258,FUZZY_OPTUNA_DARTS,0.5507936507936507,2026-08-16_23-20-36,0.3888888888888889,XOR,6.0,3.111111111111111,0.0,1.9116278371205837,False,1.3611111111111112,2,6,9,28,0,9,3,4,1,5.0,3.111111111111111,0.0,1.3698697784375504,0.14285714285714285,1.9224960492708258,9.0,6.222222222222222,3.0,1.9309052441091963,0.57
3.873047276354025,FUZZY_OPTUNA_DARTS,0.0,2026-08-16_23-35-44,0.15,XOR,2.0,0.6,0.0,0.8,True,1.5,2,1,4,3,1,5,0,5,2,1.0,0.6,0.0,0.4898979485566356,0.0,3.873047276354025,3.0,1.2,0.0,0.9797958971132712,0.0
1.5179622139312128,FUZZY_OPTUNA_DARTS,0.0,2026-08-16_23-38-06,0.1111111111111111,XOR,5.0,1.0,0.0,1.6124515496597098,False,1.8095238095238095,4,2,7,10,3,10,1,9,4,2.0,1.0,0.0,0.8944271909999159,0.2,1.5179622139312128,6.0,2.0,0.0,2.0,0.0
1.7092456254193011,FUZZY_OPTUNA_DARTS,0.0,2026-08-16_23-50-55,0.2,XOR,2.0,0.8,0.0,0.7483314773547883,True,1.6,2,1,5,4,0,5,0,5,1,2.0,0.8,0.0,0.7483314773547883,0.0,1.7092456254193011,4.0,1.6,1.0,1.2,0.0
1.0656177628638606,FUZZY_OPTUNA_DARTS,0.0,2026-08-17_00-02-51,0.26666666666666666,XOR,2.0,1.3333333333333333,0.0,0.9428090415820634,True,1.5333333333333334,3,1,6,8,0,6,0,6,1,3.0,1.3333333333333333,0.0,1.247219128924647,0.0,1.0656177628638606,3.0,2.6666666666666665,2.0,0.4714045207910317,0.0
2.087896284207903,FUZZY_OPTUNA_DARTS,0.0,2026-08-17_00-09-41,0.2,XOR,2.0,0.8,0.0,0.7483314773547883,True,1.6,2,1,5,4,0,5,0,5,1,2.0,0.8,0.0,0.7483314773547883,0.0,2.087896284207903,4.0,1.6,1.0,1.2,0.0
0.992917778366327,FUZZY_OPTUNA_DARTS,0.6,2026-08-17_00-31-44,0.35,XOR,4.0,1.4,0.0,1.4966629547095767,False,1.4,2,1,5,7,0,5,1,5,1,2.0,1.4,0.0,0.8,0.0,0.992917778366327,5.0,2.8,1.0,1.469693845669907,0.5454545454545454
4.253707692888363,FUZZY_OPTUNA_DARTS,0.0,2026-08-17_00-31-38,0.23809523809523808,XOR,3.0,1.4285714285714286,0.0,1.2936264483053452,False,1.4666666666666666,2,3,6,10,1,7,0,5,2,2.0,1.4285714285714286,0.0,0.9035079029052513,0.4,4.253707692888363,5.0,2.857142857142857,0.0,1.7261494247992246,0.0
0.8629729303440875,FUZZY_OPTUNA_DARTS,0.25,2026-08-17_00-45-13,0.26666666666666666,XOR,2.0,1.3333333333333333,0.0,0.9428090415820634,False,1.6,3,2,6,8,0,6,0,5,1,2.0,1.3333333333333333,0.0,0.7453559924999299,0.25,0.8629729303440875,4.0,2.6666666666666665,1.0,1.1055415967851332,0.25
2.9696496585913565,FUZZY_OPTUNA_DARTS,0.5142857142857142,2026-08-17_00-44-52,0.30952380952380953,XOR,5.0,1.8571428571428572,0.0,1.8070158058105026,False,1.2666666666666666,2,2,6,13,1,7,1,6,2,3.0,1.8571428571428572,0.0,1.2453996981544782,0.15384615384615385,2.9696496585913565,8.0,3.7142857142857144,0.0,2.249716535431946,0.5806451612903226
0.8585676432772226,FUZZY_OPTUNA_DARTS,0.0,2026-08-17_00-49-24,0.26666666666666666,XOR,3.0,1.3333333333333333,0.0,1.1055415967851332,False,1.7333333333333334,3,2,6,8,0,6,1,5,1,3.0,1.3333333333333333,0.0,0.9428090415820634,0.25,0.8585676432772226,5.0,2.6666666666666665,1.0,1.699673171197595,0.0
0.8378071601315846,FUZZY_OPTUNA_DARTS,0.5458333333333333,2026-08-17_00-53-00,0.30357142857142855,XOR,5.0,2.125,0.0,1.8328597873268975,False,1.380952380952381,2,4,7,17,1,8,1,5,2,4.0,2.125,0.0,1.3635890143294642,0.35294117647058826,0.8378071601315846,7.0,4.25,0.0,2.48746859276655,0.5121951219512195
1.568848351368889,FUZZY_OPTUNA_DARTS,0.33333333333333337,2026-08-17_01-01-53,0.14285714285714285,XOR,4.0,1.0,0.0,1.5,False,1.6,3,2,6,8,2,8,0,7,3,2.0,1.0,0.0,0.8660254037844386,0.25,1.568848351368889,5.0,2.0,0.0,1.8708286933869707,0.42857142857142855
1.0131266803281211,FUZZY_OPTUNA_DARTS,0.22499999999999998,2026-08-17_01-10-08,0.2857142857142857,XOR,5.0,2.0,0.0,1.7320508075688772,False,1.4285714285714286,2,4,7,16,1,8,1,5,2,4.0,2.0,0.0,1.3228756555322954,0.375,1.0131266803281211,9.0,4.0,0.0,2.5,0.28125
4.605259348131474,FUZZY_OPTUNA_DARTS,0.4444444444444444,2026-08-17_01-28-34,0.4,XOR,5.0,2.0,0.0,1.7320508075688772,False,1.3333333333333333,2,2,6,12,0,6,1,5,1,3.0,2.0,0.0,1.0,0.16666666666666666,4.605259348131474,7.0,4.0,2.0,1.632993161855452,0.48
1.465713636267532,FUZZY_OPTUNA_DARTS,0.8095238095238094,2026-08-17_01-38-34,0.40476190476190477,XOR,5.0,2.4285714285714284,0.0,1.7612611437054218,False,1.380952380952381,2,4,7,17,0,7,1,4,1,5.0,2.4285714285714284,0.0,1.498298354528788,0.35294117647058826,1.465713636267532,10.0,4.857142857142857,2.0,2.747912008810192,0.627906976744186
1.905825452229887,FUZZY_OPTUNA_DARTS,0.0,2026-08-17_01-47-19,0.17857142857142858,XOR,3.0,1.25,0.0,1.299038105676658,False,1.4666666666666666,2,3,6,10,2,8,0,6,3,2.0,1.25,0.0,0.9682458365518543,0.4,1.905825452229887,5.0,2.5,0.0,1.8708286933869707,0.0
1.3016255243575647,FUZZY_OPTUNA_DARTS,0.42857142857142855,2026-08-17_01-50-16,0.16666666666666666,XOR,4.0,1.0,0.0,1.4142135623730951,False,1.4,2,1,5,7,2,7,1,7,3,2.0,1.0,0.0,0.9258200997725514,0.0,1.3016255243575647,5.0,2.0,0.0,1.7728105208558367,0.5454545454545454
0.9894710721495782,FUZZY_OPTUNA_DARTS,0.40952380952380946,2026-08-17_01-53-16,0.30952380952380953,XOR,4.0,1.8571428571428572,0.0,1.5518257844571737,False,1.619047619047619,3,4,7,13,0,7,0,4,1,3.0,1.8571428571428572,0.0,1.124858267715973,0.46153846153846156,0.9894710721495782,7.0,3.7142857142857144,1.0,2.0503857277724746,0.48
1.0665657766965508,FUZZY_OPTUNA_DARTS,0.4444444444444445,2026-08-17_01-56-59,0.23333333333333334,XOR,3.0,1.1666666666666667,0.0,1.3437096247164249,True,1.6,3,1,6,7,0,6,0,6,1,2.0,1.1666666666666667,0.0,0.6871842709362768,0.0,1.0665657766965508,4.0,2.3333333333333335,1.0,1.247219128924647,0.42857142857142855
1.7965157327765753,FUZZY_OPTUNA_DARTS,0.6407407407407407,2026-08-17_01-55-59,0.3194444444444444,XOR,5.0,2.5555555555555554,0.0,1.7069212773041351,False,1.4722222222222223,2,6,9,23,0,9,1,4,1,4.0,2.5555555555555554,0.0,1.2570787221094177,0.2608695652173913,1.7965157327765753,8.0,5.111111111111111,2.0,2.0245407953653998,0.5
6.151913320846923,FUZZY_OPTUNA_DARTS,0.3055555555555555,2026-08-17_02-09-34,0.3333333333333333,XOR,3.0,1.6666666666666667,0.0,1.3743685418725535,False,1.5333333333333334,3,2,6,10,0,6,1,5,1,3.0,1.6666666666666667,0.0,1.1055415967851332,0.2,6.151913320846923,6.0,3.3333333333333335,1.0,1.5986105077709065,0.375
6.538803179178158,FUZZY_OPTUNA_DARTS,0.0,2026-08-17_02-26-49,0.07142857142857142,XOR,2.0,0.42857142857142855,0.0,0.7284313590846836,True,1.5,2,1,4,3,3,7,0,7,4,1.0,0.42857142857142855,0.0,0.4948716593053935,0.0,6.538803179178158,3.0,0.8571428571428571,0.0,0.989743318610787,0.0
1.3357657731378505,FUZZY_OPTUNA_DARTS,0.5416666666666666,2026-08-17_02-34-07,0.30357142857142855,XOR,6.0,2.125,0.0,2.1469455046647083,False,1.5714285714285714,3,4,7,17,1,8,2,5,2,3.0,2.125,0.0,1.2686114456365274,0.47058823529411764,1.3357657731378505,9.0,4.25,0.0,3.031088913245535,0.6206896551724138
3.850536924963891,FUZZY_OPTUNA_DARTS,0.3333333333333333,2026-08-17_02-35-45,0.17857142857142858,XOR,4.0,1.25,0.0,1.479019945774904,False,1.4666666666666666,2,1,6,10,2,8,2,8,3,3.0,1.25,0.0,1.0897247358851685,0.0,3.850536924963891,6.0,2.5,0.0,1.9364916731037085,0.375
6.842710051330768,FUZZY_OPTUNA_DARTS,0.0,2026-08-17_02-44-46,0.13333333333333333,XOR,2.0,0.6666666666666666,0.0,0.7453559924999299,False,1.3333333333333333,2,1,3,4,1,6,1,6,3,1.0,0.6666666666666666,0.0,0.4714045207910317,0.0,6.842710051330768,3.0,1.3333333333333333,0.0,0.9428090415820634,0.0
0.8920149147307055,FUZZY_OPTUNA_DARTS,0.625952380952381,2026-08-17_02-57-42,0.3333333333333333,XOR,7.0,3.0,0.0,2.4083189157584592,False,1.3611111111111112,2,6,9,30,1,10,2,5,2,5.0,3.0,0.0,1.6733200530681511,0.3333333333333333,0.8920149147307055,10.0,6.0,0.0,3.255764119219941,0.6226415094339622
0.911357563404622,FUZZY_OPTUNA_DARTS,0.8,2026-08-17_03-41-24,0.4,XOR,4.0,1.6,0.0,1.4966629547095767,False,1.3,2,1,5,8,0,5,1,5,1,2.0,1.6,0.0,0.8,0.0,0.911357563404622,6.0,3.2,2.0,1.6,0.6
4.910182135923367,FUZZY_OPTUNA_DARTS,0.6523809523809524,2026-08-17_03-45-31,0.2857142857142857,XOR,5.0,1.7142857142857142,0.0,1.749635530559413,False,1.4,2,3,6,12,1,7,2,5,2,3.0,1.7142857142857142,0.0,1.1605769149479943,0.16666666666666666,4.910182135923367,8.0,3.4285714285714284,0.0,2.498979383505129,0.5454545454545454
4.300189289876706,FUZZY_OPTUNA_DARTS,0.4444444444444444,2026-08-17_04-01-59,0.3,XOR,4.0,1.5,0.0,1.3844373104863459,False,1.4666666666666666,2,1,6,9,0,6,1,6,1,2.0,1.5,0.0,0.7637626158259734,0.0,4.300189289876706,6.0,3.0,2.0,1.5275252316519468,0.375
9.669093466206874,FUZZY_OPTUNA_DARTS,0.4444444444444444,2026-08-17_04-03-42,0.2,XOR,3.0,1.0,0.0,1.1547005383792515,True,1.5,3,1,5,6,1,6,0,6,2,3.0,1.0,0.0,1.1547005383792515,0.0,9.669093466206874,3.0,2.0,0.0,1.1547005383792515,0.6
1.122821630827099,FUZZY_OPTUNA_DARTS,0.0,2026-08-17_04-09-26,0.23214285714285715,XOR,3.0,1.625,0.0,1.4086784586980805,False,1.619047619047619,3,1,7,13,1,8,3,8,2,3.0,1.625,0.0,1.1110243021644486,0.0,1.122821630827099,6.0,3.25,0.0,1.920286436967152,0.0
0.9445286270931958,FUZZY_OPTUNA_DARTS,0.6507142857142857,2026-08-17_04-09-42,0.3111111111111111,XOR,8.0,2.8,0.0,2.4,False,1.4166666666666667,2,6,9,28,1,10,3,5,2,5.0,2.8,0.0,1.8867962264113207,0.2857142857142857,0.9445286270931958,13.0,5.6,0.0,3.666060555964672,0.5934065934065934
0.8860112953435421,FUZZY_OPTUNA_DARTS,0.48518518518518516,2026-08-17_04-32-21,0.3194444444444444,XOR,4.0,2.5555555555555554,0.0,1.5713484026367723,False,1.5833333333333333,3,5,9,23,0,9,1,5,1,5.0,2.5555555555555554,0.0,1.8324913891634047,0.34782608695652173,0.8860112953435421,9.0,5.111111111111111,1.0,2.5579698740491863,0.5
1.8830742638272862,FUZZY_OPTUNA_DARTS,0.0,2026-08-17_04-39-55,0.16666666666666666,XOR,2.0,0.8333333333333334,0.0,0.8975274678557507,True,1.6,3,1,5,5,1,6,0,6,2,2.0,0.8333333333333334,0.0,0.8975274678557507,0.0,1.8830742638272862,3.0,1.6666666666666667,0.0,0.9428090415820634,0.0
8.61711078127779,FUZZY_OPTUNA_DARTS,0.17037037037037037,2026-08-17_04-35-49,0.20833333333333334,XOR,4.0,1.6666666666666667,0.0,1.563471919941143,False,1.4761904761904763,2,4,7,15,2,9,2,6,3,3.0,1.6666666666666667,0.0,1.247219128924647,0.26666666666666666,8.61711078127779,6.0,3.3333333333333335,0.0,2.494438257849294,0.20689655172413793
1.0860981901570106,FUZZY_OPTUNA_DARTS,0.5833333333333333,2026-08-17_04-49-27,0.3888888888888889,XOR,7.0,3.5,0.0,2.6172504656604803,False,1.3055555555555556,2,6,9,35,1,10,4,5,2,5.0,3.5,0.0,1.91049731745428,0.34285714285714286,1.0860981901570106,12.0,7.0,0.0,3.7416573867739413,0.7073170731707317
0.8746702536413119,FUZZY_OPTUNA_DARTS,0.3259259259259259,2026-08-17_04-52-49,0.3194444444444444,XOR,5.0,2.5555555555555554,0.0,2.006163342807532,False,1.5714285714285714,3,5,8,23,1,9,3,5,2,4.0,2.5555555555555554,0.0,1.640535895581489,0.5217391304347826,0.8746702536413119,9.0,5.111111111111111,0.0,3.381138678822875,0.42857142857142855
5.620364191217052,FUZZY_OPTUNA_DARTS,0.8,2026-08-17_05-17-45,0.4,XOR,3.0,1.6,0.0,1.3564659966250536,False,1.3,2,1,5,8,0,5,1,5,1,3.0,1.6,0.0,1.019803902718557,0.0,5.620364191217052,6.0,3.2,2.0,1.6,0.6
1.1714322070846264,FUZZY_OPTUNA_DARTS,0.5708333333333333,2026-08-17_05-15-43,0.25,XOR,6.0,1.75,0.0,1.920286436967152,False,1.4285714285714286,2,1,7,14,1,8,2,8,2,3.0,1.75,0.0,1.1989578808281798,0.0,1.1714322070846264,8.0,3.5,0.0,2.179449471770337,0.5294117647058824
2.124725788135486,FUZZY_OPTUNA_DARTS,0.4444444444444444,2026-08-17_05-25-41,0.26666666666666666,XOR,4.0,1.3333333333333333,0.0,1.4907119849998598,False,1.5,3,2,5,8,1,6,1,5,2,3.0,1.3333333333333333,0.0,1.1055415967851332,0.25,2.124725788135486,6.0,2.6666666666666665,0.0,1.9720265943665387,0.6
0.8633551250086366,FUZZY_OPTUNA_DARTS,0.6291666666666667,2026-08-17_05-39-00,0.23214285714285715,XOR,4.0,1.625,0.0,1.7275343701356567,False,1.2666666666666666,2,3,6,13,2,8,2,6,3,3.0,1.625,0.0,1.3169567191065923,0.0,0.8633551250086366,7.0,3.25,0.0,2.436698586202241,0.7272727272727273
1.3761030848565676,FUZZY_OPTUNA_DARTS,0.7058201058201058,2026-08-17_05-44-57,0.3472222222222222,XOR,6.0,2.7777777777777777,0.0,2.096440251568134,False,1.2857142857142858,2,5,8,25,1,9,3,5,2,5.0,2.7777777777777777,0.0,1.6850834320114556,0.16,1.3761030848565676,11.0,5.555555555555555,0.0,3.0590888662080453,0.7325581395348837
1.6277414125652516,FUZZY_OPTUNA_DARTS,0.6055555555555555,2026-08-17_05-52-30,0.26666666666666666,XOR,3.0,1.3333333333333333,0.0,1.1055415967851332,True,1.4666666666666666,2,1,6,8,0,6,0,6,1,3.0,1.3333333333333333,0.0,1.1055415967851332,0.0,1.6277414125652516,5.0,2.6666666666666665,1.0,1.247219128924647,0.5
1.5477316558058147,FUZZY_OPTUNA_DARTS,0.21904761904761907,2026-08-17_05-57-26,0.35714285714285715,XOR,4.0,2.142857142857143,0.0,1.5518257844571737,False,1.4761904761904763,2,4,7,15,0,7,1,4,1,3.0,2.142857142857143,0.0,0.989743318610787,0.4,1.5477316558058147,7.0,4.285714285714286,2.0,1.9059520091609048,0.20689655172413793
0.8881176730594208,FUZZY_OPTUNA_DARTS,0.4916666666666667,2026-08-17_06-03-08,0.30357142857142855,XOR,4.0,2.125,0.0,1.7633419974582356,False,1.380952380952381,2,4,7,17,1,8,1,5,2,5.0,2.125,0.0,1.6153559979150107,0.35294117647058826,0.8881176730594208,7.0,4.25,0.0,2.222048604328897,0.6153846153846154
1.2012917520091753,FUZZY_OPTUNA_DARTS,0.5458333333333333,2026-08-17_06-09-05,0.21428571428571427,XOR,4.0,1.5,0.0,1.5,False,1.5714285714285714,3,1,7,12,1,8,2,8,2,3.0,1.5,0.0,1.224744871391589,0.0,1.2012917520091753,7.0,3.0,0.0,2.1213203435596424,0.46153846153846156
1.0030862286453794,FUZZY_OPTUNA_DARTS,0.7666666666666666,2026-08-17_06-15-00,0.4,XOR,4.0,1.6,0.0,1.4966629547095767,False,1.3,2,1,5,8,0,5,1,5,1,3.0,1.6,0.0,1.019803902718557,0.0,1.0030862286453794,5.0,3.2,2.0,1.1661903789690602,0.6428571428571429
1.173367622128086,FUZZY_OPTUNA_DARTS,0.6666666666666667,2026-08-17_06-15-15,0.39285714285714285,XOR,6.0,2.75,0.0,2.165063509461097,False,1.5357142857142858,3,5,8,22,0,8,1,4,1,5.0,2.75,0.0,1.5612494995995996,0.6363636363636364,1.173367622128086,11.0,5.5,1.0,3.5,0.5869565217391305
0.9593393864605292,FUZZY_OPTUNA_DARTS,0.6,2026-08-17_06-44-57,0.4,XOR,4.0,1.6,0.0,1.624807680927192,False,1.4,2,2,5,8,0,5,1,4,1,2.0,1.6,0.0,0.8,0.25,0.9593393864605292,6.0,3.2,1.0,1.9390719429665315,0.5454545454545454
1.613831445717839,FUZZY_OPTUNA_DARTS,0.4444444444444445,2026-08-17_06-47-01,0.23333333333333334,XOR,4.0,1.1666666666666667,0.0,1.4624940645653537,True,1.6,3,1,6,7,0,6,0,6,1,2.0,1.1666666666666667,0.0,0.8975274678557507,0.0,1.613831445717839,4.0,2.3333333333333335,1.0,1.247219128924647,0.42857142857142855
1.2670179034528497,FUZZY_OPTUNA_DARTS,0.8591269841269842,2026-08-17_07-19-40,0.5,XOR,8.0,4.5,0.0,2.765863337187866,False,1.288888888888889,2,7,10,45,0,10,5,4,1,7.0,4.5,0.0,2.0124611797498106,0.35555555555555557,1.2670179034528497,13.0,9.0,3.0,3.4351128074635335,0.796875
1.0890995949583684,FUZZY_OPTUNA_DARTS,0.8333333333333334,2026-08-17_07-29-21,0.3392857142857143,XOR,5.0,2.375,0.0,1.79843682124227,False,1.3571428571428572,2,1,8,19,0,8,1,8,1,4.0,2.375,0.0,1.3169567191065923,0.0,1.0890995949583684,8.0,4.75,2.0,1.920286436967152,0.7397260273972602
0.817350496265597,FUZZY_OPTUNA_DARTS,0.23703703703703705,2026-08-17_07-39-28,0.20833333333333334,XOR,4.0,1.6666666666666667,0.0,1.632993161855452,False,1.380952380952381,2,3,7,15,2,9,0,7,3,3.0,1.6666666666666667,0.0,1.247219128924647,0.26666666666666666,0.817350496265597,7.0,3.3333333333333335,0.0,2.2110831935702664,0.3157894736842105
1.3855662183687163,FUZZY_OPTUNA_DARTS,0.0,2026-08-17_07-59-31,0.25,XOR,3.0,1.0,0.0,1.0954451150103321,False,1.8,3,2,5,5,0,5,0,4,1,2.0,1.0,0.0,0.6324555320336759,0.4,1.3855662183687163,4.0,2.0,1.0,1.2649110640673518,0.0
1.0734440746854006,FUZZY_OPTUNA_DARTS,0.2777777777777778,2026-08-17_08-00-05,0.3333333333333333,XOR,3.0,1.6666666666666667,0.0,1.247219128924647,False,1.4,2,1,6,10,0,6,1,6,1,3.0,1.6666666666666667,0.0,1.247219128924647,0.0,1.0734440746854006,6.0,3.3333333333333335,2.0,1.3743685418725535,0.3
1.1869613078927779,FUZZY_OPTUNA_DARTS,0.0,2026-08-17_08-12-55,0.2,XOR,2.0,0.8,0.0,0.7483314773547883,True,1.8,3,1,5,4,0,5,0,5,1,2.0,0.8,0.0,0.7483314773547883,0.0,1.1869613078927779,3.0,1.6,1.0,0.8,0.0
4.793688381733488,FUZZY_OPTUNA_DARTS,0.7222222222222222,2026-08-17_08-14-04,0.43333333333333335,XOR,5.0,2.1666666666666665,0.0,1.7716909687891083,False,1.4666666666666666,3,3,6,13,0,6,2,4,1,3.0,2.1666666666666665,0.0,1.0671873729054748,0.3076923076923077,4.793688381733488,8.0,4.333333333333333,2.0,1.9720265943665387,0.6
8.528572732421406,FUZZY_OPTUNA_DARTS,0.5,2026-08-17_08-17-22,0.23333333333333334,XOR,4.0,1.1666666666666667,0.0,1.4624940645653537,False,1.4,2,1,5,7,1,6,1,6,2,2.0,1.1666666666666667,0.0,0.8975274678557507,0.0,8.528572732421406,5.0,2.3333333333333335,0.0,1.699673171197595,0.5454545454545454
0.9386966128317387,FUZZY_OPTUNA_DARTS,0.49259259259259264,2026-08-17_08-13-07,0.3333333333333333,XOR,5.0,2.6666666666666665,0.0,2.0548046676563256,False,1.3928571428571428,2,5,8,24,1,9,3,5,2,5.0,2.6666666666666665,0.0,1.632993161855452,0.3333333333333333,0.9386966128317387,10.0,5.333333333333333,0.0,3.2317865716108862,0.4918032786885246
1.0864098999262812,FUZZY_OPTUNA_DARTS,0.0,2026-08-17_08-32-00,0.16666666666666666,XOR,2.0,0.8333333333333334,0.0,0.8975274678557507,True,1.6,3,1,5,5,1,6,0,6,2,2.0,0.8333333333333334,0.0,0.8975274678557507,0.0,1.0864098999262812,3.0,1.6666666666666667,0.0,0.9428090415820634,0.0
1.7488082286356763,FUZZY_OPTUNA_DARTS,0.0,2026-08-17_08-38-35,0.15,XOR,2.0,0.6,0.0,0.8,True,1.6666666666666667,3,1,4,3,1,5,0,5,2,1.0,0.6,0.0,0.4898979485566356,0.0,1.7488082286356763,2.0,1.2,0.0,0.7483314773547883,0.0
2.477826141790732,FUZZY_OPTUNA_DARTS,0.0,2026-08-17_08-39-20,0.23809523809523808,XOR,3.0,1.4285714285714286,0.0,1.178030178747903,True,1.5238095238095237,2,1,7,10,0,7,0,7,1,3.0,1.4285714285714286,0.0,1.0497813183356477,0.0,2.477826141790732,3.0,2.857142857142857,2.0,0.3499271061118826,0.0
1.2005056019458638,FUZZY_OPTUNA_DARTS,0.0,2026-08-17_08-43-03,0.23809523809523808,XOR,3.0,1.4285714285714286,0.0,1.0497813183356477,True,1.619047619047619,3,1,7,10,0,7,0,7,1,3.0,1.4285714285714286,0.0,0.9035079029052513,0.0,1.2005056019458638,4.0,2.857142857142857,2.0,0.6388765649999399,0.0
4.236067438539111,FUZZY_OPTUNA_DARTS,0.6,2026-08-17_08-55-44,0.4,XOR,3.0,1.6,0.0,1.3564659966250536,False,1.4,2,2,5,8,0,5,1,4,1,3.0,1.6,0.0,1.019803902718557,0.25,4.236067438539111,6.0,3.2,1.0,1.9390719429665315,0.5454545454545454
1.5277484397481038,FUZZY_OPTUNA_DARTS,0.49523809523809526,2026-08-17_08-56-45,0.30952380952380953,XOR,4.0,1.8571428571428572,0.0,1.355261854357877,False,1.4285714285714286,2,2,7,13,0,7,0,6,1,3.0,1.8571428571428572,0.0,1.2453996981544782,0.15384615384615385,1.5277484397481038,6.0,3.7142857142857144,2.0,1.385051387833237,0.45454545454545453
3.302760462716974,FUZZY_OPTUNA_DARTS,0.0,2026-08-17_09-09-25,0.15,XOR,2.0,0.6,0.0,0.8,True,1.5,2,1,4,3,1,5,0,5,2,1.0,0.6,0.0,0.4898979485566356,0.0,3.302760462716974,3.0,1.2,0.0,0.9797958971132712,0.0
2.7948485817588113,FUZZY_OPTUNA_DARTS,0.6458333333333334,2026-08-17_09-13-29,0.44642857142857145,XOR,7.0,3.125,0.0,2.2603926650031405,False,1.3928571428571428,2,5,8,25,0,8,2,4,1,5.0,3.125,0.0,1.4523687548277813,0.48,2.7948485817588113,11.0,6.25,2.0,2.947456530637899,0.65625
1.3322586796726323,FUZZY_OPTUNA_DARTS,0.3333333333333333,2026-08-17_09-18-25,0.3,XOR,3.0,1.2,0.0,1.1661903789690602,False,1.6,3,2,5,6,0,5,0,4,1,2.0,1.2,0.0,0.7483314773547883,0.3333333333333333,1.3322586796726323,4.0,2.4,1.0,1.3564659966250536,0.42857142857142855
2.5555161890377693,FUZZY_OPTUNA_DARTS,0.0,2026-08-17_09-25-16,0.15,XOR,2.0,0.6,0.0,0.8,True,1.5,2,1,4,3,1,5,0,5,2,1.0,0.6,0.0,0.4898979485566356,0.0,2.5555161890377693,3.0,1.2,0.0,0.9797958971132712,0.0
2.071256185377698,FUZZY_OPTUNA_DARTS,0.25,2026-08-17_09-25-52,0.4,XOR,4.0,2.0,0.0,1.5275252316519468,False,1.6,3,3,6,12,0,6,2,4,1,3.0,2.0,0.0,1.1547005383792515,0.5,2.071256185377698,7.0,4.0,1.0,2.3804761428476167,0.25
6.579282639592802,FUZZY_OPTUNA_DARTS,0.1733333333333333,2026-08-17_09-27-31,0.18888888888888888,XOR,5.0,1.7,0.0,1.6155494421403511,False,1.5714285714285714,3,2,8,17,2,10,2,9,3,4.0,1.7,0.0,1.6155494421403511,0.11764705882352941,6.579282639592802,7.0,3.4,0.0,2.244994432064365,0.2926829268292683
6.550415661860815,FUZZY_OPTUNA_DARTS,0.4333333333333333,2026-08-17_09-50-40,0.35,XOR,3.0,1.4,0.0,1.3564659966250536,False,1.5,2,2,5,7,0,5,1,4,1,2.0,1.4,0.0,0.8,0.2857142857142857,6.550415661860815,5.0,2.8,1.0,1.833030277982336,0.375
0.8911862851917542,FUZZY_OPTUNA_DARTS,0.0,2026-08-17_09-52-18,0.3,XOR,2.0,1.2,0.0,0.9797958971132712,True,1.4,2,1,5,6,0,5,0,5,1,2.0,1.2,0.0,0.7483314773547883,0.0,0.8911862851917542,3.0,2.4,2.0,0.4898979485566356,0.0
1.6453944531964186,FUZZY_OPTUNA_DARTS,0.4777777777777778,2026-08-17_10-29-45,0.3,XOR,4.0,1.5,0.0,1.3844373104863459,False,1.5333333333333334,2,3,6,9,0,6,0,4,1,3.0,1.5,0.0,0.9574271077563381,0.4444444444444444,1.6453944531964186,6.0,3.0,1.0,1.9148542155126762,0.4
0.8031906842120871,FUZZY_OPTUNA_DARTS,0.20833333333333331,2026-08-17_10-42-56,0.17857142857142858,XOR,3.0,1.25,0.0,1.0897247358851685,False,1.9047619047619047,4,4,7,10,1,8,0,5,2,3.0,1.25,0.0,0.9682458365518543,0.4,0.8031906842120871,5.0,2.5,0.0,1.8027756377319946,0.4
2.1671793864688125,FUZZY_OPTUNA_DARTS,0.6,2026-08-17_11-06-35,0.4,XOR,3.0,1.6,0.0,1.3564659966250536,False,1.4,2,2,5,8,0,5,1,4,1,3.0,1.6,0.0,1.019803902718557,0.25,2.1671793864688125,6.0,3.2,1.0,1.9390719429665315,0.5454545454545454
1.2144710114234885,FUZZY_OPTUNA_DARTS,0.375,2026-08-17_11-08-06,0.14285714285714285,XOR,4.0,1.0,0.0,1.5,False,1.4,2,2,5,8,3,8,1,7,4,2.0,1.0,0.0,1.0,0.25,1.2144710114234885,6.0,2.0,0.0,2.179449471770337,0.5454545454545454
1.2230558276302912,FUZZY_OPTUNA_DARTS,0.2533333333333333,2026-08-17_11-16-31,0.17777777777777778,XOR,4.0,1.6,0.0,1.6852299546352718,False,1.5238095238095237,3,4,7,16,3,10,0,7,4,3.0,1.6,0.0,1.42828568570857,0.625,1.2230558276302912,7.0,3.2,0.0,2.85657137141714,0.41379310344827586
3.5502415657791038,FUZZY_OPTUNA_DARTS,0.27777777777777773,2026-08-17_11-23-04,0.23333333333333334,XOR,4.0,1.1666666666666667,0.0,1.4624940645653537,False,1.6,3,2,5,7,1,6,1,5,2,2.0,1.1666666666666667,0.0,0.8975274678557507,0.2857142857142857,3.5502415657791038,6.0,2.3333333333333335,0.0,2.0548046676563256,0.42857142857142855
4.252059133521212,FUZZY_OPTUNA_DARTS,0.0,2026-08-17_11-39-26,0.26666666666666666,XOR,3.0,1.3333333333333333,0.0,1.1055415967851332,False,1.7333333333333334,3,2,6,8,0,6,1,5,1,2.0,1.3333333333333333,0.0,0.9428090415820634,0.25,4.252059133521212,5.0,2.6666666666666665,1.0,1.3743685418725535,0.0
4.876445379595463,FUZZY_OPTUNA_DARTS,0.0,2026-08-17_11-43-48,0.25,XOR,2.0,1.0,0.0,0.8944271909999159,False,1.8,3,1,5,5,0,5,1,5,1,2.0,1.0,0.0,0.6324555320336759,0.0,4.876445379595463,3.0,2.0,1.0,0.8944271909999159,0.0
2.176804868174487,FUZZY_OPTUNA_DARTS,0.42857142857142855,2026-08-17_11-43-55,0.19047619047619047,XOR,4.0,1.1428571428571428,0.0,1.355261854357877,False,1.4,2,1,5,8,1,7,2,7,3,2.0,1.1428571428571428,0.0,0.832993127835043,0.0,2.176804868174487,5.0,2.2857142857142856,0.0,1.5779087167410373,0.5454545454545454
4.625472741761688,FUZZY_OPTUNA_DARTS,0.21428571428571427,2026-08-17_12-04-06,0.23809523809523808,XOR,3.0,1.4285714285714286,0.0,1.2936264483053452,False,1.4666666666666666,2,3,6,10,1,7,0,5,2,3.0,1.4285714285714286,0.0,1.0497813183356477,0.4,4.625472741761688,5.0,2.857142857142857,0.0,1.7261494247992246,0.2
3.142760019053766,FUZZY_OPTUNA_DARTS,0.24,2026-08-17_12-01-07,0.14444444444444443,XOR,4.0,1.3,0.0,1.4177446878757824,False,1.7142857142857142,3,1,8,13,2,10,1,10,3,4.0,1.3,0.0,1.4177446878757824,0.0,3.142760019053766,6.0,2.6,0.0,2.009975124224178,0.46875
0.8117521205617009,FUZZY_OPTUNA_DARTS,0.33333333333333337,2026-08-17_12-06-30,0.2857142857142857,XOR,4.0,1.7142857142857142,0.0,1.385051387833237,False,1.619047619047619,3,2,7,12,0,7,1,6,1,3.0,1.7142857142857142,0.0,1.1605769149479943,0.16666666666666666,0.8117521205617009,7.0,3.4285714285714284,1.0,1.7612611437054218,0.4090909090909091
6.8440993386547415,FUZZY_OPTUNA_DARTS,0.0,2026-08-17_12-08-35,0.14285714285714285,XOR,3.0,1.0,0.0,1.118033988749895,False,1.6666666666666667,3,1,6,8,2,8,1,8,3,3.0,1.0,0.0,1.118033988749895,0.0,6.8440993386547415,5.0,2.0,0.0,1.5811388300841898,0.0
1.0486801095280986,FUZZY_OPTUNA_DARTS,0.5714285714285714,2026-08-17_12-21-19,0.21428571428571427,XOR,4.0,1.2857142857142858,0.0,1.5779087167410373,False,1.3,2,2,5,9,2,7,1,6,3,3.0,1.2857142857142858,0.0,1.1605769149479943,0.2222222222222222,1.0486801095280986,7.0,2.5714285714285716,0.0,2.381904571504724,0.6
2.831209858810501,FUZZY_OPTUNA_DARTS,0.5,2026-08-17_12-58-04,0.2,XOR,3.0,1.0,0.0,1.1547005383792515,True,1.4,2,1,5,6,1,6,0,6,2,2.0,1.0,0.0,1.0,0.0,2.831209858810501,4.0,2.0,0.0,1.2909944487358056,0.5454545454545454
2.517813430324459,FUZZY_OPTUNA_DARTS,0.6952380952380953,2026-08-17_13-02-02,0.35714285714285715,XOR,4.0,2.142857142857143,0.0,1.4568627181693672,False,1.380952380952381,2,3,7,15,0,7,1,5,1,5.0,2.142857142857143,0.0,1.8070158058105026,0.13333333333333333,2.517813430324459,6.0,4.285714285714286,1.0,1.8294640678379568,0.6818181818181818
1.588003384794803,FUZZY_OPTUNA_DARTS,0.4666666666666666,2026-08-17_13-38-05,0.2,XOR,2.0,0.8,0.0,0.9797958971132712,True,1.3333333333333333,2,1,4,4,1,5,0,5,2,2.0,0.8,0.0,0.7483314773547883,0.0,1.588003384794803,3.0,1.6,0.0,1.019803902718557,0.6
1.161836426190066,FUZZY_OPTUNA_DARTS,0.0,2026-08-17_13-47-40,0.3,XOR,2.0,1.2,0.0,0.9797958971132712,False,1.6,3,1,5,6,0,5,1,5,1,2.0,1.2,0.0,0.7483314773547883,0.0,1.161836426190066,4.0,2.4,1.0,1.019803902718557,0.0
2.3775274184120705,FUZZY_OPTUNA_DARTS,0.0,2026-08-17_13-53-04,0.23333333333333334,XOR,3.0,1.1666666666666667,0.0,1.2133516482134197,False,1.4,2,1,5,7,1,6,1,6,2,2.0,1.1666666666666667,0.0,0.8975274678557507,0.0,2.3775274184120705,5.0,2.3333333333333335,0.0,1.4907119849998598,0.0
2.0385270354944227,FUZZY_OPTUNA_DARTS,0.26666666666666666,2026-08-17_13-50-45,0.12222222222222222,XOR,4.0,1.1,0.0,1.445683229480096,False,1.3333333333333333,2,1,6,11,4,10,1,10,5,3.0,1.1,0.0,1.374772708486752,0.0,2.0385270354944227,6.0,2.2,0.0,2.039607805437114,0.48
1.410805345286315,FUZZY_OPTUNA_DARTS,0.3333333333333333,2026-08-17_14-03-48,0.3472222222222222,XOR,4.0,2.7777777777777777,0.0,1.547598697464902,False,1.5,3,5,9,25,0,9,2,5,1,5.0,2.7777777777777777,0.0,1.3966450099973928,0.32,1.410805345286315,8.0,5.555555555555555,3.0,1.7708197167232476,0.36363636363636365
2.7391737943436256,FUZZY_OPTUNA_DARTS,0.0,2026-08-17_14-08-55,0.14285714285714285,XOR,3.0,0.8571428571428571,0.0,1.124858267715973,False,2.1333333333333333,4,1,6,6,1,7,1,7,2,2.0,0.8571428571428571,0.0,0.6388765649999399,0.0,2.7391737943436256,4.0,1.7142857142857142,0.0,1.2777531299998799,0.0
4.363079271709564,FUZZY_OPTUNA_DARTS,0.0,2026-08-17_14-13-32,0.2,XOR,2.0,0.8,0.0,0.7483314773547883,True,1.6,2,1,5,4,0,5,0,5,1,2.0,0.8,0.0,0.7483314773547883,0.0,4.363079271709564,4.0,1.6,1.0,1.2,0.0
2.1413493962832497,FUZZY_OPTUNA_DARTS,0.8,2026-08-17_14-51-43,0.45,XOR,4.0,1.8,0.0,1.6,False,1.3,2,2,5,9,0,5,1,4,1,3.0,1.8,0.0,0.9797958971132712,0.2222222222222222,2.1413493962832497,7.0,3.6,2.0,2.0591260281974,0.6
1.9497662265580122,FUZZY_OPTUNA_DARTS,0.0,2026-08-17_15-04-41,0.14285714285714285,XOR,3.0,1.0,0.0,1.118033988749895,True,1.5333333333333334,3,1,6,8,2,8,0,8,3,3.0,1.0,0.0,1.0,0.0,1.9497662265580122,3.0,2.0,0.0,1.224744871391589,0.0
4.640916962211234,FUZZY_OPTUNA_DARTS,0.0,2026-08-17_15-09-25,0.1,XOR,2.0,0.5,0.0,0.7637626158259734,True,1.5,2,1,4,3,2,6,0,6,3,1.0,0.5,0.0,0.5,0.0,4.640916962211234,3.0,1.0,0.0,1.0,0.0
1.1314939305838132,FUZZY_OPTUNA_DARTS,0.0,2026-08-17_15-14-44,0.23333333333333334,XOR,3.0,1.1666666666666667,0.0,1.0671873729054748,False,1.7333333333333334,3,2,6,7,0,6,0,5,1,2.0,1.1666666666666667,0.0,0.8975274678557507,0.2857142857142857,1.1314939305838132,5.0,2.3333333333333335,1.0,1.3743685418725535,0.0
2.859515333008993,FUZZY_OPTUNA_DARTS,0.5888888888888889,2026-08-17_15-16-02,0.19444444444444445,XOR,6.0,1.5555555555555556,0.0,2.006163342807532,False,1.4761904761904763,2,3,7,14,2,9,1,7,3,3.0,1.5555555555555556,0.0,1.1653431646335017,0.2857142857142857,2.859515333008993,8.0,3.111111111111111,0.0,2.6851213274654606,0.5
3.927580954228884,FUZZY_OPTUNA_DARTS,0.3095238095238095,2026-08-17_15-24-17,0.21428571428571427,XOR,3.0,1.2857142857142858,0.0,1.2777531299998799,False,1.6666666666666667,3,1,6,9,1,7,2,7,2,3.0,1.2857142857142858,0.0,1.0301575072754254,0.0,3.927580954228884,4.0,2.5714285714285716,0.0,1.3997084244475304,0.2727272727272727
6.5098741280201855,FUZZY_OPTUNA_DARTS,0.0,2026-08-17_15-26-42,0.08928571428571429,XOR,2.0,0.625,0.0,0.8569568250501305,False,1.8,3,1,5,5,3,8,1,8,4,2.0,0.625,0.0,0.6959705453537527,0.0,6.5098741280201855,3.0,1.25,0.0,1.1989578808281798,0.0
1.2142320650018787,FUZZY_OPTUNA_DARTS,0.719642857142857,2026-08-17_15-32-42,0.4642857142857143,XOR,7.0,3.25,0.0,2.436698586202241,False,1.3571428571428572,2,4,8,26,0,8,3,5,1,5.0,3.25,0.0,1.8540496217739157,0.38461538461538464,1.2142320650018787,12.0,6.5,3.0,3.391164991562634,0.6338028169014085
2.7192149991672854,FUZZY_OPTUNA_DARTS,0.36333333333333334,2026-08-17_15-34-09,0.24444444444444444,XOR,6.0,2.2,0.0,2.181742422927143,False,1.5357142857142858,3,4,8,22,2,10,3,7,3,4.0,2.2,0.0,1.7204650534085253,0.36363636363636365,2.7192149991672854,10.0,4.4,0.0,3.3226495451672298,0.5
0.8238992808030619,FUZZY_OPTUNA_DARTS,0.5933333333333334,2026-08-17_15-35-03,0.2222222222222222,XOR,6.0,2.0,0.0,2.04939015319192,False,1.3571428571428572,2,1,8,20,2,10,2,10,3,4.0,2.0,0.0,1.6124515496597098,0.0,0.8238992808030619,8.0,4.0,0.0,2.4899799195977463,0.676056338028169
5.546909947483161,FUZZY_OPTUNA_DARTS,0.0,2026-08-17_15-42-30,0.19047619047619047,XOR,2.0,1.1428571428571428,0.0,0.989743318610787,False,1.6,3,1,6,8,1,7,1,7,2,2.0,1.1428571428571428,0.0,0.832993127835043,0.0,5.546909947483161,4.0,2.2857142857142856,0.0,1.385051387833237,0.0
0.9228973165466461,FUZZY_OPTUNA_DARTS,0.0,2026-08-17_15-46-59,0.3,XOR,3.0,1.2,0.0,1.1661903789690602,False,1.6,2,2,5,6,0,5,1,4,1,2.0,1.2,0.0,0.7483314773547883,0.3333333333333333,0.9228973165466461,5.0,2.4,1.0,1.7435595774162693,0.0
1.4597061266092688,FUZZY_OPTUNA_DARTS,0.27777777777777773,2026-08-17_15-46-09,0.3333333333333333,XOR,4.0,1.6666666666666667,0.0,1.4907119849998598,False,1.6666666666666667,3,2,6,10,0,6,2,5,1,3.0,1.6666666666666667,0.0,0.9428090415820634,0.2,1.4597061266092688,6.0,3.3333333333333335,1.0,1.7950549357115013,0.2727272727272727
1.5563809528206998,FUZZY_OPTUNA_DARTS,0.6,2026-08-17_16-00-37,0.35,XOR,3.0,1.4,0.0,1.2,False,1.4,2,1,5,7,0,5,1,5,1,2.0,1.4,0.0,0.8,0.0,1.5563809528206998,5.0,2.8,1.0,1.469693845669907,0.5454545454545454
3.953203063314593,FUZZY_OPTUNA_DARTS,0.0,2026-08-17_16-27-20,0.26666666666666666,XOR,3.0,1.3333333333333333,0.0,1.1055415967851332,False,1.7333333333333334,3,2,6,8,0,6,1,5,1,2.0,1.3333333333333333,0.0,0.7453559924999299,0.25,3.953203063314593,5.0,2.6666666666666665,1.0,1.4907119849998598,0.0
1.1382347955787928,FUZZY_OPTUNA_DARTS,0.8052380952380954,2026-08-17_16-25-10,0.43333333333333335,XOR,7.0,3.9,0.0,2.4269322199023193,False,1.3333333333333333,3,7,10,39,0,10,4,4,1,6.0,3.9,0.0,1.972308292331602,0.20512820512820512,1.1382347955787928,12.0,7.8,2.0,2.6,0.7670454545454546
3.0374193928837907,FUZZY_OPTUNA_DARTS,0.5714285714285714,2026-08-17_16-31-37,0.21428571428571427,XOR,4.0,1.2857142857142858,0.0,1.5779087167410373,False,1.3,2,2,5,9,2,7,1,6,3,3.0,1.2857142857142858,0.0,1.1605769149479943,0.2222222222222222,3.0374193928837907,7.0,2.5714285714285716,0.0,2.381904571504724,0.6
1.7667488052895661,FUZZY_OPTUNA_DARTS,0.5277777777777778,2026-08-17_16-48-09,0.36666666666666664,XOR,4.0,1.8333333333333333,0.0,1.6749792701868151,False,1.3333333333333333,2,1,6,11,0,6,1,6,1,3.0,1.8333333333333333,0.0,1.3437096247164249,0.0,1.7667488052895661,6.0,3.6666666666666665,2.0,1.247219128924647,0.6
1.6393368210127655,FUZZY_OPTUNA_DARTS,0.6,2026-08-17_16-54-06,0.35,XOR,3.0,1.4,0.0,1.2,False,1.4,2,1,5,7,0,5,1,5,1,3.0,1.4,0.0,1.019803902718557,0.0,1.6393368210127655,4.0,2.8,1.0,1.1661903789690602,0.5454545454545454
3.6285058081131685,FUZZY_OPTUNA_DARTS,0.380952380952381,2026-08-17_16-54-53,0.21428571428571427,XOR,5.0,1.2857142857142858,0.0,1.749635530559413,False,1.4666666666666666,2,1,6,9,1,7,1,7,2,2.0,1.2857142857142858,0.0,0.8806305718527109,0.0,3.6285058081131685,6.0,2.5714285714285716,0.0,1.7612611437054218,0.375
5.008601130808914,FUZZY_OPTUNA_DARTS,0.0,2026-08-17_17-00-05,0.13333333333333333,XOR,2.0,0.6666666666666666,0.0,0.7453559924999299,True,1.8,3,1,5,4,1,6,0,6,2,2.0,0.6666666666666666,0.0,0.7453559924999299,0.0,5.008601130808914,3.0,1.3333333333333333,0.0,0.9428090415820634,0.0
2.1226967650589996,FUZZY_OPTUNA_DARTS,0.0,2026-08-17_16-58-24,0.06944444444444445,XOR,2.0,0.5555555555555556,0.0,0.8314794192830981,True,1.6,3,1,5,5,4,9,0,9,5,2.0,0.5555555555555556,0.0,0.8314794192830981,0.0,2.1226967650589996,3.0,1.1111111111111112,0.0,1.0999438818457405,0.0
2.809430863271998,FUZZY_OPTUNA_DARTS,0.0,2026-08-17_17-07-48,0.13333333333333333,XOR,2.0,0.6666666666666666,0.0,0.7453559924999299,False,1.5,2,1,4,4,1,6,1,6,3,1.0,0.6666666666666666,0.0,0.4714045207910317,0.0,2.809430863271998,3.0,1.3333333333333333,0.0,0.9428090415820634,0.0
2.937842169561457,FUZZY_OPTUNA_DARTS,0.1,2026-08-17_17-11-03,0.1111111111111111,XOR,4.0,1.0,0.0,1.3416407864998738,False,1.4666666666666666,2,2,6,10,4,10,1,9,5,3.0,1.0,0.0,1.0954451150103321,0.2,2.937842169561457,6.0,2.0,0.0,1.949358868961793,0.21428571428571427
3.175306250892392,FUZZY_OPTUNA_DARTS,0.47222222222222215,2026-08-17_17-23-28,0.3333333333333333,XOR,4.0,1.6666666666666667,0.0,1.3743685418725535,False,1.4,2,2,6,10,0,6,0,5,1,3.0,1.6666666666666667,0.0,0.9428090415820634,0.2,3.175306250892392,5.0,3.3333333333333335,2.0,1.1055415967851332,0.45
1.0989637790703908,FUZZY_OPTUNA_DARTS,0.2619047619047619,2026-08-17_17-25-15,0.21428571428571427,XOR,3.0,1.2857142857142858,0.0,1.2777531299998799,False,1.5333333333333334,3,1,6,9,1,7,1,7,2,3.0,1.2857142857142858,0.0,1.2777531299998799,0.0,1.0989637790703908,6.0,2.5714285714285716,0.0,1.7612611437054218,0.375
1.7841951998225085,FUZZY_OPTUNA_DARTS,0.0,2026-08-17_17-29-49,0.1,XOR,2.0,0.5,0.0,0.7637626158259734,True,1.5,2,1,4,3,2,6,0,6,3,1.0,0.5,0.0,0.5,0.0,1.7841951998225085,3.0,1.0,0.0,1.0,0.0
4.578162868789964,FUZZY_OPTUNA_DARTS,0.38888888888888884,2026-08-17_17-31-05,0.3333333333333333,XOR,5.0,1.6666666666666667,0.0,1.699673171197595,False,1.5333333333333334,3,2,6,10,0,6,1,5,1,3.0,1.6666666666666667,0.0,0.9428090415820634,0.2,4.578162868789964,7.0,3.3333333333333335,2.0,1.7950549357115013,0.4
0.9933788423502228,FUZZY_OPTUNA_DARTS,0.37407407407407406,2026-08-17_17-27-40,0.18055555555555555,XOR,5.0,1.4444444444444444,0.0,1.7069212773041351,False,1.6666666666666667,3,3,7,13,2,9,3,7,3,3.0,1.4444444444444444,0.0,1.1653431646335017,0.15384615384615385,0.9933788423502228,7.0,2.888888888888889,0.0,2.5141574442188355,0.42857142857142855
3.173639614112233,FUZZY_OPTUNA_DARTS,0.6,2026-08-17_17-41-40,0.35,XOR,4.0,1.4,0.0,1.4966629547095767,False,1.4,2,1,5,7,0,5,1,5,1,2.0,1.4,0.0,0.8,0.0,3.173639614112233,5.0,2.8,1.0,1.469693845669907,0.5454545454545454
2.390734914322453,FUZZY_OPTUNA_DARTS,0.7533333333333333,2026-08-17_17-40-43,0.3888888888888889,XOR,6.0,3.5,0.0,2.3769728648009427,False,1.3333333333333333,2,6,10,35,0,10,1,5,1,5.0,3.5,0.0,1.91049731745428,0.22857142857142856,2.390734914322453,11.0,7.0,3.0,2.6076809620810595,0.6867469879518072
1.3533515621888967,FUZZY_OPTUNA_DARTS,0.4041666666666667,2026-08-17_17-53-43,0.375,XOR,6.0,2.625,0.0,1.9324531042175384,False,1.5,2,5,8,21,0,8,2,4,1,4.0,2.625,0.0,1.2183492931011204,0.47619047619047616,1.3533515621888967,10.0,5.25,2.0,2.7726341266023544,0.3409090909090909
1.0059791265222657,FUZZY_OPTUNA_DARTS,0.5592592592592592,2026-08-17_17-54-52,0.3333333333333333,XOR,5.0,2.6666666666666665,0.0,2.0548046676563256,False,1.3214285714285714,2,5,8,24,1,9,1,5,2,5.0,2.6666666666666665,0.0,1.632993161855452,0.3333333333333333,1.0059791265222657,8.0,5.333333333333333,0.0,2.581988897471611,0.6
0.8433899758422579,FUZZY_OPTUNA_DARTS,0.5833333333333334,2026-08-17_17-56-39,0.39285714285714285,XOR,6.0,2.75,0.0,2.165063509461097,False,1.4285714285714286,2,5,8,22,0,8,2,4,1,4.0,2.75,0.0,1.1989578808281798,0.36363636363636365,0.8433899758422579,10.0,5.5,2.0,2.598076211353316,0.5094339622641509
1.1225694389066032,FUZZY_OPTUNA_DARTS,0.6195767195767196,2026-08-17_17-59-41,0.375,XOR,6.0,3.0,0.0,2.2110831935702664,False,1.4166666666666667,3,6,9,27,0,9,2,4,1,4.0,3.0,0.0,1.1547005383792515,0.2222222222222222,1.1225694389066032,9.0,6.0,1.0,2.494438257849294,0.6666666666666666
1.2835019614173324,FUZZY_OPTUNA_DARTS,0.20833333333333334,2026-08-17_18-02-24,0.17857142857142858,XOR,4.0,1.25,0.0,1.3919410907075054,False,1.4,2,1,6,10,2,8,1,8,3,3.0,1.25,0.0,1.0897247358851685,0.0,1.2835019614173324,5.0,2.5,0.0,1.7320508075688772,0.3
1.0085298372212226,FUZZY_OPTUNA_DARTS,0.8222222222222222,2026-08-17_18-10-49,0.375,XOR,6.0,3.0,0.0,2.0548046676563256,False,1.3888888888888888,2,6,9,27,0,9,2,4,1,6.0,3.0,0.0,1.8257418583505538,0.2222222222222222,1.0085298372212226,12.0,6.0,2.0,3.2998316455372216,0.6699029126213593
1.3740106212229104,FUZZY_OPTUNA_DARTS,0.7611111111111111,2026-08-17_18-18-24,0.36666666666666664,XOR,4.0,1.8333333333333333,0.0,1.4624940645653537,False,1.4,2,3,6,11,0,6,1,4,1,3.0,1.8333333333333333,0.0,0.8975274678557507,0.18181818181818182,1.3740106212229104,6.0,3.6666666666666665,2.0,1.699673171197595,0.5454545454545454
5.277085672336458,FUZZY_OPTUNA_DARTS,0.0,2026-08-17_18-18-01,0.11904761904761904,XOR,2.0,0.7142857142857143,0.0,0.8806305718527109,True,1.6,3,1,5,5,2,7,0,7,3,2.0,0.7142857142857143,0.0,0.6998542122237652,0.0,5.277085672336458,3.0,1.4285714285714286,0.0,1.0497813183356477,0.0
2.588097688980174,FUZZY_OPTUNA_DARTS,0.4777777777777778,2026-08-17_18-54-42,0.3,XOR,4.0,1.5,0.0,1.5,False,1.5333333333333334,2,3,6,9,0,6,1,4,1,3.0,1.5,0.0,0.9574271077563381,0.2222222222222222,2.588097688980174,6.0,3.0,1.0,2.160246899469287,0.4
1.1514015358849847,FUZZY_OPTUNA_DARTS,0.3416666666666667,2026-08-17_19-19-16,0.32142857142857145,XOR,4.0,2.25,0.0,1.5612494995995996,False,1.4642857142857142,2,5,8,18,0,8,0,4,1,3.0,2.25,0.0,0.9682458365518543,0.3333333333333333,1.1514015358849847,7.0,4.5,3.0,1.4142135623730951,0.32608695652173914
3.1047603088121516,FUZZY_OPTUNA_DARTS,0.0,2026-08-17_19-23-03,0.125,XOR,2.0,0.875,0.0,0.9270248108869579,False,1.8666666666666667,4,2,6,7,2,8,0,7,3,2.0,0.875,0.0,0.7806247497997998,0.2857142857142857,3.1047603088121516,4.0,1.75,0.0,1.299038105676658,0.0
3.067859593908164,FUZZY_OPTUNA_DARTS,0.3333333333333333,2026-08-17_19-32-44,0.25,XOR,2.0,1.0,0.0,0.8944271909999159,True,1.6,3,1,5,5,0,5,0,5,1,3.0,1.0,0.0,1.0954451150103321,0.0,3.067859593908164,3.0,2.0,1.0,0.8944271909999159,0.42857142857142855
1.3882236137123123,FUZZY_OPTUNA_DARTS,0.6,2026-08-17_19-38-23,0.35,XOR,4.0,1.4,0.0,1.4966629547095767,False,1.4,2,1,5,7,0,5,1,5,1,2.0,1.4,0.0,0.8,0.0,1.3882236137123123,6.0,2.8,1.0,1.7204650534085253,0.5454545454545454
5.1347352440414475,FUZZY_OPTUNA_DARTS,0.4,2026-08-17_19-34-56,0.14444444444444443,XOR,4.0,1.3,0.0,1.4177446878757824,False,1.6666666666666667,3,3,7,13,3,10,1,8,4,3.0,1.3,0.0,1.1874342087037917,0.3076923076923077,5.1347352440414475,6.0,2.6,0.0,2.009975124224178,0.45
1.4042294572359988,FUZZY_OPTUNA_DARTS,0.5809523809523809,2026-08-17_19-56-56,0.23809523809523808,XOR,4.0,1.4285714285714286,0.0,1.498298354528788,False,1.4,2,1,6,10,1,7,1,7,2,3.0,1.4285714285714286,0.0,1.2936264483053452,0.0,1.4042294572359988,5.0,2.857142857142857,0.0,1.8070158058105026,0.6521739130434783
1.571859458730457,FUZZY_OPTUNA_DARTS,0.0,2026-08-17_20-17-15,0.20833333333333334,XOR,4.0,1.6666666666666667,0.0,1.563471919941143,False,1.5238095238095237,3,4,7,15,2,9,1,6,3,3.0,1.6666666666666667,0.0,1.247219128924647,0.4,1.571859458730457,7.0,3.3333333333333335,0.0,2.309401076758503,0.0
4.541895291427402,FUZZY_OPTUNA_DARTS,0.0,2026-08-17_20-33-58,0.15,XOR,1.0,0.6,0.0,0.4898979485566356,True,1.3333333333333333,2,1,3,3,0,5,0,5,2,1.0,0.6,0.0,0.4898979485566356,0.0,4.541895291427402,2.0,1.2,1.0,0.4,0.0
0.94064820053913,FUZZY_OPTUNA_DARTS,0.7857142857142857,2026-08-17_21-01-03,0.40476190476190477,XOR,5.0,2.4285714285714284,0.0,1.8405855323893037,False,1.2857142857142858,2,3,7,17,0,7,0,5,1,4.0,2.4285714285714284,0.0,1.2936264483053452,0.23529411764705882,0.94064820053913,7.0,4.857142857142857,2.0,1.5518257844571737,0.7222222222222222
2.135880049641772,FUZZY_OPTUNA_DARTS,0.0,2026-08-17_21-05-12,0.14285714285714285,XOR,2.0,0.8571428571428571,0.0,0.989743318610787,True,1.4,2,1,5,6,2,7,0,7,3,2.0,0.8571428571428571,0.0,0.832993127835043,0.0,2.135880049641772,3.0,1.7142857142857142,0.0,1.1605769149479943,0.0
2.4232699873187684,FUZZY_OPTUNA_DARTS,0.0,2026-08-17_21-08-37,0.15,XOR,2.0,0.6,0.0,0.8,True,1.5,2,1,4,3,1,5,0,5,2,1.0,0.6,0.0,0.4898979485566356,0.0,2.4232699873187684,3.0,1.2,0.0,0.9797958971132712,0.0
2.5187619892655078,FUZZY_OPTUNA_DARTS,0.0,2026-08-17_21-19-20,0.25,XOR,2.0,1.0,0.0,0.8944271909999159,True,1.6,3,1,5,5,0,5,0,5,1,2.0,1.0,0.0,0.8944271909999159,0.0,2.5187619892655078,3.0,2.0,1.0,0.6324555320336759,0.0
0.8097821173535809,FUZZY_OPTUNA_DARTS,0.0,2026-08-17_21-40-23,0.3,XOR,3.0,1.2,0.0,1.1661903789690602,False,1.6,3,1,5,6,0,5,1,5,1,2.0,1.2,0.0,0.9797958971132712,0.0,0.8097821173535809,5.0,2.4,1.0,1.3564659966250536,0.0
2.0804429912908433,FUZZY_OPTUNA_DARTS,0.6197619047619047,2026-08-17_21-36-48,0.28888888888888886,XOR,7.0,2.6,0.0,2.3323807579381204,False,1.4166666666666667,2,5,9,26,1,10,1,6,2,5.0,2.6,0.0,1.8,0.3076923076923077,2.0804429912908433,10.0,5.2,0.0,2.9597297173897483,0.6067415730337079
2.34054813879156,FUZZY_OPTUNA_DARTS,0.5333333333333333,2026-08-17_21-50-35,0.35,XOR,3.0,1.4,0.0,1.2,False,1.5,3,1,5,7,0,5,1,5,1,3.0,1.4,0.0,1.019803902718557,0.0,2.34054813879156,4.0,2.8,1.0,0.9797958971132712,0.6
0.8527141216061767,FUZZY_OPTUNA_DARTS,0.5409523809523809,2026-08-17_21-59-33,0.43333333333333335,XOR,8.0,3.9,0.0,2.3430749027719964,False,1.4,2,7,10,39,0,10,3,4,1,6.0,3.9,0.0,1.7578395831246947,0.46153846153846156,0.8527141216061767,12.0,7.8,3.0,2.891366458960192,0.5581395348837209
3.4136478303011835,FUZZY_OPTUNA_DARTS,0.0,2026-08-17_22-19-02,0.2,XOR,2.0,0.8,0.0,0.7483314773547883,True,1.8,3,1,5,4,0,5,0,5,1,2.0,0.8,0.0,0.7483314773547883,0.0,3.4136478303011835,3.0,1.6,1.0,0.8,0.0
1.0512396607889383,FUZZY_OPTUNA_DARTS,0.6666666666666666,2026-08-17_22-24-32,0.4,XOR,4.0,2.0,0.0,1.5275252316519468,False,1.3333333333333333,2,3,6,12,0,6,0,4,1,3.0,2.0,0.0,1.1547005383792515,0.3333333333333333,1.0512396607889383,7.0,4.0,2.0,1.632993161855452,0.5769230769230769
1.453863148747175,FUZZY_OPTUNA_DARTS,0.5227513227513227,2026-08-17_22-40-14,0.3611111111111111,XOR,5.0,2.888888888888889,0.0,1.9116278371205837,False,1.4166666666666667,3,5,9,26,0,9,1,5,1,5.0,2.888888888888889,0.0,1.5234788000891208,0.23076923076923078,1.453863148747175,9.0,5.777777777777778,3.0,2.1487866228681907,0.5806451612903226
1.0535527200971706,FUZZY_OPTUNA_DARTS,0.7505291005291005,2026-08-17_22-40-21,0.4305555555555556,XOR,5.0,3.4444444444444446,0.0,1.9499920860871383,False,1.3055555555555556,2,6,9,31,0,9,1,4,1,6.0,3.4444444444444446,0.0,1.640535895581489,0.3225806451612903,1.0535527200971706,11.0,6.888888888888889,3.0,2.4241582476968255,0.7317073170731707
1.1117544056562156,FUZZY_OPTUNA_DARTS,0.3333333333333333,2026-08-17_22-56-43,0.26666666666666666,XOR,3.0,1.3333333333333333,0.0,1.3743685418725535,False,1.3,2,1,5,8,1,6,1,6,2,3.0,1.3333333333333333,0.0,1.1055415967851332,0.0,1.1117544056562156,5.0,2.6666666666666665,0.0,1.4907119849998598,0.46153846153846156
0.8476390325070156,FUZZY_OPTUNA_DARTS,0.25,2026-08-17_23-25-30,0.25555555555555554,XOR,6.0,2.3,0.0,1.9,False,1.5833333333333333,3,6,9,23,1,10,3,5,2,4.0,2.3,0.0,1.3453624047073711,0.34782608695652173,0.8476390325070156,8.0,4.6,0.0,2.537715508089904,0.30612244897959184
2.2557968006818085,FUZZY_OPTUNA_DARTS,0.4333333333333333,2026-08-17_23-37-45,0.25,XOR,2.0,1.0,0.0,0.8944271909999159,True,1.5,2,1,5,5,0,5,0,5,1,2.0,1.0,0.0,0.8944271909999159,0.0,2.2557968006818085,4.0,2.0,1.0,1.0954451150103321,0.375
1.9752920441203274,FUZZY_OPTUNA_DARTS,0.0,2026-08-18_00-39-09,0.2,XOR,2.0,0.8,0.0,0.7483314773547883,True,1.6,2,1,5,4,0,5,0,5,1,2.0,0.8,0.0,0.7483314773547883,0.0,1.9752920441203274,4.0,1.6,1.0,1.2,0.0
2.0939334181392177,FUZZY_OPTUNA_DARTS,0.7767857142857143,2026-08-18_00-46-52,0.30357142857142855,XOR,5.0,2.125,0.0,1.5360257159305635,False,1.4642857142857142,2,5,8,17,0,8,1,4,1,4.0,2.125,0.0,1.0532687216470449,0.11764705882352941,2.0939334181392177,7.0,4.25,2.0,1.984313483298443,0.5769230769230769
1.0541926714077687,FUZZY_OPTUNA_DARTS,0.0,2026-08-18_00-56-20,0.19047619047619047,XOR,3.0,1.1428571428571428,0.0,1.124858267715973,False,1.6,3,2,6,8,1,7,0,6,2,2.0,1.1428571428571428,0.0,0.832993127835043,0.25,1.0541926714077687,5.0,2.2857142857142856,0.0,1.4846149779161806,0.0
0.9062050791541051,FUZZY_OPTUNA_DARTS,0.38148148148148153,2026-08-18_01-01-57,0.3194444444444444,XOR,6.0,2.5555555555555554,0.0,1.7708197167232476,False,1.6111111111111112,3,6,9,23,0,9,3,4,1,4.0,2.5555555555555554,0.0,1.1653431646335017,0.34782608695652173,0.9062050791541051,10.0,5.111111111111111,2.0,2.4241582476968255,0.35294117647058826
1.1719788543345762,FUZZY_OPTUNA_DARTS,0.14285714285714285,2026-08-18_01-06-39,0.16666666666666666,XOR,3.0,1.0,0.0,1.0690449676496976,True,1.6666666666666667,3,1,6,7,1,7,0,7,2,3.0,1.0,0.0,1.1952286093343936,0.0,1.1719788543345762,3.0,2.0,0.0,1.0690449676496976,0.2727272727272727
1.9196500147084872,FUZZY_OPTUNA_DARTS,0.0,2026-08-18_01-12-31,0.11904761904761904,XOR,2.0,0.7142857142857143,0.0,0.8806305718527109,True,1.6,3,1,5,5,2,7,0,7,3,2.0,0.7142857142857143,0.0,0.6998542122237652,0.0,1.9196500147084872,3.0,1.4285714285714286,0.0,1.0497813183356477,0.0
6.048462045012893,FUZZY_OPTUNA_DARTS,0.6,2026-08-18_01-16-03,0.4,XOR,4.0,1.6,0.0,1.624807680927192,False,1.4,2,2,5,8,0,5,1,4,1,2.0,1.6,0.0,0.8,0.25,6.048462045012893,6.0,3.2,1.0,1.9390719429665315,0.5454545454545454
3.09025111548414,FUZZY_OPTUNA_DARTS,0.0,2026-08-18_01-16-52,0.25,XOR,2.0,1.0,0.0,0.8944271909999159,True,1.6,3,1,5,5,0,5,0,5,1,2.0,1.0,0.0,0.6324555320336759,0.0,3.09025111548414,3.0,2.0,1.0,0.6324555320336759,0.0
2.3622497770118374,FUZZY_OPTUNA_DARTS,0.3833333333333333,2026-08-18_01-23-29,0.26785714285714285,XOR,5.0,1.875,0.0,1.6909686573085854,False,1.380952380952381,2,2,7,15,1,8,1,7,2,4.0,1.875,0.0,1.6153559979150107,0.13333333333333333,2.3622497770118374,7.0,3.75,0.0,2.0463381929681126,0.47368421052631576
0.9764419595822466,FUZZY_OPTUNA_DARTS,0.4095238095238095,2026-08-18_01-31-32,0.21428571428571427,XOR,3.0,1.2857142857142858,0.0,1.2777531299998799,False,1.5333333333333334,2,3,6,9,1,7,1,5,2,3.0,1.2857142857142858,0.0,1.0301575072754254,0.2222222222222222,0.9764419595822466,6.0,2.5714285714285716,0.0,2.060315014550851,0.4
1.449520870767377,FUZZY_OPTUNA_DARTS,0.0,2026-08-18_01-45-27,0.2,XOR,2.0,0.8,0.0,0.7483314773547883,True,1.6,2,1,5,4,0,5,0,5,1,2.0,0.8,0.0,0.7483314773547883,0.0,1.449520870767377,4.0,1.6,1.0,1.2,0.0
0.9152868636347564,FUZZY_OPTUNA_DARTS,0.5533333333333335,2026-08-18_01-48-56,0.28888888888888886,XOR,6.0,2.6,0.0,2.2891046284519194,False,1.25,2,5,8,26,2,10,3,6,3,5.0,2.6,0.0,1.8547236990991407,0.15384615384615385,0.9152868636347564,10.0,5.2,0.0,3.0919249667480613,0.6923076923076923
0.8669557463973921,FUZZY_OPTUNA_DARTS,0.6661904761904762,2026-08-18_02-05-49,0.34444444444444444,XOR,6.0,3.1,0.0,2.211334438749598,False,1.3888888888888888,2,6,9,31,1,10,4,5,2,6.0,3.1,0.0,1.972308292331602,0.3225806451612903,0.8669557463973921,11.0,6.2,0.0,3.682390527904394,0.6494845360824743
0.8779552367122232,FUZZY_OPTUNA_DARTS,0.475,2026-08-18_02-21-14,0.32142857142857145,XOR,6.0,2.25,0.0,1.7853571071357126,False,1.4642857142857142,2,3,8,18,0,8,1,6,1,4.0,2.25,0.0,1.299038105676658,0.2222222222222222,0.8779552367122232,7.0,4.5,2.0,1.6583123951777,0.4
1.0276982135650845,FUZZY_OPTUNA_DARTS,0.37777777777777777,2026-08-18_02-29-17,0.20833333333333334,XOR,6.0,1.6666666666666667,0.0,1.8856180831641267,False,1.5238095238095237,3,2,7,15,2,9,3,8,3,3.0,1.6666666666666667,0.0,1.247219128924647,0.13333333333333333,1.0276982135650845,8.0,3.3333333333333335,0.0,2.5385910352879693,0.4444444444444444
2.3714884810542936,FUZZY_OPTUNA_DARTS,0.6,2026-08-18_02-45-53,0.3,XOR,3.0,1.2,0.0,1.1661903789690602,True,1.4,2,1,5,6,0,5,0,5,1,2.0,1.2,0.0,0.9797958971132712,0.0,2.3714884810542936,4.0,2.4,1.0,1.019803902718557,0.5454545454545454
1.338072695634234,FUZZY_OPTUNA_DARTS,0.8388888888888889,2026-08-18_02-50-59,0.5,XOR,5.0,2.5,0.0,1.9790570145063195,False,1.2666666666666666,2,3,6,15,0,6,2,4,1,4.0,2.5,0.0,1.2583057392117916,0.26666666666666666,1.338072695634234,8.0,5.0,2.0,2.449489742783178,0.7272727272727273
2.247847969808655,FUZZY_OPTUNA_DARTS,0.0,2026-08-18_02-55-52,0.26666666666666666,XOR,3.0,1.3333333333333333,0.0,1.1055415967851332,False,1.7333333333333334,3,2,6,8,0,6,1,5,1,3.0,1.3333333333333333,0.0,1.1055415967851332,0.25,2.247847969808655,5.0,2.6666666666666665,1.0,1.699673171197595,0.0
1.1864440439699864,FUZZY_OPTUNA_DARTS,0.40666666666666673,2026-08-18_02-59-10,0.25555555555555554,XOR,5.0,2.3,0.0,1.7349351572897473,False,1.4166666666666667,2,1,9,23,1,10,2,10,2,5.0,2.3,0.0,1.7916472867168918,0.0,1.1864440439699864,7.0,4.6,0.0,2.009975124224178,0.5060240963855421
1.1063601366472235,FUZZY_OPTUNA_DARTS,0.6280423280423281,2026-08-18_03-17-19,0.4583333333333333,XOR,7.0,3.6666666666666665,0.0,2.3570226039551585,False,1.3611111111111112,2,6,9,33,0,9,2,4,1,5.0,3.6666666666666665,0.0,1.563471919941143,0.48484848484848486,1.1063601366472235,12.0,7.333333333333333,3.0,3.018461712712472,0.6176470588235294
0.9156705602418675,FUZZY_OPTUNA_DARTS,0.20476190476190476,2026-08-18_03-24-48,0.2619047619047619,XOR,4.0,1.5714285714285714,0.0,1.3997084244475304,False,1.619047619047619,3,1,7,11,0,7,2,7,1,3.0,1.5714285714285714,0.0,1.0497813183356477,0.0,0.9156705602418675,5.0,3.142857142857143,1.0,1.4568627181693672,0.15789473684210525
6.161413251614532,FUZZY_OPTUNA_DARTS,0.0,2026-08-18_03-26-32,0.07142857142857142,XOR,2.0,0.42857142857142855,0.0,0.7284313590846836,True,1.5,2,1,4,3,3,7,0,7,4,1.0,0.42857142857142855,0.0,0.4948716593053935,0.0,6.161413251614532,3.0,0.8571428571428571,0.0,0.989743318610787,0.0
3.1797979115666077,FUZZY_OPTUNA_DARTS,0.3111111111111111,2026-08-18_03-24-17,0.18055555555555555,XOR,3.0,1.4444444444444444,0.0,1.2570787221094177,False,1.6428571428571428,3,1,8,13,1,9,1,9,2,4.0,1.4444444444444444,0.0,1.4989708403591158,0.0,3.1797979115666077,5.0,2.888888888888889,0.0,1.5947444549341472,0.41379310344827586
1.3311921900607648,FUZZY_OPTUNA_DARTS,0.5876190476190476,2026-08-18_03-26-38,0.34444444444444444,XOR,7.0,3.1,0.0,2.5475478405713994,False,1.3611111111111112,2,5,9,31,1,10,4,6,2,5.0,3.1,0.0,1.7578395831246947,0.25806451612903225,1.3311921900607648,12.0,6.2,0.0,3.3105890714493698,0.6237623762376238
4.442798761757288,FUZZY_OPTUNA_DARTS,0.3625,2026-08-18_03-30-48,0.26785714285714285,XOR,5.0,1.875,0.0,1.7633419974582356,False,1.5238095238095237,3,4,7,15,1,8,2,5,2,4.0,1.875,0.0,1.3635890143294642,0.26666666666666666,4.442798761757288,8.0,3.75,0.0,2.6339134382131846,0.5172413793103449
5.279939762354416,FUZZY_OPTUNA_DARTS,0.0,2026-08-18_03-39-18,0.15,XOR,2.0,0.6,0.0,0.8,True,1.5,2,1,4,3,1,5,0,5,2,1.0,0.6,0.0,0.4898979485566356,0.0,5.279939762354416,3.0,1.2,0.0,0.9797958971132712,0.0
2.1438226742264597,FUZZY_OPTUNA_DARTS,0.27777777777777773,2026-08-18_03-43-06,0.2,XOR,3.0,1.0,0.0,1.1547005383792515,False,1.6,3,2,5,6,1,6,0,5,2,2.0,1.0,0.0,0.816496580927726,0.3333333333333333,2.1438226742264597,4.0,2.0,0.0,1.5275252316519468,0.42857142857142855
1.9525099300638722,FUZZY_OPTUNA_DARTS,0.31666666666666665,2026-08-18_03-52-25,0.30357142857142855,XOR,4.0,2.125,0.0,1.7633419974582356,False,1.5238095238095237,3,4,7,17,1,8,2,5,2,4.0,2.125,0.0,1.5360257159305635,0.47058823529411764,1.9525099300638722,8.0,4.25,0.0,2.9895651857753496,0.41379310344827586
1.098883059755787,FUZZY_OPTUNA_DARTS,0.8277777777777778,2026-08-18_04-22-48,0.3,XOR,3.0,1.5,0.0,1.2583057392117916,False,1.4666666666666666,2,2,6,9,0,6,0,5,1,3.0,1.5,0.0,1.118033988749895,0.2222222222222222,1.098883059755787,6.0,3.0,2.0,1.4142135623730951,0.5294117647058824
2.5970090731883975,FUZZY_OPTUNA_DARTS,0.4333333333333334,2026-08-18_04-25-28,0.3,XOR,3.0,1.2,0.0,1.1661903789690602,False,1.5,2,1,5,6,0,5,1,5,1,2.0,1.2,0.0,0.7483314773547883,0.0,2.5970090731883975,4.0,2.4,1.0,1.3564659966250536,0.375
2.9965728066283805,FUZZY_OPTUNA_DARTS,0.0,2026-08-18_04-25-59,0.15,XOR,2.0,0.6,0.0,0.8,True,1.5,2,1,4,3,1,5,0,5,2,1.0,0.6,0.0,0.4898979485566356,0.0,2.9965728066283805,3.0,1.2,0.0,0.9797958971132712,0.0
2.9436096240670233,FUZZY_OPTUNA_DARTS,0.4666666666666666,2026-08-18_04-27-41,0.3,XOR,2.0,1.2,0.0,0.9797958971132712,False,1.7,3,1,5,6,0,5,1,5,1,2.0,1.2,0.0,0.7483314773547883,0.0,2.9436096240670233,3.0,2.4,2.0,0.4898979485566356,0.5
4.581929798704529,FUZZY_OPTUNA_DARTS,0.0,2026-08-18_04-28-14,0.3,XOR,2.0,1.2,0.0,0.9797958971132712,True,1.4,2,1,5,6,0,5,0,5,1,2.0,1.2,0.0,0.7483314773547883,0.0,4.581929798704529,3.0,2.4,2.0,0.4898979485566356,0.0
1.2029342039521047,FUZZY_OPTUNA_DARTS,0.33749999999999997,2026-08-18_04-33-24,0.2857142857142857,XOR,4.0,2.0,0.0,1.3228756555322954,False,1.6428571428571428,3,2,8,16,0,8,3,7,1,5.0,2.0,0.0,1.6583123951777,0.125,1.2029342039521047,7.0,4.0,1.0,2.0615528128088303,0.3
5.09509170784112,FUZZY_OPTUNA_DARTS,0.0,2026-08-18_04-42-00,0.15,XOR,2.0,0.6,0.0,0.8,True,1.5,2,1,4,3,1,5,0,5,2,1.0,0.6,0.0,0.4898979485566356,0.0,5.09509170784112,3.0,1.2,0.0,0.9797958971132712,0.0
0.8806587344947022,FUZZY_OPTUNA_DARTS,0.6857142857142857,2026-08-18_04-41-29,0.3333333333333333,XOR,5.0,2.0,0.0,1.6903085094570331,False,1.4285714285714286,2,4,7,14,0,7,0,4,1,3.0,2.0,0.0,1.1952286093343936,0.2857142857142857,0.8806587344947022,8.0,4.0,2.0,2.0701966780270626,0.5
0.8187210379591707,FUZZY_OPTUNA_DARTS,0.3333333333333333,2026-08-18_04-53-16,0.25,XOR,2.0,1.0,0.0,0.8944271909999159,True,1.6,3,1,5,5,0,5,0,5,1,2.0,1.0,0.0,0.6324555320336759,0.0,0.8187210379591707,3.0,2.0,1.0,0.8944271909999159,0.42857142857142855
2.581511213979397,FUZZY_OPTUNA_DARTS,0.4366666666666667,2026-08-18_04-47-26,0.12222222222222222,XOR,4.0,1.1,0.0,1.3,False,1.5714285714285714,3,3,7,11,3,10,1,8,4,3.0,1.1,0.0,1.1357816691600546,0.0,2.581511213979397,7.0,2.2,0.0,2.181742422927143,0.46153846153846156
8.807819458629883,FUZZY_OPTUNA_DARTS,0.0,2026-08-18_04-58-35,0.2,XOR,2.0,0.8,0.0,0.7483314773547883,True,2.0,4,1,5,4,0,5,0,5,1,2.0,0.8,0.0,0.7483314773547883,0.0,8.807819458629883,2.0,1.6,1.0,0.4898979485566356,0.0
0.8266086150636195,FUZZY_OPTUNA_DARTS,0.47333333333333333,2026-08-18_04-57-30,0.26666666666666666,XOR,6.0,2.4,0.0,2.1540659228538015,False,1.3571428571428572,2,4,8,24,2,10,2,7,3,5.0,2.4,0.0,1.8547236990991407,0.3333333333333333,0.8266086150636195,10.0,4.8,0.0,3.249615361854384,0.6268656716417911
4.530823244723858,FUZZY_OPTUNA_DARTS,0.3625,2026-08-18_05-01-20,0.25,XOR,4.0,1.75,0.0,1.479019945774904,False,1.4285714285714286,2,1,7,14,1,8,2,8,2,4.0,1.75,0.0,1.3919410907075054,0.0,4.530823244723858,7.0,3.5,0.0,1.8027756377319946,0.375
1.6651707407078233,FUZZY_OPTUNA_DARTS,0.0,2026-08-18_05-40-31,0.15,XOR,2.0,0.6,0.0,0.8,True,1.5,2,1,4,3,1,5,0,5,2,1.0,0.6,0.0,0.4898979485566356,0.0,1.6651707407078233,3.0,1.2,0.0,0.9797958971132712,0.0
5.230738431728104,FUZZY_OPTUNA_DARTS,0.1875,2026-08-18_05-45-51,0.10714285714285714,XOR,2.0,0.75,0.0,0.82915619758885,True,1.7333333333333334,3,1,6,6,2,8,0,8,3,3.0,0.75,0.0,1.0897247358851685,0.0,5.230738431728104,4.0,1.5,0.0,1.3228756555322954,0.3
1.2457609705542365,FUZZY_OPTUNA_DARTS,0.8277777777777778,2026-08-18_05-53-30,0.36666666666666664,XOR,4.0,1.8333333333333333,0.0,1.4624940645653537,False,1.4666666666666666,2,2,6,11,0,6,2,5,1,3.0,1.8333333333333333,0.0,1.0671873729054748,0.18181818181818182,1.2457609705542365,6.0,3.6666666666666665,2.0,1.699673171197595,0.5294117647058824
0.8747879635839407,FUZZY_OPTUNA_DARTS,0.8388888888888889,2026-08-18_06-01-56,0.4666666666666667,XOR,5.0,2.3333333333333335,0.0,1.8856180831641267,False,1.2666666666666666,2,3,6,14,0,6,1,4,1,3.0,2.3333333333333335,0.0,1.1055415967851332,0.2857142857142857,0.8747879635839407,8.0,4.666666666666667,2.0,2.1343747458109497,0.7272727272727273
1.2691384828327514,FUZZY_OPTUNA_DARTS,0.16666666666666666,2026-08-18_06-05-10,0.2,XOR,2.0,1.0,0.0,0.816496580927726,True,1.8,3,1,6,6,0,6,0,6,1,3.0,1.0,0.0,1.0,0.0,1.2691384828327514,3.0,2.0,1.0,1.0,0.3333333333333333
1.2105859993767332,FUZZY_OPTUNA_DARTS,0.21428571428571427,2026-08-18_06-25-30,0.23809523809523808,XOR,4.0,1.4285714285714286,0.0,1.498298354528788,False,1.6,3,3,6,10,1,7,1,5,2,3.0,1.4285714285714286,0.0,1.0497813183356477,0.4,1.2105859993767332,7.0,2.857142857142857,0.0,2.231499907401901,0.25
1.2893358992247375,FUZZY_OPTUNA_DARTS,0.2166666666666667,2026-08-18_06-38-48,0.1111111111111111,XOR,4.0,1.0,0.0,1.2649110640673518,False,2.142857142857143,4,3,7,10,3,10,1,8,4,3.0,1.0,0.0,1.0,0.4,1.2893358992247375,5.0,2.0,0.0,1.8973665961010275,0.3
2.05627772133137,FUZZY_OPTUNA_DARTS,0.6055555555555555,2026-08-18_07-02-32,0.3333333333333333,XOR,4.0,1.6666666666666667,0.0,1.4907119849998598,False,1.4666666666666666,2,2,6,10,0,6,1,5,1,3.0,1.6666666666666667,0.0,1.247219128924647,0.2,2.05627772133137,6.0,3.3333333333333335,1.0,1.9720265943665387,0.5
0.9868582043385548,FUZZY_OPTUNA_DARTS,0.3333333333333333,2026-08-18_07-21-36,0.16666666666666666,XOR,2.0,1.0,0.0,0.9258200997725514,False,1.8666666666666667,3,1,6,7,1,7,1,7,2,3.0,1.0,0.0,0.9258200997725514,0.0,0.9868582043385548,3.0,2.0,0.0,1.0690449676496976,0.375
0.8885291622444612,FUZZY_OPTUNA_DARTS,0.6291666666666667,2026-08-18_07-33-35,0.21428571428571427,XOR,4.0,1.5,0.0,1.6583123951777,False,1.2666666666666666,2,1,6,12,2,8,1,8,3,3.0,1.5,0.0,1.5,0.0,0.8885291622444612,7.0,3.0,0.0,2.23606797749979,0.7272727272727273
2.523629719221538,FUZZY_OPTUNA_DARTS,0.0,2026-08-18_07-39-51,0.2,XOR,2.0,0.8,0.0,0.7483314773547883,False,1.3333333333333333,2,1,3,4,0,5,1,5,2,1.0,0.8,0.0,0.4,0.0,2.523629719221538,3.0,1.6,1.0,0.8,0.0
1.1756601417416364,FUZZY_OPTUNA_DARTS,0.20476190476190476,2026-08-18_07-39-29,0.2857142857142857,XOR,3.0,1.7142857142857142,0.0,1.1605769149479943,False,1.5238095238095237,2,3,7,12,0,7,0,5,1,3.0,1.7142857142857142,0.0,0.8806305718527109,0.3333333333333333,1.1756601417416364,6.0,3.4285714285714284,2.0,1.498298354528788,0.13043478260869565
2.867037052607784,FUZZY_OPTUNA_DARTS,0.0,2026-08-18_07-39-50,0.19047619047619047,XOR,2.0,1.1428571428571428,0.0,0.989743318610787,True,1.4666666666666666,2,1,6,8,1,7,0,7,2,2.0,1.1428571428571428,0.0,0.989743318610787,0.0,2.867037052607784,4.0,2.2857142857142856,0.0,1.2777531299998799,0.0
1.2342888803556322,FUZZY_OPTUNA_DARTS,0.0,2026-08-18_07-56-12,0.3,XOR,3.0,1.2,0.0,1.1661903789690602,False,1.6,3,1,5,6,0,5,1,5,1,2.0,1.2,0.0,0.7483314773547883,0.0,1.2342888803556322,5.0,2.4,1.0,1.3564659966250536,0.0
1.0665461716950344,FUZZY_OPTUNA_DARTS,0.55,2026-08-18_07-53-03,0.26666666666666666,XOR,6.0,2.4,0.0,2.4576411454889016,False,1.3928571428571428,2,5,8,24,2,10,2,6,3,4.0,2.4,0.0,1.6852299546352718,0.4166666666666667,1.0665461716950344,10.0,4.8,0.0,3.4871191548325386,0.639344262295082
0.8041660064603348,FUZZY_OPTUNA_DARTS,0.7666666666666666,2026-08-18_08-13-36,0.45,XOR,4.0,1.8,0.0,1.6,False,1.3,2,2,5,9,0,5,1,4,1,3.0,1.8,0.0,0.9797958971132712,0.2222222222222222,0.8041660064603348,6.0,3.6,2.0,1.624807680927192,0.6428571428571429
4.981319027864082,FUZZY_OPTUNA_DARTS,0.0,2026-08-18_08-20-32,0.15,XOR,2.0,0.6,0.0,0.8,True,1.5,2,1,4,3,1,5,0,5,2,1.0,0.6,0.0,0.4898979485566356,0.0,4.981319027864082,3.0,1.2,0.0,0.9797958971132712,0.0
1.6353686138264563,FUZZY_OPTUNA_DARTS,0.8422619047619048,2026-08-18_08-58-33,0.35714285714285715,XOR,6.0,2.5,0.0,1.8708286933869707,False,1.3214285714285714,2,2,8,20,0,8,0,7,1,5.0,2.5,0.0,1.7320508075688772,0.1,1.6353686138264563,8.0,5.0,2.0,1.6583123951777,0.75
2.546387480926578,FUZZY_OPTUNA_DARTS,0.4,2026-08-18_08-57-57,0.2777777777777778,XOR,5.0,2.2222222222222223,0.0,1.8724777273725242,False,1.5714285714285714,3,5,8,20,1,9,3,5,2,5.0,2.2222222222222223,0.0,1.617802197617893,0.3,2.546387480926578,8.0,4.444444444444445,0.0,2.7125679146074897,0.5581395348837209
5.234673941133849,FUZZY_OPTUNA_DARTS,0.4333333333333333,2026-08-18_09-08-47,0.25,XOR,2.0,1.0,0.0,0.8944271909999159,True,1.5,2,1,5,5,0,5,0,5,1,2.0,1.0,0.0,0.8944271909999159,0.0,5.234673941133849,4.0,2.0,1.0,1.0954451150103321,0.375
0.8198822085018357,FUZZY_OPTUNA_DARTS,0.5285714285714286,2026-08-18_09-07-21,0.34444444444444444,XOR,7.0,3.1,0.0,2.3430749027719964,False,1.3888888888888888,2,6,9,31,1,10,4,5,2,5.0,3.1,0.0,1.7578395831246947,0.3225806451612903,0.8198822085018357,10.0,6.2,0.0,3.4,0.625
4.268883419577609,FUZZY_OPTUNA_DARTS,0.0,2026-08-18_09-20-00,0.15,XOR,2.0,0.6,0.0,0.8,True,1.5,2,1,4,3,1,5,0,5,2,1.0,0.6,0.0,0.4898979485566356,0.0,4.268883419577609,3.0,1.2,0.0,0.9797958971132712,0.0
1.4040380269734132,FUZZY_OPTUNA_DARTS,0.4444444444444444,2026-08-18_09-26-02,0.26666666666666666,XOR,3.0,1.3333333333333333,0.0,1.1055415967851332,False,1.6,3,1,6,8,0,6,1,6,1,2.0,1.3333333333333333,0.0,0.7453559924999299,0.0,1.4040380269734132,4.0,2.6666666666666665,1.0,1.1055415967851332,0.42857142857142855
3.5719655674318487,FUZZY_OPTUNA_DARTS,0.0,2026-08-18_09-36-50,0.2,XOR,2.0,0.8,0.0,0.7483314773547883,True,1.8,3,1,5,4,0,5,0,5,1,2.0,0.8,0.0,0.7483314773547883,0.0,3.5719655674318487,3.0,1.6,1.0,0.8,0.0
6.3433203112681085,FUZZY_OPTUNA_DARTS,0.45416666666666666,2026-08-18_09-45-44,0.30357142857142855,XOR,5.0,2.125,0.0,1.6909686573085854,False,1.5357142857142858,3,2,8,17,0,8,2,7,1,4.0,2.125,0.0,1.3635890143294642,0.11764705882352941,6.3433203112681085,8.0,4.25,2.0,2.222048604328897,0.43902439024390244
2.2742440466794145,FUZZY_OPTUNA_DARTS,0.0,2026-08-18_10-08-36,0.2,XOR,2.0,0.8,0.0,0.7483314773547883,False,1.3333333333333333,2,1,3,4,0,5,1,5,2,1.0,0.8,0.0,0.4,0.0,2.2742440466794145,3.0,1.6,1.0,0.8,0.0
0.9478406466924352,FUZZY_OPTUNA_DARTS,0.38888888888888884,2026-08-18_10-37-13,0.26666666666666666,XOR,3.0,1.3333333333333333,0.0,1.1055415967851332,False,1.6666666666666667,3,2,6,8,0,6,0,5,1,2.0,1.3333333333333333,0.0,0.7453559924999299,0.25,0.9478406466924352,4.0,2.6666666666666665,1.0,1.3743685418725535,0.46153846153846156
2.676054836650395,FUZZY_OPTUNA_DARTS,0.0,2026-08-18_10-43-15,0.3,XOR,2.0,1.2,0.0,0.9797958971132712,True,1.4,2,1,5,6,0,5,0,5,1,2.0,1.2,0.0,0.7483314773547883,0.0,2.676054836650395,3.0,2.4,2.0,0.4898979485566356,0.0
1.042362034220827,FUZZY_OPTUNA_DARTS,0.0,2026-08-18_10-49-55,0.09523809523809523,XOR,2.0,0.5714285714285714,0.0,0.7284313590846836,True,1.6,2,1,5,4,2,7,0,7,3,2.0,0.5714285714285714,0.0,0.7284313590846836,0.0,1.042362034220827,4.0,1.1428571428571428,0.0,1.2453996981544782,0.0
4.208515283842795,FUZZY_OPTUNA_DARTS,0.0,2026-08-18_10-59-47,0.3,XOR,3.0,1.2,0.0,1.1661903789690602,False,1.6,2,2,5,6,0,5,1,4,1,2.0,1.2,0.0,0.7483314773547883,0.3333333333333333,4.208515283842795,5.0,2.4,1.0,1.7435595774162693,0.0
3.3719375793401767,FUZZY_OPTUNA_DARTS,0.0,2026-08-18_11-27-46,0.25,XOR,2.0,1.0,0.0,0.8944271909999159,True,1.6,3,1,5,5,0,5,0,5,1,2.0,1.0,0.0,0.8944271909999159,0.0,3.3719375793401767,3.0,2.0,1.0,0.6324555320336759,0.0
1.1726032965523046,FUZZY_OPTUNA_DARTS,0.4904761904761904,2026-08-18_11-27-58,0.34444444444444444,XOR,6.0,3.1,0.0,2.071231517720798,False,1.6666666666666667,3,7,10,31,0,10,4,4,1,6.0,3.1,0.0,1.8681541692269403,0.3870967741935484,1.1726032965523046,11.0,6.2,1.0,3.249615361854384,0.5060240963855421
2.792415790525962,FUZZY_OPTUNA_DARTS,0.0,2026-08-18_11-43-40,0.14285714285714285,XOR,2.0,0.8571428571428571,0.0,0.989743318610787,True,1.4,2,1,5,6,2,7,0,7,3,2.0,0.8571428571428571,0.0,0.832993127835043,0.0,2.792415790525962,3.0,1.7142857142857142,0.0,1.1605769149479943,0.0
3.453316507338339,FUZZY_OPTUNA_DARTS,0.0,2026-08-18_11-48-19,0.14285714285714285,XOR,2.0,0.8571428571428571,0.0,0.989743318610787,True,1.4,2,1,5,6,2,7,0,7,3,2.0,0.8571428571428571,0.0,0.832993127835043,0.0,3.453316507338339,3.0,1.7142857142857142,0.0,1.1605769149479943,0.0
1.3458900377189067,FUZZY_OPTUNA_DARTS,0.8333333333333334,2026-08-18_11-57-55,0.43333333333333335,XOR,4.0,2.1666666666666665,0.0,1.6749792701868151,False,1.3333333333333333,2,3,6,13,0,6,1,4,1,3.0,2.1666666666666665,0.0,1.0671873729054748,0.3076923076923077,1.3458900377189067,7.0,4.333333333333333,2.0,2.0548046676563256,0.6428571428571429
1.9481838096678203,FUZZY_OPTUNA_DARTS,0.7392857142857142,2026-08-18_11-57-06,0.43333333333333335,XOR,7.0,3.9,0.0,2.7367864366808017,False,1.288888888888889,2,6,10,39,0,10,4,5,1,6.0,3.9,0.0,1.7,0.15384615384615385,1.9481838096678203,12.0,7.8,4.0,2.7129319932501073,0.7010869565217391
4.1818358700955685,FUZZY_OPTUNA_DARTS,0.0,2026-08-18_12-03-49,0.16071428571428573,XOR,3.0,1.125,0.0,1.165922381636102,False,1.4666666666666666,2,1,6,9,2,8,1,8,3,2.0,1.125,0.0,0.9270248108869579,0.0,4.1818358700955685,4.0,2.25,0.0,1.5612494995995996,0.0
1.3284133243287763,FUZZY_OPTUNA_DARTS,0.10416666666666666,2026-08-18_12-06-34,0.21428571428571427,XOR,4.0,1.5,0.0,1.4142135623730951,False,1.4761904761904763,2,1,7,12,1,8,1,8,2,3.0,1.5,0.0,1.118033988749895,0.0,1.3284133243287763,6.0,3.0,0.0,1.5,0.125
0.8366742760993203,FUZZY_OPTUNA_DARTS,0.7857142857142857,2026-08-18_12-11-24,0.35714285714285715,XOR,4.0,2.142857142857143,0.0,1.5518257844571737,False,1.4285714285714286,2,4,7,15,0,7,2,4,1,3.0,2.142857142857143,0.0,0.989743318610787,0.13333333333333333,0.8366742760993203,7.0,4.285714285714286,2.0,1.8294640678379568,0.5833333333333334
1.0004047163033474,FUZZY_OPTUNA_DARTS,0.7071428571428571,2026-08-18_12-12-04,0.4166666666666667,XOR,7.0,3.3333333333333335,0.0,2.449489742783178,False,1.4166666666666667,2,6,9,30,0,9,4,4,1,6.0,3.3333333333333335,0.0,1.563471919941143,0.3333333333333333,1.0004047163033474,13.0,6.666666666666667,3.0,3.4641016151377544,0.6206896551724138
6.0098824786314236,FUZZY_OPTUNA_DARTS,0.0,2026-08-18_12-32-09,0.19047619047619047,XOR,2.0,1.1428571428571428,0.0,0.989743318610787,True,1.4666666666666666,2,1,6,8,1,7,0,7,2,2.0,1.1428571428571428,0.0,0.989743318610787,0.0,6.0098824786314236,4.0,2.2857142857142856,0.0,1.2777531299998799,0.0
0.8544517543286317,FUZZY_OPTUNA_DARTS,0.4333333333333333,2026-08-18_12-45-46,0.35,XOR,3.0,1.4,0.0,1.3564659966250536,False,1.5,2,2,5,7,0,5,1,4,1,2.0,1.4,0.0,0.8,0.2857142857142857,0.8544517543286317,5.0,2.8,1.0,1.833030277982336,0.375
4.176979272872725,FUZZY_OPTUNA_DARTS,0.8055555555555555,2026-08-18_12-45-13,0.4,XOR,5.0,2.0,0.0,1.7320508075688772,False,1.3333333333333333,2,2,6,12,0,6,1,5,1,3.0,2.0,0.0,1.0,0.16666666666666666,4.176979272872725,7.0,4.0,2.0,1.8257418583505538,0.6666666666666666
0.9771590927002801,FUZZY_OPTUNA_DARTS,0.0,2026-08-18_13-15-11,0.25,XOR,2.0,1.0,0.0,0.8944271909999159,True,1.6,3,1,5,5,0,5,0,5,1,2.0,1.0,0.0,0.8944271909999159,0.0,0.9771590927002801,3.0,2.0,1.0,0.6324555320336759,0.0
2.5096994083295674,FUZZY_OPTUNA_DARTS,0.0,2026-08-18_13-15-46,0.14285714285714285,XOR,2.0,0.8571428571428571,0.0,0.832993127835043,True,1.7333333333333334,3,1,6,6,1,7,0,7,2,2.0,0.8571428571428571,0.0,0.832993127835043,0.0,2.5096994083295674,4.0,1.7142857142857142,0.0,1.1605769149479943,0.0
9.167248674944066,FUZZY_OPTUNA_DARTS,0.0,2026-08-18_13-18-32,0.15,XOR,2.0,0.6,0.0,0.8,True,1.5,2,1,4,3,1,5,0,5,2,1.0,0.6,0.0,0.4898979485566356,0.0,9.167248674944066,3.0,1.2,0.0,0.9797958971132712,0.0
1.848131884774235,FUZZY_OPTUNA_DARTS,0.5370370370370371,2026-08-18_13-20-50,0.25,XOR,6.0,2.0,0.0,2.2110831935702664,False,1.380952380952381,2,4,7,18,2,9,3,6,3,4.0,2.0,0.0,1.563471919941143,0.2222222222222222,1.848131884774235,8.0,4.0,0.0,3.0550504633038935,0.6976744186046512
1.7638005589408672,FUZZY_OPTUNA_DARTS,0.5833333333333334,2026-08-18_13-53-28,0.3,XOR,4.0,1.5,0.0,1.6072751268321592,False,1.3,2,2,5,9,1,6,1,5,2,3.0,1.5,0.0,1.2583057392117916,0.2222222222222222,1.7638005589408672,7.0,3.0,0.0,2.23606797749979,0.8
1.493247946563596,FUZZY_OPTUNA_DARTS,0.7000000000000001,2026-08-18_14-01-12,0.3055555555555556,XOR,5.0,2.4444444444444446,0.0,2.1140330656044943,False,1.4285714285714286,2,4,8,22,1,9,3,6,2,4.0,2.4444444444444446,0.0,1.5713484026367723,0.2727272727272727,1.493247946563596,9.0,4.888888888888889,0.0,3.1071403231354586,0.6206896551724138
2.7047343733940576,FUZZY_OPTUNA_DARTS,0.0,2026-08-18_14-14-46,0.2,XOR,2.0,0.8,0.0,0.7483314773547883,True,1.6,2,1,5,4,0,5,0,5,1,2.0,0.8,0.0,0.7483314773547883,0.0,2.7047343733940576,4.0,1.6,1.0,1.2,0.0
1.8613635713812833,FUZZY_OPTUNA_DARTS,0.25,2026-08-18_14-20-16,0.3,XOR,3.0,1.5,0.0,1.118033988749895,False,1.4666666666666666,2,1,6,9,0,6,1,6,1,3.0,1.5,0.0,0.9574271077563381,0.0,1.8613635713812833,4.0,3.0,2.0,0.816496580927726,0.2
1.5827040555414005,FUZZY_OPTUNA_DARTS,0.6777777777777777,2026-08-18_14-26-25,0.3333333333333333,XOR,3.0,1.6666666666666667,0.0,1.247219128924647,False,1.4,2,3,6,10,0,6,1,4,1,3.0,1.6666666666666667,0.0,0.9428090415820634,0.0,1.5827040555414005,5.0,3.3333333333333335,1.0,1.4907119849998598,0.6521739130434783
1.7611825182223677,FUZZY_OPTUNA_DARTS,0.5809523809523809,2026-08-18_14-30-07,0.2619047619047619,XOR,4.0,1.5714285714285714,0.0,1.5907898179514348,False,1.4,2,3,6,11,1,7,1,5,2,3.0,1.5714285714285714,0.0,1.178030178747903,0.18181818181818182,1.7611825182223677,6.0,3.142857142857143,0.0,2.0995626366712954,0.6521739130434783
2.7830709715421587,FUZZY_OPTUNA_DARTS,0.0,2026-08-18_14-38-36,0.05357142857142857,XOR,2.0,0.375,0.0,0.6959705453537527,True,1.5,2,1,4,3,4,8,0,8,5,1.0,0.375,0.0,0.4841229182759271,0.0,2.7830709715421587,3.0,0.75,0.0,0.9682458365518543,0.0
3.180961631314335,FUZZY_OPTUNA_DARTS,0.26190476190476186,2026-08-18_14-43-53,0.40476190476190477,XOR,5.0,2.4285714285714284,0.0,1.7612611437054218,False,1.4285714285714286,2,3,7,17,0,7,3,5,1,4.0,2.4285714285714284,0.0,1.178030178747903,0.23529411764705882,3.180961631314335,8.0,4.857142857142857,3.0,1.7261494247992246,0.3
1.1141175929871894,FUZZY_OPTUNA_DARTS,0.0,2026-08-18_14-50-34,0.2,XOR,2.0,1.0,0.0,1.0,True,1.4,2,1,5,6,1,6,0,6,2,2.0,1.0,0.0,0.816496580927726,0.0,1.1141175929871894,3.0,2.0,0.0,1.0,0.0
4.551715527004025,FUZZY_OPTUNA_DARTS,0.23809523809523808,2026-08-18_14-50-20,0.21428571428571427,XOR,3.0,1.2857142857142858,0.0,1.1605769149479943,True,1.4,2,1,6,9,1,7,0,7,2,3.0,1.2857142857142858,0.0,1.2777531299998799,0.0,4.551715527004025,4.0,2.5714285714285716,0.0,1.178030178747903,0.3157894736842105
2.5950631110413007,FUZZY_OPTUNA_DARTS,0.0,2026-08-18_15-01-54,0.15,XOR,2.0,0.6,0.0,0.8,True,1.5,2,1,4,3,1,5,0,5,2,1.0,0.6,0.0,0.4898979485566356,0.0,2.5950631110413007,3.0,1.2,0.0,0.9797958971132712,0.0
2.4298823589787677,FUZZY_OPTUNA_DARTS,0.6,2026-08-18_15-16-46,0.4,XOR,3.0,1.6,0.0,1.3564659966250536,False,1.4,2,2,5,8,0,5,1,4,1,3.0,1.6,0.0,1.019803902718557,0.25,2.4298823589787677,5.0,3.2,1.0,1.6,0.5454545454545454
3.2877621198313727,FUZZY_OPTUNA_DARTS,0.0,2026-08-18_15-17-53,0.10714285714285714,XOR,3.0,0.75,0.0,1.0897247358851685,False,2.0,4,2,5,6,3,8,1,7,4,2.0,0.75,0.0,0.82915619758885,0.3333333333333333,3.2877621198313727,5.0,1.5,0.0,1.6583123951777,0.0
0.9750141548675714,FUZZY_OPTUNA_DARTS,0.5791666666666666,2026-08-18_15-19-02,0.35714285714285715,XOR,6.0,2.5,0.0,2.0,False,1.4642857142857142,2,5,8,20,0,8,2,4,1,4.0,2.5,0.0,1.224744871391589,0.3,0.9750141548675714,10.0,5.0,2.0,2.598076211353316,0.574468085106383
1.0535349912625518,FUZZY_OPTUNA_DARTS,0.0,2026-08-18_15-29-06,0.06944444444444445,XOR,2.0,0.5555555555555556,0.0,0.6849348892187752,True,2.1333333333333333,4,1,6,5,3,9,0,9,4,2.0,0.5555555555555556,0.0,0.6849348892187752,0.0,1.0535349912625518,3.0,1.1111111111111112,0.0,0.9938079899999065,0.0
1.0119251099034112,FUZZY_OPTUNA_DARTS,0.5958333333333334,2026-08-18_15-46-24,0.3392857142857143,XOR,5.0,2.375,0.0,1.9324531042175384,False,1.5,3,4,8,19,0,8,2,5,1,4.0,2.375,0.0,1.1110243021644486,0.21052631578947367,1.0119251099034112,7.0,4.75,1.0,2.165063509461097,0.6
1.822835742213601,FUZZY_OPTUNA_DARTS,0.6296296296296297,2026-08-18_15-44-47,0.375,XOR,7.0,3.0,0.0,2.449489742783178,False,1.2857142857142858,2,5,8,27,1,9,3,5,2,5.0,3.0,0.0,1.7638342073763937,0.2962962962962963,1.822835742213601,11.0,6.0,0.0,3.3665016461206925,0.6976744186046512
4.2253805179807475,FUZZY_OPTUNA_DARTS,0.5238095238095238,2026-08-18_15-52-24,0.38095238095238093,XOR,4.0,2.2857142857142856,0.0,1.749635530559413,False,1.380952380952381,2,4,7,16,0,7,0,4,1,4.0,2.2857142857142856,0.0,1.1605769149479943,0.375,4.2253805179807475,7.0,4.571428571428571,2.0,1.7612611437054218,0.5384615384615384
1.997633256696685,FUZZY_OPTUNA_DARTS,0.7095238095238096,2026-08-18_16-01-26,0.38095238095238093,XOR,4.0,2.2857142857142856,0.0,1.4846149779161806,False,1.380952380952381,2,2,7,16,0,7,2,6,1,4.0,2.2857142857142856,0.0,1.665986255670086,0.125,1.997633256696685,7.0,4.571428571428571,2.0,1.7612611437054218,0.6
3.5380307703638936,FUZZY_OPTUNA_DARTS,0.0,2026-08-18_16-16-06,0.10714285714285714,XOR,2.0,0.75,0.0,0.9682458365518543,True,1.4,2,1,5,6,3,8,0,8,4,2.0,0.75,0.0,0.82915619758885,0.0,3.5380307703638936,3.0,1.5,0.0,1.224744871391589,0.0
1.4092305654578683,FUZZY_OPTUNA_DARTS,0.8303571428571428,2026-08-18_16-21-41,0.39285714285714285,XOR,7.0,2.75,0.0,2.277608394786075,False,1.3214285714285714,2,4,8,22,0,8,1,5,1,4.0,2.75,0.0,1.1989578808281798,0.18181818181818182,1.4092305654578683,10.0,5.5,3.0,2.5,0.7125
0.9356437104129172,FUZZY_OPTUNA_DARTS,0.3761904761904762,2026-08-18_16-27-33,0.35714285714285715,XOR,3.0,2.142857142857143,0.0,1.355261854357877,False,1.4285714285714286,2,3,7,15,0,7,1,5,1,4.0,2.142857142857143,0.0,1.2453996981544782,0.26666666666666666,0.9356437104129172,7.0,4.285714285714286,2.0,1.665986255670086,0.375
0.8951649684544615,FUZZY_OPTUNA_DARTS,0.8303571428571428,2026-08-18_16-26-11,0.42857142857142855,XOR,6.0,3.0,0.0,2.0,False,1.3214285714285714,2,5,8,24,0,8,2,4,1,5.0,3.0,0.0,1.5811388300841898,0.25,0.8951649684544615,9.0,6.0,3.0,2.345207879911715,0.7037037037037037
1.0785460792710464,FUZZY_OPTUNA_DARTS,0.3333333333333333,2026-08-18_16-37-07,0.35,XOR,4.0,1.4,0.0,1.4966629547095767,False,1.6,3,2,5,7,0,5,1,4,1,2.0,1.4,0.0,0.8,0.2857142857142857,1.0785460792710464,6.0,2.8,1.0,1.9390719429665315,0.42857142857142855
4.319946054490591,FUZZY_OPTUNA_DARTS,0.0,2026-08-18_16-57-25,0.25,XOR,2.0,1.0,0.0,0.8944271909999159,True,1.6,3,1,5,5,0,5,0,5,1,2.0,1.0,0.0,0.8944271909999159,0.0,4.319946054490591,3.0,2.0,1.0,0.6324555320336759,0.0
2.8490593241080955,FUZZY_OPTUNA_DARTS,0.7666666666666666,2026-08-18_17-02-51,0.35,XOR,3.0,1.4,0.0,1.2,True,1.3,2,1,5,7,0,5,0,5,1,3.0,1.4,0.0,1.2,0.0,2.8490593241080955,4.0,2.8,2.0,0.7483314773547883,0.6428571428571429
1.9386570142314514,FUZZY_OPTUNA_DARTS,0.0,2026-08-18_17-07-19,0.2,XOR,2.0,0.8,0.0,0.7483314773547883,True,1.6,2,1,5,4,0,5,0,5,1,2.0,0.8,0.0,0.7483314773547883,0.0,1.9386570142314514,4.0,1.6,1.0,1.2,0.0
3.2298562978464953,FUZZY_OPTUNA_DARTS,0.5814814814814815,2026-08-18_17-04-07,0.3472222222222222,XOR,5.0,2.7777777777777777,0.0,2.1487866228681907,False,1.3928571428571428,3,5,8,25,1,9,2,5,2,5.0,2.7777777777777777,0.0,1.8121673811444545,0.4,3.2298562978464953,10.0,5.555555555555555,0.0,3.235604395235786,0.6
1.4884397799580316,FUZZY_OPTUNA_DARTS,0.5571428571428572,2026-08-18_17-09-32,0.4523809523809524,XOR,5.0,2.7142857142857144,0.0,1.8294640678379568,False,1.2857142857142858,2,4,7,19,0,7,1,4,1,4.0,2.7142857142857144,0.0,1.385051387833237,0.3157894736842105,1.4884397799580316,9.0,5.428571428571429,3.0,1.9166296949998198,0.5882352941176471
1.6857702447273673,FUZZY_OPTUNA_DARTS,0.0,2026-08-18_17-19-38,0.3,XOR,2.0,1.2,0.0,0.9797958971132712,True,1.4,2,1,5,6,0,5,0,5,1,2.0,1.2,0.0,0.7483314773547883,0.0,1.6857702447273673,3.0,2.4,2.0,0.4898979485566356,0.0
3.096231665132491,FUZZY_OPTUNA_DARTS,0.6,2026-08-18_17-32-53,0.35,XOR,3.0,1.4,0.0,1.2,False,1.4,2,1,5,7,0,5,1,5,1,3.0,1.4,0.0,1.019803902718557,0.0,3.096231665132491,4.0,2.8,1.0,1.1661903789690602,0.5454545454545454
5.921612959345936,FUZZY_OPTUNA_DARTS,0.0,2026-08-18_17-35-58,0.125,XOR,3.0,0.875,0.0,1.0532687216470449,True,1.6666666666666667,3,1,6,7,2,8,0,8,3,3.0,0.875,0.0,0.9270248108869579,0.0,5.921612959345936,3.0,1.75,0.0,1.1989578808281798,0.0
1.4687335377416224,FUZZY_OPTUNA_DARTS,0.0,2026-08-18_17-42-47,0.25,XOR,2.0,1.0,0.0,0.8944271909999159,True,1.6,3,1,5,5,0,5,0,5,1,2.0,1.0,0.0,0.8944271909999159,0.0,1.4687335377416224,3.0,2.0,1.0,0.6324555320336759,0.0
0.9677337891686053,FUZZY_OPTUNA_DARTS,0.4037037037037037,2026-08-18_17-49-16,0.3055555555555556,XOR,6.0,2.4444444444444446,0.0,2.006163342807532,False,1.5,3,5,8,22,1,9,3,5,2,4.0,2.4444444444444446,0.0,1.5713484026367723,0.36363636363636365,0.9677337891686053,9.0,4.888888888888889,0.0,2.9979416807182315,0.45652173913043476
0.9750116442707237,FUZZY_OPTUNA_DARTS,0.2777777777777778,2026-08-18_18-07-48,0.36666666666666664,XOR,4.0,1.8333333333333333,0.0,1.4624940645653537,False,1.4,2,1,6,11,0,6,2,6,1,3.0,1.8333333333333333,0.0,0.8975274678557507,0.0,0.9750116442707237,6.0,3.6666666666666665,2.0,1.4907119849998598,0.3
2.56589972074385,FUZZY_OPTUNA_DARTS,0.0,2026-08-18_18-33-52,0.15,XOR,2.0,0.6,0.0,0.8,True,1.5,2,1,4,3,1,5,0,5,2,1.0,0.6,0.0,0.4898979485566356,0.0,2.56589972074385,3.0,1.2,0.0,0.9797958971132712,0.0
3.015944905294744,FUZZY_OPTUNA_DARTS,0.0,2026-08-18_18-41-10,0.3,XOR,3.0,1.2,0.0,1.1661903789690602,False,1.6,3,1,5,6,0,5,1,5,1,2.0,1.2,0.0,0.7483314773547883,0.0,3.015944905294744,5.0,2.4,1.0,1.3564659966250536,0.0
4.02798114471905,FUZZY_OPTUNA_DARTS,0.0,2026-08-18_18-43-02,0.3,XOR,2.0,1.2,0.0,0.9797958971132712,True,1.4,2,1,5,6,0,5,0,5,1,2.0,1.2,0.0,0.7483314773547883,0.0,4.02798114471905,3.0,2.4,2.0,0.4898979485566356,0.0
3.1643461920518177,FUZZY_OPTUNA_DARTS,0.27777777777777773,2026-08-18_18-44-17,0.2,XOR,4.0,1.0,0.0,1.4142135623730951,False,1.6,3,1,5,6,1,6,1,6,2,2.0,1.0,0.0,0.816496580927726,0.0,3.1643461920518177,5.0,2.0,0.0,1.632993161855452,0.42857142857142855
0.9863522096540949,FUZZY_OPTUNA_DARTS,0.6,2026-08-18_18-46-06,0.35,XOR,3.0,1.4,0.0,1.3564659966250536,False,1.4,2,2,5,7,0,5,0,4,1,2.0,1.4,0.0,0.8,0.2857142857142857,0.9863522096540949,5.0,2.8,1.0,1.469693845669907,0.5454545454545454
3.113122020231788,FUZZY_OPTUNA_DARTS,0.0,2026-08-18_18-45-16,0.23809523809523808,XOR,3.0,1.4285714285714286,0.0,1.2936264483053452,False,1.4,2,1,6,10,1,7,1,7,2,3.0,1.4285714285714286,0.0,1.178030178747903,0.0,3.113122020231788,5.0,2.857142857142857,0.0,1.355261854357877,0.0
0.8063174522438097,FUZZY_OPTUNA_DARTS,0.23809523809523808,2026-08-18_18-55-34,0.16666666666666666,XOR,4.0,1.0,0.0,1.4142135623730951,False,1.6,3,2,5,7,2,7,1,6,3,2.0,1.0,0.0,0.9258200997725514,0.2857142857142857,0.8063174522438097,6.0,2.0,0.0,2.0701966780270626,0.42857142857142855
4.08830101701295,FUZZY_OPTUNA_DARTS,0.6333333333333333,2026-08-18_18-59-35,0.4,XOR,5.0,2.0,0.0,1.9148542155126762,False,1.4666666666666666,2,3,6,12,0,6,1,4,1,3.0,2.0,0.0,1.0,0.5,4.08830101701295,8.0,4.0,1.0,2.6457513110645907,0.47368421052631576
3.0456518014875966,FUZZY_OPTUNA_DARTS,0.8,2026-08-18_19-02-16,0.4,XOR,4.0,1.6,0.0,1.4966629547095767,False,1.3,2,1,5,8,0,5,1,5,1,2.0,1.6,0.0,0.8,0.0,3.0456518014875966,6.0,3.2,2.0,1.6,0.6
3.797512617644065,FUZZY_OPTUNA_DARTS,0.0,2026-08-18_19-03-23,0.3,XOR,2.0,1.2,0.0,0.9797958971132712,True,1.4,2,1,5,6,0,5,0,5,1,2.0,1.2,0.0,0.7483314773547883,0.0,3.797512617644065,3.0,2.4,2.0,0.4898979485566356,0.0
0.8288521188028299,FUZZY_OPTUNA_DARTS,0.0,2026-08-18_19-30-32,0.35,XOR,3.0,1.4,0.0,1.2,False,1.4,2,1,5,7,0,5,1,5,1,2.0,1.4,0.0,0.8,0.0,0.8288521188028299,5.0,2.8,2.0,1.1661903789690602,0.0
1.4891664404053593,FUZZY_OPTUNA_DARTS,0.36666666666666664,2026-08-18_19-23-34,0.2,XOR,5.0,1.8,0.0,1.6613247725836149,False,1.5,3,4,8,18,2,10,0,7,3,4.0,1.8,0.0,1.6,0.3333333333333333,1.4891664404053593,7.0,3.6,0.0,2.3748684174075834,0.4375
0.8207774960285574,FUZZY_OPTUNA_DARTS,0.4458333333333333,2026-08-18_19-46-18,0.2857142857142857,XOR,4.0,2.0,0.0,1.6583123951777,False,1.380952380952381,2,2,7,16,1,8,2,7,2,4.0,2.0,0.0,1.4142135623730951,0.125,0.8207774960285574,8.0,4.0,0.0,2.179449471770337,0.47368421052631576
3.9987328352722953,FUZZY_OPTUNA_DARTS,0.44166666666666665,2026-08-18_20-07-05,0.35714285714285715,XOR,5.0,2.5,0.0,1.8708286933869707,False,1.4285714285714286,2,4,8,20,0,8,1,5,1,4.0,2.5,0.0,1.3228756555322954,0.3,3.9987328352722953,8.0,5.0,2.0,2.179449471770337,0.4444444444444444
1.5689026988530363,FUZZY_OPTUNA_DARTS,0.5555555555555555,2026-08-18_20-18-37,0.16666666666666666,XOR,3.0,0.8333333333333334,0.0,1.2133516482134197,True,1.1666666666666667,2,1,4,5,2,6,0,6,3,2.0,0.8333333333333334,0.0,0.8975274678557507,0.0,1.5689026988530363,3.0,1.6666666666666667,0.0,1.247219128924647,0.75
0.8355391768253498,FUZZY_OPTUNA_DARTS,0.10416666666666666,2026-08-18_20-48-08,0.17857142857142858,XOR,3.0,1.25,0.0,1.1989578808281798,True,1.5238095238095237,2,1,7,10,1,8,0,8,2,2.0,1.25,0.0,0.82915619758885,0.0,0.8355391768253498,4.0,2.5,0.0,1.224744871391589,0.14285714285714285
2.332407916539697,FUZZY_OPTUNA_DARTS,0.7208333333333334,2026-08-18_20-49-58,0.30357142857142855,XOR,5.0,2.125,0.0,1.899835519196333,False,1.380952380952381,2,4,7,17,1,8,1,5,2,4.0,2.125,0.0,1.4523687548277813,0.35294117647058826,2.332407916539697,8.0,4.25,0.0,2.8613807855648994,0.6136363636363636
1.880286484446032,FUZZY_OPTUNA_DARTS,0.0,2026-08-18_21-03-20,0.3,XOR,2.0,1.2,0.0,0.9797958971132712,True,1.4,2,1,5,6,0,5,0,5,1,2.0,1.2,0.0,0.7483314773547883,0.0,1.880286484446032,3.0,2.4,2.0,0.4898979485566356,0.0
0.8559083575632933,FUZZY_OPTUNA_DARTS,0.5714285714285714,2026-08-18_21-05-15,0.35714285714285715,XOR,5.0,2.142857142857143,0.0,1.9587584572574412,False,1.3333333333333333,2,3,6,15,1,7,2,5,2,4.0,2.142857142857143,0.0,1.4568627181693672,0.4,0.8559083575632933,8.0,4.285714285714286,0.0,2.864276807966203,0.6
2.740536486178824,FUZZY_OPTUNA_DARTS,0.0,2026-08-18_21-11-43,0.3,XOR,3.0,1.2,0.0,1.1661903789690602,False,1.6,2,2,5,6,0,5,1,4,1,2.0,1.2,0.0,0.7483314773547883,0.3333333333333333,2.740536486178824,5.0,2.4,1.0,1.7435595774162693,0.0
0.8287615567000616,FUZZY_OPTUNA_DARTS,0.0,2026-08-18_21-15-14,0.35,XOR,3.0,1.4,0.0,1.2,False,1.4,2,1,5,7,0,5,1,5,1,2.0,1.4,0.0,0.8,0.0,0.8287615567000616,5.0,2.8,2.0,1.1661903789690602,0.0
1.664592475413812,FUZZY_OPTUNA_DARTS,0.0,2026-08-18_21-24-13,0.15,XOR,2.0,0.6,0.0,0.8,True,1.5,2,1,4,3,1,5,0,5,2,1.0,0.6,0.0,0.4898979485566356,0.0,1.664592475413812,3.0,1.2,0.0,0.9797958971132712,0.0
1.356504009763259,FUZZY_OPTUNA_DARTS,0.6388888888888888,2026-08-18_21-30-41,0.23333333333333334,XOR,3.0,1.1666666666666667,0.0,1.2133516482134197,True,1.3,2,1,5,7,1,6,0,6,2,3.0,1.1666666666666667,0.0,1.0671873729054748,0.0,1.356504009763259,4.0,2.3333333333333335,0.0,1.247219128924647,0.6428571428571429
1.5038518229415856,FUZZY_OPTUNA_DARTS,0.0,2026-08-18_21-49-56,0.25,XOR,2.0,1.0,0.0,0.8944271909999159,True,1.6,3,1,5,5,0,5,0,5,1,2.0,1.0,0.0,0.8944271909999159,0.0,1.5038518229415856,3.0,2.0,1.0,0.6324555320336759,0.0
6.302857028486296,FUZZY_OPTUNA_DARTS,0.0,2026-08-18_21-53-59,0.2,XOR,2.0,1.0,0.0,1.0,False,1.6,3,1,5,6,1,6,1,6,2,2.0,1.0,0.0,0.816496580927726,0.0,6.302857028486296,4.0,2.0,0.0,1.2909944487358056,0.0
2.334825736100728,FUZZY_OPTUNA_DARTS,0.8055555555555555,2026-08-18_22-08-17,0.4,XOR,4.0,2.0,0.0,1.5275252316519468,False,1.3333333333333333,2,2,6,12,0,6,1,5,1,3.0,2.0,0.0,1.4142135623730951,0.16666666666666666,2.334825736100728,7.0,4.0,2.0,1.8257418583505538,0.6923076923076923
1.744289317775053,FUZZY_OPTUNA_DARTS,0.0,2026-08-18_22-12-58,0.3,XOR,3.0,1.5,0.0,1.2583057392117916,False,1.6,3,3,6,9,0,6,0,4,1,2.0,1.5,0.0,0.7637626158259734,0.4444444444444444,1.744289317775053,5.0,3.0,1.0,1.4142135623730951,0.0
1.067038349186471,FUZZY_OPTUNA_DARTS,0.6333333333333333,2026-08-18_22-15-09,0.26666666666666666,XOR,3.0,1.3333333333333333,0.0,1.1055415967851332,True,1.4666666666666666,2,1,6,8,0,6,0,6,1,3.0,1.3333333333333333,0.0,1.1055415967851332,0.0,1.067038349186471,5.0,2.6666666666666665,1.0,1.3743685418725535,0.47368421052631576
4.817075292913804,FUZZY_OPTUNA_DARTS,0.8333333333333334,2026-08-18_22-20-46,0.36666666666666664,XOR,4.0,1.8333333333333333,0.0,1.4624940645653537,False,1.3333333333333333,2,1,6,11,0,6,1,6,1,3.0,1.8333333333333333,0.0,1.0671873729054748,0.0,4.817075292913804,7.0,3.6666666666666665,2.0,1.7950549357115013,0.6428571428571429
1.6214809264311438,FUZZY_OPTUNA_DARTS,0.0,2026-08-18_22-35-57,0.3,XOR,3.0,1.2,0.0,1.1661903789690602,False,1.6,3,1,5,6,0,5,1,5,1,2.0,1.2,0.0,0.7483314773547883,0.0,1.6214809264311438,5.0,2.4,1.0,1.3564659966250536,0.0
1.9703171272688635,FUZZY_OPTUNA_DARTS,0.0,2026-08-18_22-40-10,0.15,XOR,2.0,0.6,0.0,0.8,True,1.5,2,1,4,3,1,5,0,5,2,1.0,0.6,0.0,0.4898979485566356,0.0,1.9703171272688635,3.0,1.2,0.0,0.9797958971132712,0.0
1.4965985913694113,FUZZY_OPTUNA_DARTS,0.0,2026-08-18_22-45-54,0.11904761904761904,XOR,2.0,0.7142857142857143,0.0,0.8806305718527109,True,1.6,3,1,5,5,2,7,0,7,3,2.0,0.7142857142857143,0.0,0.8806305718527109,0.0,1.4965985913694113,3.0,1.4285714285714286,0.0,1.0497813183356477,0.0
5.329216940366694,FUZZY_OPTUNA_DARTS,0.0,2026-08-18_22-57-45,0.25,XOR,2.0,1.0,0.0,0.8944271909999159,True,1.6,3,1,5,5,0,5,0,5,1,2.0,1.0,0.0,0.6324555320336759,0.0,5.329216940366694,3.0,2.0,1.0,0.6324555320336759,0.0
3.5263532708576295,FUZZY_OPTUNA_DARTS,0.0,2026-08-18_23-00-16,0.2,XOR,2.0,1.0,0.0,1.0,True,1.4,2,1,5,6,1,6,0,6,2,2.0,1.0,0.0,0.816496580927726,0.0,3.5263532708576295,3.0,2.0,0.0,1.0,0.0
1.389831034915384,FUZZY_OPTUNA_DARTS,0.6275132275132276,2026-08-18_22-58-09,0.4027777777777778,XOR,6.0,3.2222222222222223,0.0,2.199887763691481,False,1.3333333333333333,2,2,9,29,0,9,3,7,1,5.0,3.2222222222222223,0.0,1.617802197617893,0.13793103448275862,1.389831034915384,9.0,6.444444444444445,3.0,2.006163342807532,0.5945945945945946
0.9861627826897101,FUZZY_OPTUNA_DARTS,0.5428571428571428,2026-08-18_23-05-40,0.23809523809523808,XOR,4.0,1.4285714285714286,0.0,1.498298354528788,False,1.4666666666666666,2,2,6,10,1,7,1,6,2,3.0,1.4285714285714286,0.0,1.0497813183356477,0.2,0.9861627826897101,6.0,2.857142857142857,0.0,2.166535841157586,0.47368421052631576
5.719339601770154,FUZZY_OPTUNA_DARTS,0.4333333333333334,2026-08-18_23-16-55,0.25,XOR,2.0,1.0,0.0,0.8944271909999159,True,1.5,2,1,5,5,0,5,0,5,1,2.0,1.0,0.0,0.8944271909999159,0.0,5.719339601770154,4.0,2.0,1.0,1.0954451150103321,0.375
2.320061535241531,FUZZY_OPTUNA_DARTS,0.0,2026-08-18_23-18-49,0.2,XOR,2.0,0.8,0.0,0.7483314773547883,False,1.3333333333333333,2,1,3,4,0,5,1,5,2,1.0,0.8,0.0,0.4,0.0,2.320061535241531,3.0,1.6,1.0,0.8,0.0
1.0059479665117725,FUZZY_OPTUNA_DARTS,0.8,2026-08-18_23-22-13,0.35,XOR,3.0,1.4,0.0,1.2,True,1.3,2,1,5,7,0,5,0,5,1,2.0,1.4,0.0,0.8,0.0,1.0059479665117725,4.0,2.8,2.0,0.9797958971132712,0.6
1.0911829851588892,FUZZY_OPTUNA_DARTS,0.0,2026-08-18_23-36-44,0.15,XOR,2.0,0.6,0.0,0.8,True,1.5,2,1,4,3,1,5,0,5,2,1.0,0.6,0.0,0.4898979485566356,0.0,1.0911829851588892,3.0,1.2,0.0,0.9797958971132712,0.0
0.944655202302532,FUZZY_OPTUNA_DARTS,0.5809523809523809,2026-08-18_23-46-13,0.2619047619047619,XOR,4.0,1.5714285714285714,0.0,1.5907898179514348,False,1.4,2,3,6,11,1,7,2,5,2,3.0,1.5714285714285714,0.0,1.0497813183356477,0.0,0.944655202302532,6.0,3.142857142857143,0.0,2.0995626366712954,0.6521739130434783
1.88521311867903,FUZZY_OPTUNA_DARTS,0.42499999999999993,2026-08-18_23-47-25,0.23214285714285715,XOR,4.0,1.625,0.0,1.4947825928876748,False,1.4285714285714286,2,1,7,13,1,8,1,8,2,3.0,1.625,0.0,1.1110243021644486,0.0,1.88521311867903,6.0,3.25,0.0,1.5612494995995996,0.5
0.8894101219910692,FUZZY_OPTUNA_DARTS,0.8,2026-08-18_23-58-45,0.4,XOR,4.0,1.6,0.0,1.4966629547095767,False,1.3,2,1,5,8,0,5,1,5,1,2.0,1.6,0.0,0.8,0.0,0.8894101219910692,6.0,3.2,2.0,1.6,0.6
0.9379841663272586,FUZZY_OPTUNA_DARTS,0.6819047619047619,2026-08-18_23-52-52,0.34444444444444444,XOR,7.0,3.1,0.0,2.4269322199023193,False,1.3333333333333333,2,6,9,31,1,10,2,5,2,5.0,3.1,0.0,1.8681541692269403,0.3225806451612903,0.9379841663272586,10.0,6.2,0.0,3.0919249667480613,0.7168141592920354
3.909766468451788,FUZZY_OPTUNA_DARTS,0.26190476190476186,2026-08-19_00-34-53,0.2619047619047619,XOR,4.0,1.5714285714285714,0.0,1.498298354528788,False,1.5333333333333334,3,3,6,11,1,7,1,5,2,3.0,1.5714285714285714,0.0,1.178030178747903,0.36363636363636365,3.909766468451788,7.0,3.142857142857143,0.0,2.231499907401901,0.375
3.027812460732775,FUZZY_OPTUNA_DARTS,0.31666666666666665,2026-08-19_00-42-07,0.26785714285714285,XOR,4.0,1.875,0.0,1.5360257159305635,False,1.4761904761904763,2,4,7,15,1,8,0,5,2,3.0,1.875,0.0,1.165922381636102,0.5333333333333333,3.027812460732775,7.0,3.75,0.0,2.384848003542364,0.32142857142857145
2.4509950918932284,FUZZY_OPTUNA_DARTS,0.0,2026-08-19_00-46-19,0.15,XOR,2.0,0.6,0.0,0.8,True,1.5,2,1,4,3,1,5,0,5,2,1.0,0.6,0.0,0.4898979485566356,0.0,2.4509950918932284,3.0,1.2,0.0,0.9797958971132712,0.0
1.0277315868937982,FUZZY_OPTUNA_DARTS,0.0,2026-08-19_00-49-46,0.25,XOR,3.0,1.0,0.0,1.0954451150103321,False,1.8,3,1,5,5,0,5,1,5,1,2.0,1.0,0.0,0.6324555320336759,0.0,1.0277315868937982,4.0,2.0,1.0,1.2649110640673518,0.0
1.6075819251643912,FUZZY_OPTUNA_DARTS,0.6777777777777777,2026-08-19_00-51-31,0.4,XOR,5.0,2.0,0.0,1.9148542155126762,False,1.4,2,2,6,12,0,6,2,5,1,3.0,2.0,0.0,1.0,0.16666666666666666,1.6075819251643912,7.0,4.0,1.0,2.160246899469287,0.6521739130434783
1.947752264249532,FUZZY_OPTUNA_DARTS,0.2777777777777778,2026-08-19_00-58-01,0.36666666666666664,XOR,4.0,1.8333333333333333,0.0,1.4624940645653537,False,1.4,2,2,6,11,0,6,1,5,1,3.0,1.8333333333333333,0.0,0.8975274678557507,0.18181818181818182,1.947752264249532,6.0,3.6666666666666665,2.0,1.4907119849998598,0.3
2.7698146550424134,FUZZY_OPTUNA_DARTS,0.0,2026-08-19_01-00-14,0.15,XOR,2.0,0.6,0.0,0.8,True,1.5,2,1,4,3,1,5,0,5,2,1.0,0.6,0.0,0.4898979485566356,0.0,2.7698146550424134,3.0,1.2,0.0,0.9797958971132712,0.0
1.1757693173399408,FUZZY_OPTUNA_DARTS,0.0,2026-08-19_01-01-35,0.08888888888888889,XOR,4.0,0.8,0.0,1.2489995996796797,False,1.6,3,1,6,8,4,10,1,10,5,2.0,0.8,0.0,0.8717797887081347,0.0,1.1757693173399408,5.0,1.6,0.0,1.6852299546352718,0.0
3.7940785849951464,FUZZY_OPTUNA_DARTS,0.5125,2026-08-19_01-17-40,0.375,XOR,6.0,2.625,0.0,2.117634293262177,False,1.4285714285714286,3,2,8,21,0,8,3,7,1,4.0,2.625,0.0,1.2183492931011204,0.09523809523809523,3.7940785849951464,9.0,5.25,3.0,2.1065374432940898,0.5409836065573771
3.4756341768760937,FUZZY_OPTUNA_DARTS,0.819047619047619,2026-08-19_01-48-56,0.4523809523809524,XOR,6.0,2.7142857142857144,0.0,2.0503857277724746,False,1.2857142857142858,2,4,7,19,0,7,1,4,1,4.0,2.7142857142857144,0.0,1.1605769149479943,0.3157894736842105,3.4756341768760937,9.0,5.428571428571429,3.0,2.381904571504724,0.7090909090909091
9.272648767699266,FUZZY_OPTUNA_DARTS,0.5,2026-08-19_01-53-20,0.2619047619047619,XOR,5.0,1.5714285714285714,0.0,1.7612611437054218,False,1.5333333333333334,3,3,6,11,1,7,1,5,2,3.0,1.5714285714285714,0.0,1.178030178747903,0.36363636363636365,9.272648767699266,8.0,3.142857142857143,0.0,2.4743582965269675,0.5294117647058824
1.0091209524852702,FUZZY_OPTUNA_DARTS,0.0,2026-08-19_01-56-40,0.26666666666666666,XOR,2.0,1.3333333333333333,0.0,0.9428090415820634,True,1.5333333333333334,3,1,6,8,0,6,0,6,1,3.0,1.3333333333333333,0.0,1.247219128924647,0.0,1.0091209524852702,3.0,2.6666666666666665,2.0,0.4714045207910317,0.0
1.4774802811296015,FUZZY_OPTUNA_DARTS,0.0,2026-08-19_02-08-29,0.25,XOR,2.0,1.0,0.0,0.8944271909999159,True,1.6,3,1,5,5,0,5,0,5,1,2.0,1.0,0.0,0.6324555320336759,0.0,1.4774802811296015,3.0,2.0,1.0,0.6324555320336759,0.0
1.0032678240640602,FUZZY_OPTUNA_DARTS,0.5428571428571428,2026-08-19_02-11-56,0.23809523809523808,XOR,4.0,1.4285714285714286,0.0,1.498298354528788,False,1.4666666666666666,2,2,6,10,1,7,1,6,2,2.0,1.4285714285714286,0.0,0.9035079029052513,0.2,1.0032678240640602,6.0,2.857142857142857,0.0,1.8844151368961313,0.47368421052631576
1.4921637236618495,FUZZY_OPTUNA_DARTS,0.0,2026-08-19_02-24-44,0.16666666666666666,XOR,2.0,0.8333333333333334,0.0,0.8975274678557507,True,1.6,3,1,5,5,1,6,0,6,2,2.0,0.8333333333333334,0.0,0.6871842709362768,0.0,1.4921637236618495,3.0,1.6666666666666667,0.0,0.9428090415820634,0.0
2.0902532275945727,FUZZY_OPTUNA_DARTS,0.4859523809523809,2026-08-19_02-29-46,0.34444444444444444,XOR,6.0,3.1,0.0,2.118962010041709,False,1.5333333333333334,3,6,10,31,0,10,3,5,1,5.0,3.1,0.0,1.8138357147217055,0.3870967741935484,2.0902532275945727,10.0,6.2,1.0,3.280243893371345,0.574468085106383
0.8739160528507233,FUZZY_OPTUNA_DARTS,0.2571428571428571,2026-08-19_02-35-02,0.3333333333333333,XOR,4.0,2.0,0.0,1.4142135623730951,False,1.5238095238095237,3,2,7,14,0,7,2,6,1,3.0,2.0,0.0,1.0690449676496976,0.14285714285714285,0.8739160528507233,6.0,4.0,1.0,1.6903085094570331,0.32142857142857145
0.8115343414514944,FUZZY_OPTUNA_DARTS,0.589047619047619,2026-08-19_02-52-54,0.32222222222222224,XOR,7.0,2.9,0.0,2.5865034312755126,False,1.5555555555555556,3,6,9,29,1,10,2,5,2,5.0,2.9,0.0,1.7578395831246947,0.5517241379310345,0.8115343414514944,12.0,5.8,0.0,3.8157568056677826,0.6233766233766234
2.805310222728738,FUZZY_OPTUNA_DARTS,0.8666666666666666,2026-08-19_03-06-14,0.45,XOR,4.0,1.8,0.0,1.6,False,1.2,2,1,5,9,0,5,1,5,1,3.0,1.8,0.0,0.9797958971132712,0.0,2.805310222728738,6.0,3.6,2.0,1.3564659966250536,0.7894736842105263
1.8349284411794593,FUZZY_OPTUNA_DARTS,0.0,2026-08-19_03-09-06,0.13333333333333333,XOR,2.0,0.6666666666666666,0.0,0.7453559924999299,True,1.6,2,1,5,4,1,6,0,6,2,2.0,0.6666666666666666,0.0,0.7453559924999299,0.0,1.8349284411794593,4.0,1.3333333333333333,0.0,1.247219128924647,0.0
0.8018623845719766,FUZZY_OPTUNA_DARTS,0.0,2026-08-19_03-12-19,0.35,XOR,3.0,1.4,0.0,1.2,False,1.4,2,1,5,7,0,5,1,5,1,2.0,1.4,0.0,0.8,0.0,0.8018623845719766,5.0,2.8,2.0,1.1661903789690602,0.0
2.805075429080665,FUZZY_OPTUNA_DARTS,0.0,2026-08-19_03-18-14,0.15,XOR,2.0,0.6,0.0,0.8,True,1.5,2,1,4,3,1,5,0,5,2,1.0,0.6,0.0,0.4898979485566356,0.0,2.805075429080665,3.0,1.2,0.0,0.9797958971132712,0.0
1.2522253889791533,FUZZY_OPTUNA_DARTS,0.37,2026-08-19_03-35-24,0.2,XOR,5.0,1.8,0.0,1.7204650534085253,False,1.3928571428571428,2,4,8,18,2,10,0,7,3,3.0,1.8,0.0,1.2489995996796797,0.1111111111111111,1.2522253889791533,7.0,3.6,0.0,2.1540659228538015,0.4576271186440678
1.1813553620065544,FUZZY_OPTUNA_DARTS,0.4761904761904762,2026-08-19_03-44-48,0.38095238095238093,XOR,6.0,2.2857142857142856,0.0,1.9059520091609048,False,1.4761904761904763,3,3,7,16,0,7,2,5,1,4.0,2.2857142857142856,0.0,1.1605769149479943,0.25,1.1813553620065544,9.0,4.571428571428571,2.0,2.060315014550851,0.45454545454545453
6.049261842510789,FUZZY_OPTUNA_DARTS,0.0,2026-08-19_04-02-48,0.15,XOR,2.0,0.6,0.0,0.8,True,1.5,2,1,4,3,1,5,0,5,2,1.0,0.6,0.0,0.4898979485566356,0.0,6.049261842510789,3.0,1.2,0.0,0.9797958971132712,0.0
1.668946180134461,FUZZY_OPTUNA_DARTS,0.4444444444444444,2026-08-19_04-05-01,0.4,XOR,3.0,2.0,0.0,1.4142135623730951,False,1.3333333333333333,2,3,6,12,0,6,0,4,1,3.0,2.0,0.0,1.0,0.3333333333333333,1.668946180134461,6.0,4.0,2.0,1.4142135623730951,0.48
3.8506295574372236,FUZZY_OPTUNA_DARTS,0.27777777777777773,2026-08-19_04-13-49,0.23333333333333334,XOR,2.0,1.1666666666666667,0.0,0.8975274678557507,True,1.6666666666666667,3,1,6,7,0,6,0,6,1,3.0,1.1666666666666667,0.0,1.0671873729054748,0.0,3.8506295574372236,3.0,2.3333333333333335,1.0,0.7453559924999299,0.2727272727272727
0.989195600423,FUZZY_OPTUNA_DARTS,0.7760317460317461,2026-08-19_04-23-25,0.4222222222222222,XOR,8.0,3.8,0.0,2.3579652245103193,False,1.3555555555555556,2,7,10,38,0,10,1,4,1,6.0,3.8,0.0,1.6613247725836149,0.42105263157894735,0.989195600423,13.0,7.6,2.0,3.168595903550972,0.6967741935483871
5.755628652002963,FUZZY_OPTUNA_DARTS,0.6,2026-08-19_04-34-11,0.35,XOR,4.0,1.4,0.0,1.4966629547095767,False,1.4,2,1,5,7,0,5,1,5,1,2.0,1.4,0.0,0.8,0.0,5.755628652002963,5.0,2.8,1.0,1.469693845669907,0.5454545454545454
2.795122784913793,FUZZY_OPTUNA_DARTS,0.0,2026-08-19_04-36-24,0.21428571428571427,XOR,3.0,1.5,0.0,1.224744871391589,False,1.619047619047619,3,3,7,12,1,8,0,6,2,3.0,1.5,0.0,1.224744871391589,0.3333333333333333,2.795122784913793,5.0,3.0,0.0,1.7320508075688772,0.0
2.221908421065537,FUZZY_OPTUNA_DARTS,0.0,2026-08-19_05-25-31,0.25,XOR,3.0,1.0,0.0,1.0954451150103321,False,1.8,3,1,5,5,0,5,1,5,1,2.0,1.0,0.0,0.6324555320336759,0.0,2.221908421065537,4.0,2.0,1.0,1.2649110640673518,0.0
2.1378023199857896,FUZZY_OPTUNA_DARTS,0.32083333333333336,2026-08-19_05-29-59,0.32142857142857145,XOR,4.0,2.25,0.0,1.6393596310755,False,1.3928571428571428,2,1,8,18,0,8,1,8,1,4.0,2.25,0.0,1.5612494995995996,0.0,2.1378023199857896,7.0,4.5,3.0,1.118033988749895,0.3684210526315789
5.904680400653942,FUZZY_OPTUNA_DARTS,0.0,2026-08-19_05-40-45,0.2,XOR,2.0,0.8,0.0,0.7483314773547883,True,1.6,2,1,5,4,0,5,0,5,1,2.0,0.8,0.0,0.7483314773547883,0.0,5.904680400653942,4.0,1.6,1.0,1.2,0.0
2.303420491633103,FUZZY_OPTUNA_DARTS,0.5,2026-08-19_05-50-26,0.2,XOR,3.0,1.0,0.0,1.1547005383792515,True,1.4,2,1,5,6,1,6,0,6,2,2.0,1.0,0.0,1.0,0.0,2.303420491633103,4.0,2.0,0.0,1.2909944487358056,0.5454545454545454
4.6186184976370965,FUZZY_OPTUNA_DARTS,0.0,2026-08-19_05-53-39,0.35,XOR,3.0,1.4,0.0,1.2,False,1.4,2,1,5,7,0,5,1,5,1,2.0,1.4,0.0,0.8,0.0,4.6186184976370965,5.0,2.8,2.0,1.1661903789690602,0.0
1.469524348110899,FUZZY_OPTUNA_DARTS,0.24074074074074073,2026-08-19_05-58-11,0.09722222222222222,XOR,3.0,0.7777777777777778,0.0,1.030402055055078,False,1.8,3,1,6,7,3,9,1,9,4,3.0,0.7777777777777778,0.0,1.030402055055078,0.0,1.469524348110899,4.0,1.5555555555555556,0.0,1.4989708403591158,0.3333333333333333
0.8247520200592494,FUZZY_OPTUNA_DARTS,0.20833333333333331,2026-08-19_06-05-47,0.25,XOR,5.0,1.75,0.0,1.713913650100261,False,1.6666666666666667,3,3,7,14,1,8,2,6,2,3.0,1.75,0.0,1.1989578808281798,0.2857142857142857,0.8247520200592494,8.0,3.5,0.0,2.3979157616563596,0.2857142857142857
3.211795955666433,FUZZY_OPTUNA_DARTS,0.0,2026-08-19_06-29-00,0.15,XOR,2.0,0.6,0.0,0.8,True,1.5,2,1,4,3,1,5,0,5,2,1.0,0.6,0.0,0.4898979485566356,0.0,3.211795955666433,3.0,1.2,0.0,0.9797958971132712,0.0
0.8651768319801336,FUZZY_OPTUNA_DARTS,0.7942857142857143,2026-08-19_06-23-32,0.5111111111111111,XOR,7.0,4.6,0.0,2.615339366124404,False,1.3333333333333333,2,7,10,46,0,10,4,4,1,7.0,4.6,0.0,1.8547236990991407,0.5217391304347826,0.8651768319801336,13.0,9.2,3.0,3.789459064299283,0.7228915662650602
0.8511287463205024,FUZZY_OPTUNA_DARTS,0.21428571428571427,2026-08-19_06-37-07,0.2857142857142857,XOR,3.0,1.7142857142857142,0.0,1.1605769149479943,False,1.8571428571428572,4,4,7,12,0,7,1,4,1,3.0,1.7142857142857142,0.0,1.0301575072754254,0.5,0.8511287463205024,6.0,3.4285714285714284,1.0,1.6781914463529615,0.21428571428571427
4.140467056728874,FUZZY_OPTUNA_DARTS,0.0,2026-08-19_06-57-12,0.13333333333333333,XOR,2.0,0.6666666666666666,0.0,0.7453559924999299,True,1.6,2,1,5,4,1,6,0,6,2,2.0,0.6666666666666666,0.0,0.7453559924999299,0.0,4.140467056728874,4.0,1.3333333333333333,0.0,1.247219128924647,0.0
4.151028589611278,FUZZY_OPTUNA_DARTS,0.0,2026-08-19_06-59-32,0.2,XOR,2.0,1.0,0.0,1.0,True,1.4,2,1,5,6,1,6,0,6,2,2.0,1.0,0.0,0.816496580927726,0.0,4.151028589611278,3.0,2.0,0.0,1.0,0.0
1.4621577088313562,FUZZY_OPTUNA_DARTS,0.6666666666666666,2026-08-19_07-00-37,0.23333333333333334,XOR,3.0,1.1666666666666667,0.0,1.2133516482134197,True,1.3,2,1,5,7,1,6,0,6,2,2.0,1.1666666666666667,0.0,0.8975274678557507,0.0,1.4621577088313562,4.0,2.3333333333333335,0.0,1.3743685418725535,0.6
3.4891631301190493,FUZZY_OPTUNA_DARTS,0.0,2026-08-19_07-04-57,0.07142857142857142,XOR,2.0,0.42857142857142855,0.0,0.7284313590846836,True,1.5,2,1,4,3,3,7,0,7,4,1.0,0.42857142857142855,0.0,0.4948716593053935,0.0,3.4891631301190493,3.0,0.8571428571428571,0.0,0.989743318610787,0.0
1.881562540656542,FUZZY_OPTUNA_DARTS,0.0,2026-08-19_07-27-12,0.25,XOR,2.0,1.0,0.0,0.8944271909999159,False,2.0,4,1,5,5,0,5,1,5,1,2.0,1.0,0.0,0.6324555320336759,0.0,1.881562540656542,4.0,2.0,1.0,1.0954451150103321,0.0
2.369829324710639,FUZZY_OPTUNA_DARTS,0.3233333333333333,2026-08-19_07-21-20,0.2777777777777778,XOR,7.0,2.5,0.0,2.29128784747792,False,1.4285714285714286,2,5,8,25,2,10,4,6,3,5.0,2.5,0.0,1.746424919657298,0.4,2.369829324710639,12.0,5.0,0.0,3.5496478698597698,0.39622641509433965
5.220080871276705,FUZZY_OPTUNA_DARTS,0.0,2026-08-19_07-50-10,0.07142857142857142,XOR,2.0,0.42857142857142855,0.0,0.7284313590846836,True,1.5,2,1,4,3,3,7,0,7,4,1.0,0.42857142857142855,0.0,0.4948716593053935,0.0,5.220080871276705,3.0,0.8571428571428571,0.0,0.989743318610787,0.0
0.8231327296488319,FUZZY_OPTUNA_DARTS,0.0,2026-08-19_07-52-44,0.19047619047619047,XOR,4.0,1.1428571428571428,0.0,1.4568627181693672,False,1.6666666666666667,3,1,6,8,1,7,1,7,2,3.0,1.1428571428571428,0.0,1.124858267715973,0.0,0.8231327296488319,5.0,2.2857142857142856,0.0,1.385051387833237,0.0
0.8092932031308486,FUZZY_OPTUNA_DARTS,0.27777777777777773,2026-08-19_07-54-15,0.36666666666666664,XOR,4.0,1.8333333333333333,0.0,1.4624940645653537,False,1.6666666666666667,3,2,6,11,0,6,3,5,1,3.0,1.8333333333333333,0.0,1.2133516482134197,0.18181818181818182,0.8092932031308486,6.0,3.6666666666666665,1.0,1.7950549357115013,0.2727272727272727
1.6640031222963199,FUZZY_OPTUNA_DARTS,0.21428571428571427,2026-08-19_07-59-05,0.19047619047619047,XOR,5.0,1.1428571428571428,0.0,1.7261494247992246,False,1.7333333333333334,3,2,6,8,1,7,1,6,2,2.0,1.1428571428571428,0.0,0.832993127835043,0.25,1.6640031222963199,7.0,2.2857142857142856,0.0,2.249716535431946,0.3
1.7797482632114694,FUZZY_OPTUNA_DARTS,0.6,2026-08-19_08-04-27,0.35,XOR,3.0,1.4,0.0,1.3564659966250536,False,1.4,2,2,5,7,0,5,0,4,1,2.0,1.4,0.0,0.8,0.2857142857142857,1.7797482632114694,5.0,2.8,1.0,1.469693845669907,0.5454545454545454
2.162631116921502,FUZZY_OPTUNA_DARTS,0.16296296296296295,2026-08-19_08-03-37,0.2222222222222222,XOR,4.0,1.7777777777777777,0.0,1.4740554623801778,False,1.5,3,1,8,16,1,9,1,9,2,4.0,1.7777777777777777,0.0,1.3966450099973928,0.0,2.162631116921502,6.0,3.5555555555555554,0.0,1.5713484026367723,0.20930232558139536
2.561028290052284,FUZZY_OPTUNA_DARTS,0.0,2026-08-19_08-09-22,0.15,XOR,2.0,0.6,0.0,0.8,True,1.5,2,1,4,3,1,5,0,5,2,1.0,0.6,0.0,0.4898979485566356,0.0,2.561028290052284,3.0,1.2,0.0,0.9797958971132712,0.0
1.6819940508520215,FUZZY_OPTUNA_DARTS,0.0,2026-08-19_08-17-07,0.13333333333333333,XOR,2.0,0.6666666666666666,0.0,0.7453559924999299,True,1.8,3,1,5,4,1,6,0,6,2,2.0,0.6666666666666666,0.0,0.7453559924999299,0.0,1.6819940508520215,3.0,1.3333333333333333,0.0,0.9428090415820634,0.0
3.1889979791576413,FUZZY_OPTUNA_DARTS,0.5592592592592592,2026-08-19_08-20-22,0.19444444444444445,XOR,4.0,1.5555555555555556,0.0,1.7708197167232476,False,1.2666666666666666,2,3,6,14,3,9,2,7,4,4.0,1.5555555555555556,0.0,1.4989708403591158,0.14285714285714285,3.1889979791576413,8.0,3.111111111111111,0.0,2.8458329944145992,0.7272727272727273
3.036294491050518,FUZZY_OPTUNA_DARTS,0.0,2026-08-19_08-33-44,0.23333333333333334,XOR,2.0,1.1666666666666667,0.0,0.8975274678557507,False,1.8666666666666667,3,1,6,7,0,6,2,6,1,2.0,1.1666666666666667,0.0,0.6871842709362768,0.0,3.036294491050518,4.0,2.3333333333333335,1.0,1.1055415967851332,0.0
3.1191588785046727,FUZZY_OPTUNA_DARTS,0.0,2026-08-19_08-37-02,0.2,XOR,2.0,0.8,0.0,0.7483314773547883,True,2.0,4,1,5,4,0,5,0,5,1,2.0,0.8,0.0,0.7483314773547883,0.0,3.1191588785046727,2.0,1.6,1.0,0.4898979485566356,0.0
1.8685470215184414,FUZZY_OPTUNA_DARTS,0.21904761904761902,2026-08-19_08-39-00,0.2857142857142857,XOR,3.0,1.7142857142857142,0.0,1.2777531299998799,False,1.6666666666666667,3,4,7,12,0,7,1,4,1,3.0,1.7142857142857142,0.0,1.0301575072754254,0.3333333333333333,1.8685470215184414,6.0,3.4285714285714284,1.0,1.8405855323893037,0.3
0.887401618818359,FUZZY_OPTUNA_DARTS,0.0,2026-08-19_08-45-19,0.09523809523809523,XOR,3.0,0.5714285714285714,0.0,1.0497813183356477,False,1.6666666666666667,3,1,4,4,3,7,1,7,4,2.0,0.5714285714285714,0.0,0.7284313590846836,0.0,0.887401618818359,4.0,1.1428571428571428,0.0,1.355261854357877,0.0
1.922774400030677,FUZZY_OPTUNA_DARTS,0.6455026455026456,2026-08-19_08-44-30,0.3055555555555556,XOR,6.0,2.4444444444444446,0.0,2.3147407395555177,False,1.3928571428571428,2,3,8,22,1,9,2,7,2,4.0,2.4444444444444446,0.0,1.4229164972072996,0.2727272727272727,1.922774400030677,10.0,4.888888888888889,0.0,3.0711722135745005,0.6
5.316434709349341,FUZZY_OPTUNA_DARTS,0.2814814814814815,2026-08-19_09-06-17,0.1527777777777778,XOR,4.0,1.2222222222222223,0.0,1.3966450099973928,False,1.7142857142857142,3,4,7,11,2,9,1,6,3,4.0,1.2222222222222223,0.0,1.227262335243029,0.36363636363636365,5.316434709349341,7.0,2.4444444444444446,0.0,2.2662308949301266,0.3333333333333333
2.102363774659918,FUZZY_OPTUNA_DARTS,0.6777777777777777,2026-08-19_09-22-50,0.36666666666666664,XOR,4.0,1.8333333333333333,0.0,1.5723301886761005,False,1.4,2,2,6,11,0,6,1,5,1,3.0,1.8333333333333333,0.0,0.8975274678557507,0.18181818181818182,2.102363774659918,6.0,3.6666666666666665,2.0,1.3743685418725535,0.6521739130434783
4.074173079168785,FUZZY_OPTUNA_DARTS,0.4533333333333333,2026-08-19_09-25-35,0.17777777777777778,XOR,5.0,1.6,0.0,1.8,False,1.3333333333333333,2,4,7,16,3,10,1,7,4,3.0,1.6,0.0,1.3564659966250536,0.125,4.074173079168785,8.0,3.2,0.0,2.5612496949731396,0.5869565217391305
1.7714032629339425,FUZZY_OPTUNA_DARTS,0.8,2026-08-19_09-35-35,0.45,XOR,4.0,1.8,0.0,1.6,False,1.3,2,2,5,9,0,5,1,4,1,3.0,1.8,0.0,0.9797958971132712,0.2222222222222222,1.7714032629339425,7.0,3.6,2.0,2.0591260281974,0.6
5.710470371251887,FUZZY_OPTUNA_DARTS,0.0,2026-08-19_09-38-51,0.15,XOR,2.0,0.6,0.0,0.8,True,1.5,2,1,4,3,1,5,0,5,2,1.0,0.6,0.0,0.4898979485566356,0.0,5.710470371251887,3.0,1.2,0.0,0.9797958971132712,0.0
3.2004326639105596,FUZZY_OPTUNA_DARTS,0.0,2026-08-19_09-36-45,0.11904761904761904,XOR,2.0,0.7142857142857143,0.0,0.8806305718527109,True,1.6,3,1,5,5,2,7,0,7,3,2.0,0.7142857142857143,0.0,0.8806305718527109,0.0,3.2004326639105596,3.0,1.4285714285714286,0.0,1.0497813183356477,0.0
3.657980855354122,FUZZY_OPTUNA_DARTS,0.0,2026-08-19_09-41-06,0.2,XOR,2.0,0.8,0.0,0.7483314773547883,False,1.5,2,1,4,4,0,5,1,5,2,1.0,0.8,0.0,0.4,0.0,3.657980855354122,3.0,1.6,1.0,0.8,0.0
8.005762110612885,FUZZY_OPTUNA_DARTS,0.0,2026-08-19_09-41-06,0.2,XOR,2.0,0.8,0.0,0.7483314773547883,False,1.5,2,1,4,4,0,5,1,5,2,1.0,0.8,0.0,0.4,0.0,8.005762110612885,3.0,1.6,1.0,0.8,0.0
1.8761725233846724,FUZZY_OPTUNA_DARTS,0.7264550264550265,2026-08-19_09-40-32,0.5,XOR,7.0,4.0,0.0,2.6666666666666665,False,1.3333333333333333,2,6,9,36,0,9,4,4,1,6.0,4.0,0.0,1.9436506316151,0.4444444444444444,1.8761725233846724,13.0,8.0,3.0,3.620926830400072,0.6902654867256637
1.3396503928845063,FUZZY_OPTUNA_DARTS,0.38095238095238093,2026-08-19_09-53-13,0.21428571428571427,XOR,4.0,1.2857142857142858,0.0,1.4846149779161806,False,1.6,3,3,6,9,1,7,1,5,2,2.0,1.2857142857142858,0.0,0.8806305718527109,0.2222222222222222,1.3396503928845063,6.0,2.5714285714285716,0.0,2.060315014550851,0.42857142857142855
5.031887450751861,FUZZY_OPTUNA_DARTS,0.5,2026-08-19_09-57-34,0.23809523809523808,XOR,5.0,1.4285714285714286,0.0,1.7612611437054218,False,1.5333333333333334,3,2,6,10,1,7,1,6,2,3.0,1.4285714285714286,0.0,1.0497813183356477,0.2,5.031887450751861,7.0,2.857142857142857,0.0,2.231499907401901,0.5294117647058824
2.107613772108027,FUZZY_OPTUNA_DARTS,0.55,2026-08-19_09-52-43,0.3111111111111111,XOR,7.0,2.8,0.0,2.3151673805580453,False,1.4722222222222223,3,6,9,28,1,10,2,5,2,6.0,2.8,0.0,1.98997487421324,0.35714285714285715,2.107613772108027,10.0,5.6,0.0,3.4409301068170506,0.6404494382022472
4.926052515226909,FUZZY_OPTUNA_DARTS,0.38888888888888884,2026-08-19_10-09-13,0.13333333333333333,XOR,2.0,0.6666666666666666,0.0,0.9428090415820634,True,1.3333333333333333,2,1,4,4,2,6,0,6,3,2.0,0.6666666666666666,0.0,0.7453559924999299,0.0,4.926052515226909,3.0,1.3333333333333333,0.0,1.1055415967851332,0.6
1.262318787552247,FUZZY_OPTUNA_DARTS,0.5333333333333333,2026-08-19_10-39-47,0.35,XOR,3.0,1.4,0.0,1.3564659966250536,False,1.5,3,1,5,7,0,5,1,5,1,2.0,1.4,0.0,0.8,0.0,1.262318787552247,5.0,2.8,1.0,1.3266499161421599,0.6
1.0685039900057791,FUZZY_OPTUNA_DARTS,0.0,2026-08-19_10-42-06,0.2,XOR,3.0,1.0,0.0,1.1547005383792515,False,2.0,4,2,5,6,1,6,1,5,2,2.0,1.0,0.0,0.816496580927726,0.3333333333333333,1.0685039900057791,5.0,2.0,0.0,1.632993161855452,0.0
0.9662306048677176,FUZZY_OPTUNA_DARTS,0.6296296296296297,2026-08-19_10-48-51,0.3194444444444444,XOR,7.0,2.5555555555555554,0.0,2.216659704806667,False,1.4285714285714286,2,5,8,23,1,9,3,5,2,5.0,2.5555555555555554,0.0,1.640535895581489,0.34782608695652173,0.9662306048677176,10.0,5.111111111111111,0.0,3.034777840832814,0.5789473684210527
3.2181825625301204,FUZZY_OPTUNA_DARTS,0.7666666666666666,2026-08-19_10-58-09,0.35,XOR,3.0,1.4,0.0,1.2,True,1.3,2,1,5,7,0,5,0,5,1,3.0,1.4,0.0,1.2,0.0,3.2181825625301204,4.0,2.8,2.0,0.7483314773547883,0.6428571428571429
3.1253028524671413,FUZZY_OPTUNA_DARTS,0.8666666666666668,2026-08-19_11-05-41,0.4,XOR,3.0,1.6,0.0,1.3564659966250536,False,1.4,2,2,5,8,0,5,1,4,1,2.0,1.6,0.0,0.8,0.25,3.1253028524671413,5.0,3.2,2.0,1.469693845669907,0.6
0.8021377482444291,FUZZY_OPTUNA_DARTS,0.6388888888888888,2026-08-19_11-18-11,0.4,XOR,4.0,2.0,0.0,1.5275252316519468,False,1.3333333333333333,2,1,6,12,0,6,2,6,1,3.0,2.0,0.0,1.1547005383792515,0.0,0.8021377482444291,5.0,4.0,3.0,1.0,0.6
1.0855405816578054,FUZZY_OPTUNA_DARTS,0.0,2026-08-19_11-17-05,0.16666666666666666,XOR,2.0,1.0,0.0,0.9258200997725514,True,1.6666666666666667,3,1,6,7,1,7,0,7,2,3.0,1.0,0.0,1.0690449676496976,0.0,1.0855405816578054,3.0,2.0,0.0,1.0690449676496976,0.0
3.415288956425701,FUZZY_OPTUNA_DARTS,0.21000000000000002,2026-08-19_11-52-58,0.1,XOR,4.0,0.9,0.0,1.374772708486752,False,1.6,2,3,6,9,4,10,1,8,5,3.0,0.9,0.0,1.044030650891055,0.4444444444444444,3.415288956425701,7.0,1.8,0.0,2.3151673805580453,0.25
4.169999222813077,FUZZY_OPTUNA_DARTS,0.6,2026-08-19_12-02-27,0.3,XOR,2.0,1.2,0.0,0.9797958971132712,True,1.4,2,1,5,6,0,5,0,5,1,2.0,1.2,0.0,0.7483314773547883,0.0,4.169999222813077,4.0,2.4,1.0,1.019803902718557,0.5454545454545454
2.4790599336902117,FUZZY_OPTUNA_DARTS,0.4583333333333333,2026-08-19_12-17-18,0.39285714285714285,XOR,6.0,2.75,0.0,2.0463381929681126,False,1.5,2,5,8,22,0,8,3,4,1,5.0,2.75,0.0,1.3919410907075054,0.45454545454545453,2.4790599336902117,10.0,5.5,2.0,3.082207001484488,0.42857142857142855
1.898351181672516,FUZZY_OPTUNA_DARTS,0.46333333333333326,2026-08-19_12-20-04,0.26666666666666666,XOR,6.0,2.4,0.0,2.2,False,1.3571428571428572,2,4,8,24,2,10,2,7,3,5.0,2.4,0.0,1.6852299546352718,0.3333333333333333,1.898351181672516,9.0,4.8,0.0,3.0919249667480613,0.582089552238806
3.6859498443871894,FUZZY_OPTUNA_DARTS,0.0,2026-08-19_12-30-53,0.25,XOR,2.0,1.0,0.0,0.8944271909999159,False,1.8,3,1,5,5,0,5,1,5,1,2.0,1.0,0.0,0.6324555320336759,0.0,3.6859498443871894,3.0,2.0,1.0,0.8944271909999159,0.0
1.1988107864020854,FUZZY_OPTUNA_DARTS,0.0,2026-08-19_12-33-09,0.14285714285714285,XOR,4.0,0.8571428571428571,0.0,1.355261854357877,False,1.8,3,2,5,6,2,7,1,6,3,2.0,0.8571428571428571,0.0,0.832993127835043,0.3333333333333333,1.1988107864020854,6.0,1.7142857142857142,0.0,1.979486637221574,0.0
2.5017744528131343,FUZZY_OPTUNA_DARTS,0.7095238095238096,2026-08-19_12-36-04,0.4523809523809524,XOR,6.0,2.7142857142857144,0.0,2.1189138534559038,False,1.3333333333333333,2,4,7,19,0,7,3,4,1,4.0,2.7142857142857144,0.0,1.2777531299998799,0.21052631578947367,2.5017744528131343,10.0,5.428571428571429,3.0,2.4411439272335804,0.6521739130434783
2.603793100560878,FUZZY_OPTUNA_DARTS,0.5809523809523809,2026-08-19_12-46-31,0.30952380952380953,XOR,5.0,1.8571428571428572,0.0,1.9587584572574412,False,1.4,2,3,6,13,1,7,2,5,2,3.0,1.8571428571428572,0.0,1.2453996981544782,0.3076923076923077,2.603793100560878,8.0,3.7142857142857144,0.0,2.762725657973388,0.6521739130434783
1.4945687297664239,FUZZY_OPTUNA_DARTS,0.4444444444444444,2026-08-19_13-05-45,0.3,XOR,4.0,1.5,0.0,1.5,False,1.6,3,2,6,9,0,6,1,5,1,3.0,1.5,0.0,0.9574271077563381,0.2222222222222222,1.4945687297664239,5.0,3.0,1.0,1.7320508075688772,0.42857142857142855
6.261376125494831,FUZZY_OPTUNA_DARTS,0.4444444444444445,2026-08-19_13-08-11,0.4,XOR,5.0,2.0,0.0,1.7320508075688772,False,1.4666666666666666,2,3,6,12,0,6,2,4,1,3.0,2.0,0.0,1.0,0.3333333333333333,6.261376125494831,8.0,4.0,2.0,2.23606797749979,0.375
2.8445452117878225,FUZZY_OPTUNA_DARTS,0.0,2026-08-19_13-25-34,0.15,XOR,2.0,0.6,0.0,0.8,True,1.5,2,1,4,3,1,5,0,5,2,1.0,0.6,0.0,0.4898979485566356,0.0,2.8445452117878225,3.0,1.2,0.0,0.9797958971132712,0.0
7.687726139379917,FUZZY_OPTUNA_DARTS,0.39629629629629626,2026-08-19_13-29-07,0.2638888888888889,XOR,5.0,2.111111111111111,0.0,1.7916128329552332,False,1.5,3,4,8,19,1,9,1,6,2,5.0,2.111111111111111,0.0,1.7284832429004495,0.3157894736842105,7.687726139379917,9.0,4.222222222222222,0.0,2.57240820062005,0.44680851063829785
4.785273098873966,FUZZY_OPTUNA_DARTS,0.0,2026-08-19_13-38-32,0.25,XOR,2.0,1.0,0.0,0.8944271909999159,True,1.6,3,1,5,5,0,5,0,5,1,2.0,1.0,0.0,0.8944271909999159,0.0,4.785273098873966,3.0,2.0,1.0,0.6324555320336759,0.0
0.8840824174104746,FUZZY_OPTUNA_DARTS,0.5174603174603175,2026-08-19_13-35-20,0.4027777777777778,XOR,6.0,3.2222222222222223,0.0,1.9309052441091963,False,1.4722222222222223,3,6,9,29,0,9,2,4,1,6.0,3.2222222222222223,0.0,1.547598697464902,0.4827586206896552,0.8840824174104746,10.0,6.444444444444445,2.0,2.7932900199947857,0.5316455696202531
3.557456725891096,FUZZY_OPTUNA_DARTS,0.36111111111111116,2026-08-19_13-43-02,0.2,XOR,3.0,1.0,0.0,1.1547005383792515,False,1.5,2,1,5,6,1,6,1,6,2,2.0,1.0,0.0,0.816496580927726,0.0,3.557456725891096,4.0,2.0,0.0,1.5275252316519468,0.375
1.6403703385827069,FUZZY_OPTUNA_DARTS,0.6011904761904762,2026-08-19_13-55-38,0.3888888888888889,XOR,7.0,3.5,0.0,2.4596747752497685,False,1.3055555555555556,2,6,9,35,1,10,3,5,2,6.0,3.5,0.0,2.0124611797498106,0.4,1.6403703385827069,12.0,7.0,0.0,3.687817782917155,0.639344262295082
0.916645154394313,FUZZY_OPTUNA_DARTS,0.31666666666666665,2026-08-19_14-08-36,0.23214285714285715,XOR,4.0,1.625,0.0,1.4947825928876748,False,1.5238095238095237,3,3,7,13,1,8,0,6,2,3.0,1.625,0.0,1.3169567191065923,0.3076923076923077,0.916645154394313,6.0,3.25,0.0,1.8540496217739157,0.41379310344827586
5.311415375461253,FUZZY_OPTUNA_DARTS,0.4333333333333334,2026-08-19_14-18-23,0.35,XOR,3.0,1.4,0.0,1.3564659966250536,False,1.5,2,2,5,7,0,5,1,4,1,2.0,1.4,0.0,0.8,0.2857142857142857,5.311415375461253,5.0,2.8,1.0,1.833030277982336,0.375
1.0611701395367703,FUZZY_OPTUNA_DARTS,0.0,2026-08-19_14-22-45,0.25,XOR,2.0,1.0,0.0,0.8944271909999159,True,1.6,3,1,5,5,0,5,0,5,1,2.0,1.0,0.0,0.6324555320336759,0.0,1.0611701395367703,3.0,2.0,1.0,0.6324555320336759,0.0
1.1715695336743628,FUZZY_OPTUNA_DARTS,0.0,2026-08-19_14-24-59,0.25,XOR,3.0,1.0,0.0,1.0954451150103321,False,1.6,2,2,5,5,0,5,0,4,1,2.0,1.0,0.0,0.6324555320336759,0.4,1.1715695336743628,5.0,2.0,1.0,1.5491933384829668,0.0
1.1700358007373581,FUZZY_OPTUNA_DARTS,0.2857142857142857,2026-08-19_14-22-54,0.2619047619047619,XOR,4.0,1.5714285714285714,0.0,1.498298354528788,False,1.3333333333333333,2,1,6,11,1,7,1,7,2,3.0,1.5714285714285714,0.0,1.178030178747903,0.0,1.1700358007373581,6.0,3.142857142857143,0.0,1.6413036132965797,0.375
1.3513180989408864,FUZZY_OPTUNA_DARTS,0.11904761904761904,2026-08-19_14-29-45,0.23809523809523808,XOR,3.0,1.4285714285714286,0.0,1.0497813183356477,False,1.7142857142857142,3,2,7,10,0,7,0,6,1,3.0,1.4285714285714286,0.0,1.0497813183356477,0.2,1.3513180989408864,5.0,2.857142857142857,1.0,1.2453996981544782,0.17647058823529413
3.3039894489705843,FUZZY_OPTUNA_DARTS,0.0,2026-08-19_14-34-47,0.3,XOR,2.0,1.2,0.0,0.9797958971132712,True,1.4,2,1,5,6,0,5,0,5,1,2.0,1.2,0.0,0.7483314773547883,0.0,3.3039894489705843,3.0,2.4,2.0,0.4898979485566356,0.0
3.887379140880126,FUZZY_OPTUNA_DARTS,0.7666666666666666,2026-08-19_14-37-32,0.4,XOR,4.0,1.6,0.0,1.4966629547095767,False,1.3,2,1,5,8,0,5,1,5,1,3.0,1.6,0.0,1.019803902718557,0.0,3.887379140880126,5.0,3.2,2.0,1.1661903789690602,0.6428571428571429
2.379739411935918,FUZZY_OPTUNA_DARTS,0.5833333333333334,2026-08-19_14-42-03,0.3,XOR,4.0,1.5,0.0,1.3844373104863459,False,1.5333333333333334,3,1,6,9,0,6,1,6,1,4.0,1.5,0.0,1.3844373104863459,0.0,2.379739411935918,5.0,3.0,1.0,1.4142135623730951,0.5294117647058824
1.1422650129702505,FUZZY_OPTUNA_DARTS,0.0,2026-08-19_15-00-55,0.25,XOR,3.0,1.0,0.0,1.0954451150103321,False,1.6,2,2,5,5,0,5,0,4,1,2.0,1.0,0.0,0.6324555320336759,0.4,1.1422650129702505,5.0,2.0,1.0,1.5491933384829668,0.0
2.6647835386280345,FUZZY_OPTUNA_DARTS,0.0,2026-08-19_15-02-54,0.125,XOR,3.0,0.875,0.0,1.0532687216470449,False,1.7333333333333334,3,2,6,7,2,8,0,7,3,2.0,0.875,0.0,0.9270248108869579,0.2857142857142857,2.6647835386280345,5.0,1.75,0.0,1.479019945774904,0.0
2.6883320878483707,FUZZY_OPTUNA_DARTS,0.8,2026-08-19_15-29-26,0.35,XOR,3.0,1.4,0.0,1.2,True,1.3,2,1,5,7,0,5,0,5,1,2.0,1.4,0.0,0.8,0.0,2.6883320878483707,4.0,2.8,2.0,0.9797958971132712,0.6
2.635130173284436,FUZZY_OPTUNA_DARTS,0.0,2026-08-19_15-29-30,0.2,XOR,2.0,0.8,0.0,0.7483314773547883,True,1.8,3,1,5,4,0,5,0,5,1,2.0,0.8,0.0,0.7483314773547883,0.0,2.635130173284436,3.0,1.6,1.0,0.8,0.0
1.2687089441608266,FUZZY_OPTUNA_DARTS,0.0,2026-08-19_15-37-40,0.15,XOR,2.0,0.6,0.0,0.8,True,1.5,2,1,4,3,1,5,0,5,2,1.0,0.6,0.0,0.4898979485566356,0.0,1.2687089441608266,3.0,1.2,0.0,0.9797958971132712,0.0
7.436422191195116,FUZZY_OPTUNA_DARTS,0.0,2026-08-19_15-37-01,0.07142857142857142,XOR,2.0,0.42857142857142855,0.0,0.7284313590846836,True,1.5,2,1,4,3,3,7,0,7,4,1.0,0.42857142857142855,0.0,0.4948716593053935,0.0,7.436422191195116,3.0,0.8571428571428571,0.0,0.989743318610787,0.0
2.9154432911194625,FUZZY_OPTUNA_DARTS,0.4333333333333334,2026-08-19_15-43-23,0.3,XOR,2.0,1.2,0.0,0.9797958971132712,False,1.5,2,1,5,6,0,5,1,5,1,2.0,1.2,0.0,0.7483314773547883,0.0,2.9154432911194625,4.0,2.4,1.0,1.3564659966250536,0.375
1.5182847042439513,FUZZY_OPTUNA_DARTS,0.3375,2026-08-19_16-18-43,0.25,XOR,4.0,1.75,0.0,1.6393596310755,False,1.5714285714285714,3,4,7,14,1,8,1,5,2,4.0,1.75,0.0,1.299038105676658,0.42857142857142855,1.5182847042439513,8.0,3.5,0.0,2.598076211353316,0.375
3.9240243183356487,FUZZY_OPTUNA_DARTS,0.6066666666666667,2026-08-19_16-26-54,0.26666666666666666,XOR,6.0,2.4,0.0,2.1540659228538015,False,1.2857142857142858,2,4,8,24,2,10,2,7,3,5.0,2.4,0.0,2.0591260281974,0.16666666666666666,3.9240243183356487,10.0,4.8,0.0,3.1240998703626617,0.7325581395348837
2.8677807309353605,FUZZY_OPTUNA_DARTS,0.3619047619047619,2026-08-19_16-37-53,0.40476190476190477,XOR,5.0,2.4285714285714284,0.0,1.9166296949998198,False,1.5238095238095237,3,4,7,17,0,7,2,4,1,4.0,2.4285714285714284,0.0,1.178030178747903,0.47058823529411764,2.8677807309353605,8.0,4.857142857142857,1.0,2.641891715558133,0.41379310344827586
3.343209985025781,FUZZY_OPTUNA_DARTS,0.0,2026-08-19_17-08-22,0.05357142857142857,XOR,2.0,0.375,0.0,0.6959705453537527,True,1.3333333333333333,2,1,3,3,3,8,0,8,5,1.0,0.375,0.0,0.4841229182759271,0.0,3.343209985025781,2.0,0.75,0.0,0.6614378277661477,0.0
7.402399825393197,FUZZY_OPTUNA_DARTS,0.0,2026-08-19_17-12-20,0.2,XOR,3.0,1.0,0.0,1.1547005383792515,False,1.8,3,2,5,6,1,6,1,5,2,2.0,1.0,0.0,0.816496580927726,0.3333333333333333,7.402399825393197,5.0,2.0,0.0,1.8257418583505538,0.0
2.9518758640317957,FUZZY_OPTUNA_DARTS,0.5592592592592592,2026-08-19_17-20-18,0.2638888888888889,XOR,5.0,2.111111111111111,0.0,2.0245407953653998,False,1.3333333333333333,2,4,7,19,2,9,1,6,3,4.0,2.111111111111111,0.0,1.6629588385661962,0.42105263157894735,2.9518758640317957,9.0,4.222222222222222,0.0,2.935521069693979,0.6666666666666666
0.8205306341700068,FUZZY_OPTUNA_DARTS,0.5111111111111112,2026-08-19_17-25-05,0.2777777777777778,XOR,6.0,2.2222222222222223,0.0,2.3934065809486684,False,1.4761904761904763,3,4,7,20,2,9,3,6,3,5.0,2.2222222222222223,0.0,1.8724777273725242,0.4,0.8205306341700068,10.0,4.444444444444445,0.0,3.6851386559504444,0.7142857142857143
1.5547011654275535,FUZZY_OPTUNA_DARTS,0.5518518518518518,2026-08-19_17-37-11,0.3194444444444444,XOR,5.0,2.5555555555555554,0.0,2.006163342807532,False,1.3928571428571428,2,4,8,23,1,9,4,6,2,5.0,2.5555555555555554,0.0,1.8324913891634047,0.17391304347826086,1.5547011654275535,9.0,5.111111111111111,0.0,2.9979416807182315,0.609375
1.7772625193955367,FUZZY_OPTUNA_DARTS,0.8,2026-08-19_17-45-37,0.45,XOR,4.0,1.8,0.0,1.6,False,1.3,2,2,5,9,0,5,1,4,1,3.0,1.8,0.0,0.9797958971132712,0.2222222222222222,1.7772625193955367,7.0,3.6,2.0,2.0591260281974,0.6
4.268131902886089,FUZZY_OPTUNA_DARTS,0.47904761904761906,2026-08-19_17-59-39,0.2777777777777778,XOR,6.0,2.5,0.0,2.29128784747792,False,1.3571428571428572,2,4,8,25,2,10,3,7,3,6.0,2.5,0.0,2.0124611797498106,0.32,4.268131902886089,12.0,5.0,0.0,3.5496478698597698,0.5652173913043478
2.649631407578607,FUZZY_OPTUNA_DARTS,0.4666666666666666,2026-08-19_18-12-43,0.2,XOR,2.0,0.8,0.0,0.9797958971132712,True,1.3333333333333333,2,1,4,4,1,5,0,5,2,2.0,0.8,0.0,0.7483314773547883,0.0,2.649631407578607,3.0,1.6,0.0,1.019803902718557,0.6
2.0356678635018284,FUZZY_OPTUNA_DARTS,0.6388888888888888,2026-08-19_18-13-52,0.23333333333333334,XOR,3.0,1.1666666666666667,0.0,1.2133516482134197,True,1.3,2,1,5,7,1,6,0,6,2,3.0,1.1666666666666667,0.0,1.2133516482134197,0.0,2.0356678635018284,4.0,2.3333333333333335,0.0,1.247219128924647,0.6428571428571429
1.173665713694888,FUZZY_OPTUNA_DARTS,0.7978835978835979,2026-08-19_18-37-17,0.4722222222222222,XOR,6.0,3.7777777777777777,0.0,2.3465235646603197,False,1.2777777777777777,2,5,9,34,0,9,4,5,1,6.0,3.7777777777777777,0.0,2.1487866228681907,0.23529411764705882,1.173665713694888,10.0,7.555555555555555,2.0,2.753224820747526,0.7611940298507462
1.467043151230319,FUZZY_OPTUNA_DARTS,0.6,2026-08-19_18-43-13,0.4,XOR,4.0,1.6,0.0,1.624807680927192,False,1.4,2,2,5,8,0,5,1,4,1,2.0,1.6,0.0,0.8,0.25,1.467043151230319,6.0,3.2,1.0,1.9390719429665315,0.5454545454545454
2.30691044968939,FUZZY_OPTUNA_DARTS,0.8055555555555555,2026-08-19_18-43-21,0.4,XOR,4.0,2.0,0.0,1.632993161855452,False,1.3333333333333333,2,3,6,12,0,6,1,4,1,4.0,2.0,0.0,1.2909944487358056,0.16666666666666666,2.30691044968939,8.0,4.0,2.0,2.0816659994661326,0.6666666666666666
0.83376667050932,FUZZY_OPTUNA_DARTS,0.4833333333333333,2026-08-19_18-40-53,0.32142857142857145,XOR,5.0,2.25,0.0,1.5612494995995996,False,1.5,2,2,8,18,0,8,3,7,1,5.0,2.25,0.0,1.479019945774904,0.1111111111111111,0.83376667050932,8.0,4.5,3.0,1.6583123951777,0.38461538461538464
2.7218148668878355,FUZZY_OPTUNA_DARTS,0.27083333333333337,2026-08-19_18-50-28,0.125,XOR,3.0,0.875,0.0,1.2686114456365274,False,1.5,2,2,5,7,3,8,1,7,4,2.0,0.875,0.0,0.9270248108869579,0.2857142857142857,2.7218148668878355,5.0,1.75,0.0,1.984313483298443,0.375
2.0286826205155513,FUZZY_OPTUNA_DARTS,0.4766666666666667,2026-08-19_19-00-09,0.3,XOR,5.0,2.7,0.0,1.8466185312619388,False,1.3888888888888888,2,6,9,27,1,10,2,5,2,5.0,2.7,0.0,1.5524174696260025,0.2222222222222222,2.0286826205155513,8.0,5.4,0.0,2.4979991993593593,0.5217391304347826
2.5435635842221203,FUZZY_OPTUNA_DARTS,0.6391534391534391,2026-08-19_19-20-28,0.4861111111111111,XOR,7.0,3.888888888888889,0.0,2.4241582476968255,False,1.3333333333333333,2,6,9,35,0,9,3,4,1,5.0,3.888888888888889,0.0,1.5234788000891208,0.45714285714285713,2.5435635842221203,12.0,7.777777777777778,2.0,3.1894889098682944,0.6782608695652174
4.318365769454442,FUZZY_OPTUNA_DARTS,0.6,2026-08-19_19-39-11,0.3,XOR,2.0,1.2,0.0,0.9797958971132712,True,1.4,2,1,5,6,0,5,0,5,1,3.0,1.2,0.0,1.1661903789690602,0.0,4.318365769454442,4.0,2.4,1.0,1.019803902718557,0.5454545454545454
2.9578442733971917,FUZZY_OPTUNA_DARTS,0.0,2026-08-19_19-46-43,0.3,XOR,2.0,1.2,0.0,0.9797958971132712,True,1.4,2,1,5,6,0,5,0,5,1,2.0,1.2,0.0,0.7483314773547883,0.0,2.9578442733971917,3.0,2.4,2.0,0.4898979485566356,0.0
1.2061241447900268,FUZZY_OPTUNA_DARTS,0.23809523809523808,2026-08-19_19-53-25,0.21428571428571427,XOR,3.0,1.2857142857142858,0.0,1.1605769149479943,True,1.4,2,1,6,9,1,7,0,7,2,3.0,1.2857142857142858,0.0,1.0301575072754254,0.0,1.2061241447900268,4.0,2.5714285714285716,0.0,1.2936264483053452,0.3
1.0717354950741258,FUZZY_OPTUNA_DARTS,0.4923809523809523,2026-08-19_19-59-48,0.37777777777777777,XOR,8.0,3.4,0.0,2.4576411454889016,False,1.5555555555555556,3,7,10,34,0,10,4,4,1,6.0,3.4,0.0,1.624807680927192,0.4117647058823529,1.0717354950741258,12.0,6.8,1.0,3.4871191548325386,0.5151515151515151
1.61140268680266,FUZZY_OPTUNA_DARTS,0.8285714285714286,2026-08-19_20-12-51,0.5,XOR,6.0,3.0,0.0,2.2038926600773587,False,1.380952380952381,3,4,7,21,0,7,2,4,1,5.0,3.0,0.0,1.511857892036909,0.47619047619047616,1.61140268680266,9.0,6.0,2.0,2.8284271247461903,0.75
0.9242686140760463,FUZZY_OPTUNA_DARTS,0.3761904761904762,2026-08-19_20-30-22,0.38095238095238093,XOR,5.0,2.2857142857142856,0.0,1.749635530559413,False,1.4285714285714286,2,3,7,16,0,7,2,5,1,3.0,2.2857142857142856,0.0,1.1605769149479943,0.25,0.9242686140760463,8.0,4.571428571428571,2.0,2.060315014550851,0.375
2.055406304312466,FUZZY_OPTUNA_DARTS,0.5238095238095238,2026-08-19_20-47-21,0.38095238095238093,XOR,5.0,2.2857142857142856,0.0,1.749635530559413,False,1.380952380952381,2,3,7,16,0,7,1,5,1,3.0,2.2857142857142856,0.0,1.0301575072754254,0.25,2.055406304312466,8.0,4.571428571428571,2.0,2.060315014550851,0.5384615384615384
1.4860041350544682,FUZZY_OPTUNA_DARTS,0.4166666666666667,2026-08-19_20-53-14,0.23333333333333334,XOR,4.0,2.1,0.0,1.7578395831246947,False,1.3928571428571428,2,5,8,21,2,10,1,6,3,5.0,2.1,0.0,1.57797338380595,0.2857142857142857,1.4860041350544682,8.0,4.2,0.0,2.7129319932501073,0.5409836065573771
5.97093149567964,FUZZY_OPTUNA_DARTS,0.0,2026-08-19_21-01-13,0.13333333333333333,XOR,2.0,0.6666666666666666,0.0,0.7453559924999299,True,2.0,4,1,5,4,1,6,0,6,2,2.0,0.6666666666666666,0.0,0.7453559924999299,0.0,5.97093149567964,2.0,1.3333333333333333,0.0,0.7453559924999299,0.0
1.0974775260827192,FUZZY_OPTUNA_DARTS,0.0,2026-08-19_21-09-26,0.2,XOR,3.0,0.8,0.0,1.1661903789690602,False,1.3333333333333333,2,1,3,4,0,5,1,5,2,1.0,0.8,0.0,0.4,0.0,1.0974775260827192,4.0,1.6,1.0,1.2,0.0
4.437523109454331,FUZZY_OPTUNA_DARTS,0.3333333333333333,2026-08-19_21-13-51,0.3,XOR,4.0,1.5,0.0,1.3844373104863459,False,1.6,3,1,6,9,0,6,1,6,1,3.0,1.5,0.0,1.118033988749895,0.0,4.437523109454331,5.0,3.0,1.0,1.1547005383792515,0.4
1.3228412198189305,FUZZY_OPTUNA_DARTS,0.0,2026-08-19_21-20-46,0.13333333333333333,XOR,2.0,0.6666666666666666,0.0,0.7453559924999299,True,1.6,2,1,5,4,1,6,0,6,2,2.0,0.6666666666666666,0.0,0.7453559924999299,0.0,1.3228412198189305,4.0,1.3333333333333333,0.0,1.247219128924647,0.0
1.6175586603557999,FUZZY_OPTUNA_DARTS,0.0,2026-08-19_21-25-14,0.3,XOR,3.0,1.2,0.0,1.1661903789690602,False,1.6,2,2,5,6,0,5,1,4,1,2.0,1.2,0.0,0.7483314773547883,0.3333333333333333,1.6175586603557999,5.0,2.4,1.0,1.7435595774162693,0.0
0.9523213262851565,FUZZY_OPTUNA_DARTS,0.7534391534391535,2026-08-19_21-28-02,0.4305555555555556,XOR,7.0,3.4444444444444446,0.0,2.2662308949301266,False,1.5,3,5,9,31,0,9,5,5,1,6.0,3.4444444444444446,0.0,1.8324913891634047,0.3870967741935484,0.9523213262851565,12.0,6.888888888888889,2.0,3.3481153718487473,0.6144578313253012
1.7371425641529754,FUZZY_OPTUNA_DARTS,0.8571428571428572,2026-08-19_21-35-45,0.4642857142857143,XOR,6.0,3.25,0.0,2.331844763272204,False,1.2142857142857142,2,5,8,26,0,8,3,4,1,5.0,3.25,0.0,1.479019945774904,0.07692307692307693,1.7371425641529754,10.0,6.5,4.0,2.6457513110645907,0.7777777777777778
1.4375974061444208,FUZZY_OPTUNA_DARTS,0.0,2026-08-19_21-46-29,0.15,XOR,2.0,0.6,0.0,0.8,True,1.5,2,1,4,3,1,5,0,5,2,1.0,0.6,0.0,0.4898979485566356,0.0,1.4375974061444208,3.0,1.2,0.0,0.9797958971132712,0.0
1.0095515123649228,FUZZY_OPTUNA_DARTS,0.380952380952381,2026-08-19_21-55-31,0.2619047619047619,XOR,4.0,1.5714285714285714,0.0,1.498298354528788,False,1.3333333333333333,2,1,6,11,1,7,1,7,2,3.0,1.5714285714285714,0.0,1.3997084244475304,0.0,1.0095515123649228,6.0,3.142857142857143,0.0,1.7261494247992246,0.48
1.3107843943164406,FUZZY_OPTUNA_DARTS,0.7419047619047618,2026-08-19_22-10-39,0.26666666666666666,XOR,5.0,2.4,0.0,1.7435595774162693,False,1.4444444444444444,2,4,9,24,1,10,2,7,2,5.0,2.4,0.0,2.0591260281974,0.16666666666666666,1.3107843943164406,9.0,4.8,0.0,2.85657137141714,0.6428571428571429
4.527499115101898,FUZZY_OPTUNA_DARTS,0.0,2026-08-19_22-22-08,0.14285714285714285,XOR,2.0,0.8571428571428571,0.0,0.989743318610787,True,1.4,2,1,5,6,2,7,0,7,3,2.0,0.8571428571428571,0.0,0.832993127835043,0.0,4.527499115101898,3.0,1.7142857142857142,0.0,1.1605769149479943,0.0
2.728822930481511,FUZZY_OPTUNA_DARTS,0.5809523809523809,2026-08-19_22-35-06,0.38095238095238093,XOR,4.0,2.2857142857142856,0.0,1.5779087167410373,False,1.3333333333333333,2,2,7,16,0,7,1,6,1,4.0,2.2857142857142856,0.0,1.2777531299998799,0.125,2.728822930481511,6.0,4.571428571428571,3.0,1.178030178747903,0.5333333333333333
3.1058592891960894,FUZZY_OPTUNA_DARTS,0.45619047619047615,2026-08-19_22-32-01,0.26666666666666666,XOR,4.0,2.4,0.0,1.624807680927192,False,1.4444444444444444,2,5,9,24,1,10,0,6,2,5.0,2.4,0.0,1.8547236990991407,0.3333333333333333,3.1058592891960894,9.0,4.8,0.0,2.5219040425836985,0.47368421052631576
1.0363989804366451,FUZZY_OPTUNA_DARTS,0.380952380952381,2026-08-19_23-00-34,0.23809523809523808,XOR,3.0,1.4285714285714286,0.0,1.0497813183356477,True,1.619047619047619,3,1,7,10,0,7,0,7,1,3.0,1.4285714285714286,0.0,1.0497813183356477,0.0,1.0363989804366451,4.0,2.857142857142857,1.0,1.124858267715973,0.391304347826087
4.5689987518184685,FUZZY_OPTUNA_DARTS,0.7735449735449735,2026-08-19_23-04-56,0.4027777777777778,XOR,6.0,3.2222222222222223,0.0,2.439388711122239,False,1.2142857142857142,2,4,8,29,1,9,2,6,2,6.0,3.2222222222222223,0.0,2.3465235646603197,0.3448275862068966,4.5689987518184685,11.0,6.444444444444445,0.0,3.4354721852756236,0.8207547169811321
1.46539083093576,FUZZY_OPTUNA_DARTS,0.0,2026-08-19_23-26-26,0.09523809523809523,XOR,2.0,0.5714285714285714,0.0,0.7284313590846836,True,2.0,4,1,5,4,2,7,0,7,3,2.0,0.5714285714285714,0.0,0.7284313590846836,0.0,1.46539083093576,2.0,1.1428571428571428,0.0,0.832993127835043,0.0
3.976915372107149,FUZZY_OPTUNA_DARTS,0.33333333333333337,2026-08-19_23-36-52,0.125,XOR,4.0,0.875,0.0,1.3635890143294642,True,1.6,3,1,6,7,2,8,0,8,3,2.0,0.875,0.0,0.9270248108869579,0.0,3.976915372107149,4.0,1.75,0.0,1.479019945774904,0.42857142857142855
1.184215576916465,FUZZY_OPTUNA_DARTS,0.5111111111111111,2026-08-19_23-35-22,0.2361111111111111,XOR,5.0,1.8888888888888888,0.0,1.9116278371205837,False,1.5714285714285714,3,3,8,17,1,9,2,7,2,4.0,1.8888888888888888,0.0,1.4487116456005886,0.23529411764705882,1.184215576916465,9.0,3.7777777777777777,0.0,2.657391276244755,0.46153846153846156
5.7750361448435665,FUZZY_OPTUNA_DARTS,0.519047619047619,2026-08-19_23-43-35,0.23809523809523808,XOR,3.0,1.4285714285714286,0.0,1.3997084244475304,False,1.4666666666666666,2,3,6,10,1,7,1,5,2,3.0,1.4285714285714286,0.0,1.0497813183356477,0.2,5.7750361448435665,6.0,2.857142857142857,0.0,2.0303814862216996,0.5
4.250204215981788,FUZZY_OPTUNA_DARTS,0.0,2026-08-19_23-54-45,0.13333333333333333,XOR,2.0,0.6666666666666666,0.0,0.7453559924999299,True,1.8,3,1,5,4,1,6,0,6,2,2.0,0.6666666666666666,0.0,0.7453559924999299,0.0,4.250204215981788,3.0,1.3333333333333333,0.0,0.9428090415820634,0.0
3.029218163719502,FUZZY_OPTUNA_DARTS,0.5259259259259258,2026-08-19_23-57-18,0.2222222222222222,XOR,5.0,1.7777777777777777,0.0,1.8121673811444545,False,1.4285714285714286,2,3,7,16,2,9,2,7,3,4.0,1.7777777777777777,0.0,1.4740554623801778,0.25,3.029218163719502,7.0,3.5555555555555554,0.0,2.629368792488718,0.5142857142857142
4.404787433857515,FUZZY_OPTUNA_DARTS,0.0,2026-08-20_00-12-40,0.2857142857142857,XOR,3.0,1.7142857142857142,0.0,1.1605769149479943,False,1.5238095238095237,3,2,7,12,0,7,0,6,1,3.0,1.7142857142857142,0.0,1.0301575072754254,0.16666666666666666,4.404787433857515,5.0,3.4285714285714284,2.0,0.9035079029052513,0.0
0.8190792144938348,FUZZY_OPTUNA_DARTS,0.7238095238095239,2026-08-20_00-13-51,0.35714285714285715,XOR,5.0,2.142857142857143,0.0,2.0995626366712954,False,1.2,2,2,6,15,1,7,2,6,2,4.0,2.142857142857143,0.0,1.4568627181693672,0.13333333333333333,0.8190792144938348,8.0,4.285714285714286,0.0,2.657296462534039,0.7894736842105263
2.1050062207797673,FUZZY_OPTUNA_DARTS,0.0,2026-08-20_00-19-02,0.25,XOR,3.0,1.0,0.0,1.0954451150103321,False,1.8,3,2,5,5,0,5,0,4,1,2.0,1.0,0.0,0.6324555320336759,0.4,2.1050062207797673,4.0,2.0,1.0,1.2649110640673518,0.0
1.3347976197143,FUZZY_OPTUNA_DARTS,0.0,2026-08-20_00-24-10,0.15,XOR,2.0,0.6,0.0,0.8,True,1.5,2,1,4,3,1,5,0,5,2,1.0,0.6,0.0,0.4898979485566356,0.0,1.3347976197143,3.0,1.2,0.0,0.9797958971132712,0.0
2.2320279263663427,FUZZY_OPTUNA_DARTS,0.6777777777777777,2026-08-20_00-27-30,0.4666666666666667,XOR,5.0,2.3333333333333335,0.0,2.0548046676563256,False,1.4,2,3,6,14,0,6,2,4,1,3.0,2.3333333333333335,0.0,1.1055415967851332,0.42857142857142855,2.2320279263663427,8.0,4.666666666666667,1.0,2.748737083745107,0.6521739130434783
0.99659936168117,FUZZY_OPTUNA_DARTS,0.6,2026-08-20_00-33-21,0.3,XOR,3.0,1.2,0.0,1.1661903789690602,True,1.4,2,1,5,6,0,5,0,5,1,2.0,1.2,0.0,0.9797958971132712,0.0,0.99659936168117,4.0,2.4,1.0,1.019803902718557,0.5454545454545454
0.8346453948805479,FUZZY_OPTUNA_DARTS,0.3333333333333333,2026-08-20_00-36-43,0.2857142857142857,XOR,4.0,2.0,0.0,1.5811388300841898,False,1.4642857142857142,2,2,8,16,0,8,0,7,1,4.0,2.0,0.0,1.4142135623730951,0.125,0.8346453948805479,6.0,4.0,2.0,1.224744871391589,0.3333333333333333
0.8774878758689403,FUZZY_OPTUNA_DARTS,0.7611111111111111,2026-08-20_00-43-10,0.43333333333333335,XOR,4.0,2.1666666666666665,0.0,1.6749792701868151,False,1.4,2,3,6,13,0,6,2,4,1,3.0,2.1666666666666665,0.0,1.0671873729054748,0.3076923076923077,0.8774878758689403,7.0,4.333333333333333,2.0,2.3570226039551585,0.5454545454545454
3.3435341169920503,FUZZY_OPTUNA_DARTS,0.4666666666666666,2026-08-20_00-45-58,0.3,XOR,3.0,1.2,0.0,1.1661903789690602,False,1.7,3,1,5,6,0,5,1,5,1,2.0,1.2,0.0,0.7483314773547883,0.0,3.3435341169920503,4.0,2.4,1.0,1.019803902718557,0.5
0.9160318692634958,FUZZY_OPTUNA_DARTS,0.5833333333333334,2026-08-20_01-00-12,0.42857142857142855,XOR,6.0,3.0,0.0,2.0615528128088303,False,1.3571428571428572,2,5,8,24,0,8,2,4,1,5.0,3.0,0.0,1.5,0.3333333333333333,0.9160318692634958,10.0,6.0,3.0,2.3979157616563596,0.5294117647058824
1.8898362439137752,FUZZY_OPTUNA_DARTS,0.6666666666666666,2026-08-20_01-06-12,0.5,XOR,4.0,2.0,0.0,1.6733200530681511,False,1.2,2,2,5,10,0,5,1,4,1,3.0,2.0,0.0,1.0954451150103321,0.2,1.8898362439137752,6.0,4.0,3.0,1.2649110640673518,0.6666666666666666
1.7849708581914032,FUZZY_OPTUNA_DARTS,0.0,2026-08-20_01-07-23,0.25,XOR,3.0,1.0,0.0,1.0954451150103321,False,1.8,3,2,5,5,0,5,0,4,1,2.0,1.0,0.0,0.6324555320336759,0.4,1.7849708581914032,4.0,2.0,1.0,1.2649110640673518,0.0
1.1234090552129614,FUZZY_OPTUNA_DARTS,0.0,2026-08-20_01-16-06,0.15,XOR,2.0,0.6,0.0,0.8,True,1.5,2,1,4,3,1,5,0,5,2,1.0,0.6,0.0,0.4898979485566356,0.0,1.1234090552129614,3.0,1.2,0.0,0.9797958971132712,0.0
6.304302225439816,FUZZY_OPTUNA_DARTS,0.7285714285714286,2026-08-20_01-15-19,0.3333333333333333,XOR,4.0,2.0,0.0,1.7728105208558367,False,1.2,2,3,6,14,1,7,2,5,2,3.0,2.0,0.0,1.3093073414159544,0.0,6.304302225439816,7.0,4.0,0.0,2.32992949004287,0.7692307692307693
0.8108226059636702,FUZZY_OPTUNA_DARTS,0.6,2026-08-20_01-30-32,0.4,XOR,4.0,1.6,0.0,1.624807680927192,False,1.4,2,2,5,8,0,5,1,4,1,3.0,1.6,0.0,1.019803902718557,0.25,0.8108226059636702,7.0,3.2,1.0,2.1354156504062622,0.5454545454545454
1.1505117511803,FUZZY_OPTUNA_DARTS,0.0,2026-08-20_01-48-15,0.047619047619047616,XOR,2.0,0.2857142857142857,0.0,0.6998542122237652,True,1.3333333333333333,2,1,3,2,4,7,0,7,5,1.0,0.2857142857142857,0.0,0.45175395145262565,0.0,1.1505117511803,2.0,0.5714285714285714,0.0,0.7284313590846836,0.0
2.88040767152453,FUZZY_OPTUNA_DARTS,0.5476190476190476,2026-08-20_01-57-44,0.23809523809523808,XOR,4.0,1.4285714285714286,0.0,1.6781914463529615,False,1.4666666666666666,3,1,6,10,1,7,1,7,2,3.0,1.4285714285714286,0.0,1.2936264483053452,0.0,2.88040767152453,6.0,2.857142857142857,0.0,1.8844151368961313,0.6818181818181818
4.588481012787268,FUZZY_OPTUNA_DARTS,0.0,2026-08-20_02-02-15,0.25,XOR,2.0,1.0,0.0,0.8944271909999159,True,1.6,3,1,5,5,0,5,0,5,1,2.0,1.0,0.0,0.8944271909999159,0.0,4.588481012787268,3.0,2.0,1.0,0.6324555320336759,0.0
1.2428081333613492,FUZZY_OPTUNA_DARTS,0.5941798941798941,2026-08-20_01-58-59,0.4166666666666667,XOR,6.0,3.3333333333333335,0.0,2.160246899469287,False,1.3611111111111112,2,5,9,30,0,9,3,5,1,6.0,3.3333333333333335,0.0,1.7638342073763937,0.26666666666666666,1.2428081333613492,10.0,6.666666666666667,3.0,2.309401076758503,0.5588235294117647
4.927251086698103,FUZZY_OPTUNA_DARTS,0.0,2026-08-20_02-03-48,0.16666666666666666,XOR,2.0,0.8333333333333334,0.0,0.8975274678557507,False,1.6,2,1,5,5,1,6,1,6,2,2.0,0.8333333333333334,0.0,0.6871842709362768,0.0,4.927251086698103,4.0,1.6666666666666667,0.0,1.3743685418725535,0.0
1.0513798228657047,FUZZY_OPTUNA_DARTS,0.0,2026-08-20_02-23-36,0.16666666666666666,XOR,3.0,0.8333333333333334,0.0,1.0671873729054748,False,1.8,3,2,5,5,1,6,0,5,2,2.0,0.8333333333333334,0.0,0.6871842709362768,0.4,1.0513798228657047,4.0,1.6666666666666667,0.0,1.3743685418725535,0.0
3.736094140801863,FUZZY_OPTUNA_DARTS,0.2857142857142857,2026-08-20_02-26-50,0.2619047619047619,XOR,4.0,1.5714285714285714,0.0,1.3997084244475304,False,1.7619047619047619,3,2,7,11,0,7,1,6,1,3.0,1.5714285714285714,0.0,1.0497813183356477,0.18181818181818182,3.736094140801863,5.0,3.142857142857143,1.0,1.355261854357877,0.3333333333333333
3.393773777881799,FUZZY_OPTUNA_DARTS,0.6,2026-08-20_02-37-04,0.3,XOR,3.0,1.2,0.0,1.1661903789690602,True,1.4,2,1,5,6,0,5,0,5,1,2.0,1.2,0.0,0.9797958971132712,0.0,3.393773777881799,4.0,2.4,1.0,1.019803902718557,0.5454545454545454
1.6303728738253598,FUZZY_OPTUNA_DARTS,0.6761904761904762,2026-08-20_02-45-41,0.42857142857142855,XOR,6.0,2.5714285714285716,0.0,2.2587697572631282,False,1.4285714285714286,3,4,7,18,0,7,2,4,1,4.0,2.5714285714285716,0.0,1.2936264483053452,0.3333333333333333,1.6303728738253598,9.0,5.142857142857143,1.0,2.695423180587601,0.7142857142857143
2.374656136146669,FUZZY_OPTUNA_DARTS,0.4095238095238095,2026-08-20_03-01-50,0.16666666666666666,XOR,3.0,1.0,0.0,1.0690449676496976,True,1.5333333333333334,2,1,6,7,1,7,0,7,2,3.0,1.0,0.0,1.0690449676496976,0.0,2.374656136146669,5.0,2.0,0.0,1.511857892036909,0.4
2.674693028243837,FUZZY_OPTUNA_DARTS,0.5499999999999999,2026-08-20_03-04-19,0.25,XOR,5.0,1.75,0.0,1.6393596310755,False,1.5714285714285714,3,3,7,14,1,8,1,6,2,4.0,1.75,0.0,1.5612494995995996,0.2857142857142857,2.674693028243837,8.0,3.5,0.0,2.5495097567963922,0.6
2.501848922986845,FUZZY_OPTUNA_DARTS,0.5148148148148147,2026-08-20_03-02-49,0.3055555555555556,XOR,5.0,2.4444444444444446,0.0,1.892154040658489,False,1.5357142857142858,3,5,8,22,1,9,4,5,2,5.0,2.4444444444444446,0.0,1.640535895581489,0.36363636363636365,2.501848922986845,9.0,4.888888888888889,0.0,3.177855476905576,0.4772727272727273
0.8081908524723171,FUZZY_OPTUNA_DARTS,0.7,2026-08-20_03-10-20,0.32222222222222224,XOR,6.0,2.9,0.0,2.6248809496813377,False,1.25,2,5,8,29,2,10,4,6,3,5.0,2.9,0.0,2.071231517720798,0.27586206896551724,0.8081908524723171,11.0,5.8,0.0,3.944616584663204,0.826530612244898
0.9659923137459877,FUZZY_OPTUNA_DARTS,0.770952380952381,2026-08-20_03-12-31,0.37777777777777777,XOR,6.0,3.4,0.0,2.4576411454889016,False,1.3055555555555556,2,6,9,34,1,10,4,5,2,6.0,3.4,0.0,2.009975124224178,0.29411764705882354,0.9659923137459877,12.0,6.8,0.0,3.7363083384538807,0.7615384615384615
2.0799321295659037,FUZZY_OPTUNA_DARTS,0.7357142857142857,2026-08-20_03-44-01,0.3472222222222222,XOR,6.0,2.7777777777777777,0.0,1.9309052441091963,False,1.4166666666666667,2,6,9,25,0,9,2,4,1,6.0,2.7777777777777777,0.0,1.617802197617893,0.16,2.0799321295659037,10.0,5.555555555555555,3.0,2.499382639822665,0.5869565217391305
0.9170611823194347,FUZZY_OPTUNA_DARTS,0.6814814814814815,2026-08-20_04-11-03,0.3055555555555556,XOR,6.0,2.4444444444444446,0.0,2.1140330656044943,False,1.3571428571428572,2,4,8,22,1,9,2,6,2,5.0,2.4444444444444446,0.0,1.640535895581489,0.18181818181818182,0.9170611823194347,8.0,4.888888888888889,0.0,2.6434171674156266,0.6857142857142857
2.8029815164499565,FUZZY_OPTUNA_DARTS,0.29333333333333333,2026-08-20_04-18-54,0.17777777777777778,XOR,4.0,1.6,0.0,1.5620499351813308,False,1.7142857142857142,3,3,8,16,2,10,2,8,3,4.0,1.6,0.0,1.4966629547095767,0.25,2.8029815164499565,8.0,3.2,0.0,2.749545416973504,0.46875
1.8241829043083706,FUZZY_OPTUNA_DARTS,0.0,2026-08-20_04-23-56,0.16666666666666666,XOR,2.0,1.0,0.0,0.9258200997725514,True,1.6,3,1,6,7,1,7,0,7,2,2.0,1.0,0.0,0.9258200997725514,0.0,1.8241829043083706,4.0,2.0,0.0,1.1952286093343936,0.0
1.6558158568661698,FUZZY_OPTUNA_DARTS,0.428095238095238,2026-08-20_04-20-10,0.2,XOR,5.0,1.8,0.0,1.6613247725836149,False,1.6944444444444444,3,6,9,18,1,10,1,5,2,3.0,1.8,0.0,1.2489995996796797,0.1111111111111111,1.6558158568661698,8.0,3.6,0.0,2.1071307505705477,0.46153846153846156
2.6349300147464176,FUZZY_OPTUNA_DARTS,0.4333333333333333,2026-08-20_04-28-23,0.25,XOR,2.0,1.0,0.0,0.8944271909999159,True,1.5,2,1,5,5,0,5,0,5,1,2.0,1.0,0.0,0.8944271909999159,0.0,2.6349300147464176,4.0,2.0,1.0,1.0954451150103321,0.375
8.454710634471335,FUZZY_OPTUNA_DARTS,0.0,2026-08-20_04-47-55,0.25,XOR,2.0,1.0,0.0,0.8944271909999159,False,1.8,3,1,5,5,0,5,1,5,1,2.0,1.0,0.0,0.6324555320336759,0.0,8.454710634471335,3.0,2.0,1.0,0.8944271909999159,0.0
1.337798651529389,FUZZY_OPTUNA_DARTS,0.3055555555555555,2026-08-20_05-10-40,0.4,XOR,4.0,2.0,0.0,1.632993161855452,False,1.5333333333333334,3,3,6,12,0,6,2,4,1,3.0,2.0,0.0,1.1547005383792515,0.3333333333333333,1.337798651529389,7.0,4.0,1.0,2.309401076758503,0.375
1.0775376818376163,FUZZY_OPTUNA_DARTS,0.6041666666666667,2026-08-20_05-40-08,0.21428571428571427,XOR,4.0,1.5,0.0,1.3228756555322954,False,1.4761904761904763,2,2,7,12,1,8,0,7,2,4.0,1.5,0.0,1.3228756555322954,0.16666666666666666,1.0775376818376163,6.0,3.0,0.0,2.0,0.5454545454545454
4.415515694024939,FUZZY_OPTUNA_DARTS,0.0,2026-08-20_05-46-05,0.2,XOR,2.0,1.0,0.0,1.0,True,1.4,2,1,5,6,1,6,0,6,2,2.0,1.0,0.0,0.816496580927726,0.0,4.415515694024939,3.0,2.0,0.0,1.0,0.0
1.5451988467945519,FUZZY_OPTUNA_DARTS,0.3666666666666667,2026-08-20_05-42-15,0.25,XOR,4.0,2.0,0.0,1.563471919941143,False,1.5,2,2,8,18,1,9,2,7,2,4.0,2.0,0.0,1.563471919941143,0.2222222222222222,1.5451988467945519,7.0,4.0,0.0,2.260776661041756,0.5384615384615384
5.15477599154435,FUZZY_OPTUNA_DARTS,0.3095238095238095,2026-08-20_05-52-36,0.14285714285714285,XOR,3.0,0.8571428571428571,0.0,1.124858267715973,False,1.5,2,2,5,6,2,7,0,6,3,2.0,0.8571428571428571,0.0,0.832993127835043,0.3333333333333333,5.15477599154435,5.0,1.7142857142857142,0.0,1.665986255670086,0.375
1.3401415013721836,FUZZY_OPTUNA_DARTS,0.4962962962962964,2026-08-20_06-05-22,0.3055555555555556,XOR,5.0,2.4444444444444446,0.0,1.7708197167232476,False,1.5,2,5,9,22,0,9,1,5,1,5.0,2.4444444444444446,0.0,1.4229164972072996,0.2727272727272727,1.3401415013721836,10.0,4.888888888888889,2.0,2.282515398241571,0.46875
1.1230716835099122,FUZZY_OPTUNA_DARTS,0.4259259259259259,2026-08-20_06-34-22,0.1527777777777778,XOR,4.0,1.2222222222222223,0.0,1.4740554623801778,False,1.4666666666666666,3,3,6,11,3,9,1,7,4,4.0,1.2222222222222223,0.0,1.3966450099973928,0.18181818181818182,1.1230716835099122,6.0,2.4444444444444446,0.0,2.216659704806667,0.6818181818181818
9.266992535976634,FUZZY_OPTUNA_DARTS,0.8,2026-08-20_06-41-24,0.4,XOR,4.0,1.6,0.0,1.4966629547095767,False,1.3,2,1,5,8,0,5,1,5,1,2.0,1.6,0.0,0.8,0.0,9.266992535976634,6.0,3.2,2.0,1.6,0.6
2.109391294880716,FUZZY_OPTUNA_DARTS,0.1875,2026-08-20_07-10-44,0.16071428571428573,XOR,3.0,1.125,0.0,1.0532687216470449,True,1.619047619047619,3,1,7,9,1,8,0,8,2,2.0,1.125,0.0,0.7806247497997998,0.0,2.109391294880716,4.0,2.25,0.0,1.0897247358851685,0.1875
5.913814667527143,FUZZY_OPTUNA_DARTS,0.0,2026-08-20_07-15-02,0.16666666666666666,XOR,3.0,1.0,0.0,1.1952286093343936,False,1.4,2,1,5,7,2,7,1,7,3,2.0,1.0,0.0,0.9258200997725514,0.0,5.913814667527143,5.0,2.0,0.0,1.6035674514745464,0.0
2.4230159806579055,FUZZY_OPTUNA_DARTS,0.0,2026-08-20_07-16-37,0.13333333333333333,XOR,2.0,0.6666666666666666,0.0,0.7453559924999299,False,1.5,2,1,4,4,1,6,1,6,3,1.0,0.6666666666666666,0.0,0.4714045207910317,0.0,2.4230159806579055,3.0,1.3333333333333333,0.0,0.9428090415820634,0.0
1.7633067427240634,FUZZY_OPTUNA_DARTS,0.4444444444444445,2026-08-20_07-19-29,0.3,XOR,3.0,1.5,0.0,1.2583057392117916,False,1.4666666666666666,2,2,6,9,0,6,0,5,1,2.0,1.5,0.0,0.7637626158259734,0.2222222222222222,1.7633067427240634,5.0,3.0,2.0,1.4142135623730951,0.375
2.6430629075363687,FUZZY_OPTUNA_DARTS,0.0,2026-08-20_07-21-41,0.11904761904761904,XOR,2.0,0.7142857142857143,0.0,0.8806305718527109,True,1.6,3,1,5,5,2,7,0,7,3,2.0,0.7142857142857143,0.0,0.6998542122237652,0.0,2.6430629075363687,3.0,1.4285714285714286,0.0,1.0497813183356477,0.0
0.8665296466326501,FUZZY_OPTUNA_DARTS,0.4809523809523809,2026-08-20_07-25-56,0.34444444444444444,XOR,6.0,3.1,0.0,2.2561028345356955,False,1.4,2,7,10,31,0,10,1,4,1,5.0,3.1,0.0,1.374772708486752,0.1935483870967742,0.8665296466326501,9.0,6.2,4.0,1.7776388834631178,0.49606299212598426
1.8660788106254333,FUZZY_OPTUNA_DARTS,0.0,2026-08-20_07-38-42,0.16666666666666666,XOR,3.0,1.0,0.0,1.0690449676496976,False,1.6666666666666667,2,2,6,7,1,7,1,6,2,3.0,1.0,0.0,0.9258200997725514,0.2857142857142857,1.8660788106254333,6.0,2.0,0.0,1.8516401995451028,0.0
2.5518013856868325,FUZZY_OPTUNA_DARTS,0.0,2026-08-20_07-43-08,0.15,XOR,2.0,0.6,0.0,0.8,True,1.5,2,1,4,3,1,5,0,5,2,1.0,0.6,0.0,0.4898979485566356,0.0,2.5518013856868325,3.0,1.2,0.0,0.9797958971132712,0.0
1.0325184114420054,FUZZY_OPTUNA_DARTS,0.5742857142857143,2026-08-20_07-48-04,0.24444444444444444,XOR,5.0,2.2,0.0,2.181742422927143,False,1.3928571428571428,2,5,8,22,2,10,1,6,3,5.0,2.2,0.0,1.6,0.36363636363636365,1.0325184114420054,10.0,4.4,0.0,3.3823069050575527,0.7058823529411765
3.2219329212248837,FUZZY_OPTUNA_DARTS,0.5492063492063493,2026-08-20_07-50-44,0.25,XOR,6.0,2.0,0.0,1.8257418583505538,False,1.3928571428571428,2,1,8,18,1,9,1,9,2,4.0,2.0,0.0,1.632993161855452,0.0,3.2219329212248837,9.0,4.0,0.0,2.3570226039551585,0.515625
1.8058494670056486,FUZZY_OPTUNA_DARTS,0.0,2026-08-20_08-03-28,0.16666666666666666,XOR,2.0,1.0,0.0,0.9258200997725514,True,1.6,3,1,6,7,1,7,0,7,2,2.0,1.0,0.0,0.9258200997725514,0.0,1.8058494670056486,4.0,2.0,0.0,1.1952286093343936,0.0
0.868707725362529,FUZZY_OPTUNA_DARTS,0.25925925925925924,2026-08-20_08-02-25,0.1527777777777778,XOR,3.0,1.2222222222222223,0.0,1.314684396244359,False,1.619047619047619,3,1,7,11,2,9,1,9,3,3.0,1.2222222222222223,0.0,1.030402055055078,0.0,0.868707725362529,5.0,2.4444444444444446,0.0,1.7069212773041351,0.4090909090909091
1.5982619559119136,FUZZY_OPTUNA_DARTS,0.0,2026-08-20_08-01-32,0.05555555555555555,XOR,2.0,0.5,0.0,0.8062257748298549,True,1.6,3,1,5,5,5,10,0,10,6,2.0,0.5,0.0,0.8062257748298549,0.0,1.5982619559119136,3.0,1.0,0.0,1.0954451150103321,0.0
2.2660917036589336,FUZZY_OPTUNA_DARTS,0.0,2026-08-20_08-16-01,0.2,XOR,2.0,0.8,0.0,0.7483314773547883,True,1.6,2,1,5,4,0,5,0,5,1,2.0,0.8,0.0,0.7483314773547883,0.0,2.2660917036589336,4.0,1.6,1.0,1.2,0.0
2.446993554453306,FUZZY_OPTUNA_DARTS,0.0,2026-08-20_08-21-34,0.3,XOR,2.0,1.2,0.0,0.9797958971132712,True,1.4,2,1,5,6,0,5,0,5,1,2.0,1.2,0.0,0.7483314773547883,0.0,2.446993554453306,3.0,2.4,2.0,0.4898979485566356,0.0
1.0288303328551514,FUZZY_OPTUNA_DARTS,0.42222222222222217,2026-08-20_08-17-31,0.2916666666666667,XOR,4.0,2.3333333333333335,0.0,1.699673171197595,False,1.3928571428571428,2,4,8,21,1,9,1,6,2,5.0,2.3333333333333335,0.0,1.699673171197595,0.2857142857142857,1.0288303328551514,8.0,4.666666666666667,0.0,2.449489742783178,0.5
2.6360358383274622,FUZZY_OPTUNA_DARTS,0.0,2026-08-20_08-27-16,0.15,XOR,2.0,0.6,0.0,0.8,True,1.5,2,1,4,3,1,5,0,5,2,1.0,0.6,0.0,0.4898979485566356,0.0,2.6360358383274622,3.0,1.2,0.0,0.9797958971132712,0.0
1.951299149541917,FUZZY_OPTUNA_DARTS,0.7521428571428571,2026-08-20_08-31-59,0.4444444444444444,XOR,8.0,4.0,0.0,2.6832815729997477,False,1.288888888888889,2,7,10,40,0,10,2,4,1,6.0,4.0,0.0,1.6733200530681511,0.3,1.951299149541917,12.0,8.0,3.0,2.756809750418044,0.7297297297297297
3.1509734221591525,FUZZY_OPTUNA_DARTS,0.0,2026-08-20_09-00-51,0.2,XOR,2.0,0.8,0.0,0.7483314773547883,True,1.6,2,1,5,4,0,5,0,5,1,2.0,0.8,0.0,0.7483314773547883,0.0,3.1509734221591525,4.0,1.6,1.0,1.2,0.0
2.6748933224523737,FUZZY_OPTUNA_DARTS,0.5,2026-08-20_09-09-19,0.26666666666666666,XOR,4.0,1.3333333333333333,0.0,1.5986105077709065,False,1.4,2,2,5,8,1,6,1,5,2,2.0,1.3333333333333333,0.0,0.9428090415820634,0.25,2.6748933224523737,6.0,2.6666666666666665,0.0,2.1343747458109497,0.5454545454545454
1.0432528598528008,FUZZY_OPTUNA_DARTS,0.5728571428571427,2026-08-20_09-07-34,0.24444444444444444,XOR,5.0,2.2,0.0,2.08806130178211,False,1.4285714285714286,2,5,8,22,2,10,4,6,3,5.0,2.2,0.0,1.6613247725836149,0.18181818181818182,1.0432528598528008,10.0,4.4,0.0,3.411744421846396,0.5689655172413793
1.3269804260590468,FUZZY_OPTUNA_DARTS,0.6557142857142858,2026-08-20_09-10-22,0.36666666666666664,XOR,8.0,3.3,0.0,2.570992026436488,False,1.2777777777777777,2,6,9,33,1,10,3,5,2,6.0,3.3,0.0,2.1,0.24242424242424243,1.3269804260590468,14.0,6.6,0.0,3.4409301068170506,0.7045454545454546
1.3443297346722702,FUZZY_OPTUNA_DARTS,0.125,2026-08-20_09-17-03,0.2857142857142857,XOR,4.0,2.0,0.0,1.4142135623730951,False,1.5,2,3,8,16,0,8,0,6,1,4.0,2.0,0.0,1.224744871391589,0.25,1.3443297346722702,6.0,4.0,2.0,1.224744871391589,0.16216216216216217
1.9184591359550804,FUZZY_OPTUNA_DARTS,0.0,2026-08-20_09-17-09,0.17857142857142858,XOR,3.0,1.25,0.0,1.299038105676658,False,1.4666666666666666,2,3,6,10,2,8,0,6,3,2.0,1.25,0.0,0.9682458365518543,0.4,1.9184591359550804,5.0,2.5,0.0,1.8708286933869707,0.0
5.5857933579335795,FUZZY_OPTUNA_DARTS,0.6095238095238095,2026-08-20_09-25-56,0.42857142857142855,XOR,5.0,2.5714285714285716,0.0,1.9166296949998198,False,1.2857142857142858,2,2,7,18,0,7,2,6,1,4.0,2.5714285714285716,0.0,1.6781914463529615,0.1111111111111111,5.5857933579335795,8.0,5.142857142857143,2.0,1.8844151368961313,0.6792452830188679
2.1394230769230766,FUZZY_OPTUNA_DARTS,0.5857142857142856,2026-08-20_09-28-32,0.35714285714285715,XOR,4.0,2.142857142857143,0.0,1.6413036132965797,False,1.4285714285714286,3,2,7,15,0,7,1,6,1,4.0,2.142857142857143,0.0,1.5518257844571737,0.13333333333333333,2.1394230769230766,8.0,4.285714285714286,1.0,1.979486637221574,0.6585365853658537
5.851761577529038,FUZZY_OPTUNA_DARTS,0.0,2026-08-20_09-33-52,0.25,XOR,2.0,1.0,0.0,0.8944271909999159,True,1.6,3,1,5,5,0,5,0,5,1,2.0,1.0,0.0,0.8944271909999159,0.0,5.851761577529038,3.0,2.0,1.0,0.6324555320336759,0.0
2.1524569811840757,FUZZY_OPTUNA_DARTS,0.8,2026-08-20_09-35-02,0.35,XOR,3.0,1.4,0.0,1.2,True,1.3,2,1,5,7,0,5,0,5,1,2.0,1.4,0.0,0.8,0.0,2.1524569811840757,4.0,2.8,2.0,0.9797958971132712,0.6
2.085090243468559,FUZZY_OPTUNA_DARTS,0.0,2026-08-20_09-42-31,0.3,XOR,2.0,1.2,0.0,0.9797958971132712,True,1.4,2,1,5,6,0,5,0,5,1,2.0,1.2,0.0,0.7483314773547883,0.0,2.085090243468559,3.0,2.4,2.0,0.4898979485566356,0.0
3.0053617364141276,FUZZY_OPTUNA_DARTS,0.0,2026-08-20_09-43-55,0.2,XOR,3.0,1.0,0.0,1.0,False,2.066666666666667,4,2,6,6,0,6,0,5,1,2.0,1.0,0.0,0.816496580927726,0.3333333333333333,3.0053617364141276,4.0,2.0,1.0,1.1547005383792515,0.0
0.9124241627590686,FUZZY_OPTUNA_DARTS,0.7952380952380952,2026-08-20_09-51-09,0.40476190476190477,XOR,6.0,2.4285714285714284,0.0,1.9897697538834456,False,1.4285714285714286,2,3,7,17,0,7,4,5,1,3.0,2.4285714285714284,0.0,1.0497813183356477,0.11764705882352941,0.9124241627590686,9.0,4.857142857142857,2.0,2.294625486315573,0.5833333333333334
4.175661412388912,FUZZY_OPTUNA_DARTS,0.0,2026-08-20_09-58-01,0.2,XOR,2.0,0.8,0.0,0.7483314773547883,True,1.6,2,1,5,4,0,5,0,5,1,2.0,0.8,0.0,0.7483314773547883,0.0,4.175661412388912,4.0,1.6,1.0,1.2,0.0
0.8469870053847246,FUZZY_OPTUNA_DARTS,0.3804761904761904,2026-08-20_09-52-53,0.26666666666666666,XOR,6.0,2.4,0.0,1.8547236990991407,False,1.5777777777777777,3,3,10,24,0,10,2,7,1,5.0,2.4,0.0,1.2,0.16666666666666666,0.8469870053847246,8.0,4.8,3.0,1.833030277982336,0.31343283582089554
2.9596431955873963,FUZZY_OPTUNA_DARTS,0.4333333333333334,2026-08-20_10-05-56,0.3,XOR,2.0,1.2,0.0,0.9797958971132712,False,1.5,2,1,5,6,0,5,1,5,1,2.0,1.2,0.0,0.7483314773547883,0.0,2.9596431955873963,4.0,2.4,1.0,1.3564659966250536,0.375
1.1499408456028424,FUZZY_OPTUNA_DARTS,0.47222222222222215,2026-08-20_10-20-49,0.36666666666666664,XOR,3.0,1.8333333333333333,0.0,1.3437096247164249,False,1.4,2,2,6,11,0,6,1,5,1,3.0,1.8333333333333333,0.0,0.8975274678557507,0.18181818181818182,1.1499408456028424,6.0,3.6666666666666665,2.0,1.4907119849998598,0.45
2.301296226729943,FUZZY_OPTUNA_DARTS,0.0,2026-08-20_10-21-56,0.15,XOR,2.0,0.6,0.0,0.8,True,1.5,2,1,4,3,1,5,0,5,2,1.0,0.6,0.0,0.4898979485566356,0.0,2.301296226729943,3.0,1.2,0.0,0.9797958971132712,0.0
0.8723400108842038,FUZZY_OPTUNA_DARTS,0.40952380952380946,2026-08-20_10-24-07,0.2857142857142857,XOR,4.0,1.7142857142857142,0.0,1.749635530559413,False,1.5333333333333334,2,3,6,12,1,7,2,5,2,3.0,1.7142857142857142,0.0,1.2777531299998799,0.5,0.8723400108842038,7.0,3.4285714285714284,0.0,2.8713930346059686,0.4
1.6628307110446263,FUZZY_OPTUNA_DARTS,0.5291666666666667,2026-08-20_10-24-51,0.3392857142857143,XOR,5.0,2.375,0.0,1.9324531042175384,False,1.3928571428571428,2,5,8,19,0,8,1,4,1,3.0,2.375,0.0,0.9921567416492215,0.10526315789473684,1.6628307110446263,7.0,4.75,3.0,1.5612494995995996,0.4918032786885246
5.519179137333076,FUZZY_OPTUNA_DARTS,0.0,2026-08-20_10-44-35,0.16666666666666666,XOR,2.0,0.8333333333333334,0.0,0.8975274678557507,True,1.6,3,1,5,5,1,6,0,6,2,2.0,0.8333333333333334,0.0,0.8975274678557507,0.0,5.519179137333076,3.0,1.6666666666666667,0.0,0.9428090415820634,0.0
0.951021862536388,FUZZY_OPTUNA_DARTS,0.8,2026-08-20_11-05-58,0.45,XOR,4.0,1.8,0.0,1.6,False,1.3,2,2,5,9,0,5,1,4,1,3.0,1.8,0.0,0.9797958971132712,0.2222222222222222,0.951021862536388,7.0,3.6,2.0,2.0591260281974,0.6
3.2787630393302334,FUZZY_OPTUNA_DARTS,0.5888888888888889,2026-08-20_11-20-04,0.3055555555555556,XOR,5.0,2.4444444444444446,0.0,2.060804110110156,False,1.3214285714285714,2,5,8,22,1,9,1,5,2,4.0,2.4444444444444446,0.0,1.4229164972072996,0.18181818181818182,3.2787630393302334,8.0,4.888888888888889,0.0,2.469567863432541,0.631578947368421
8.498615045174201,FUZZY_OPTUNA_DARTS,0.0,2026-08-20_11-30-52,0.35,XOR,3.0,1.4,0.0,1.2,False,1.4,2,1,5,7,0,5,1,5,1,2.0,1.4,0.0,0.8,0.0,8.498615045174201,5.0,2.8,2.0,1.1661903789690602,0.0
1.6204056989353839,FUZZY_OPTUNA_DARTS,0.0,2026-08-20_11-31-19,0.15,XOR,2.0,0.6,0.0,0.8,True,1.5,2,1,4,3,1,5,0,5,2,1.0,0.6,0.0,0.4898979485566356,0.0,1.6204056989353839,3.0,1.2,0.0,0.9797958971132712,0.0
1.0690831422978613,FUZZY_OPTUNA_DARTS,0.20833333333333331,2026-08-20_11-33-02,0.26785714285714285,XOR,3.0,1.875,0.0,1.4523687548277813,False,1.4761904761904763,2,3,7,15,1,8,2,6,2,4.0,1.875,0.0,1.2686114456365274,0.26666666666666666,1.0690831422978613,7.0,3.75,0.0,2.0463381929681126,0.24
5.155157888465043,FUZZY_OPTUNA_DARTS,0.3375,2026-08-20_11-36-35,0.19642857142857142,XOR,5.0,1.375,0.0,1.5761900266148114,False,1.5714285714285714,3,1,7,11,1,8,1,8,2,3.0,1.375,0.0,1.1110243021644486,0.0,5.155157888465043,6.0,2.75,0.0,1.8540496217739157,0.375
1.4253835325614157,FUZZY_OPTUNA_DARTS,0.3619047619047619,2026-08-20_11-38-54,0.3333333333333333,XOR,4.0,2.0,0.0,1.6035674514745464,False,1.4761904761904763,2,4,7,14,0,7,0,4,1,3.0,2.0,0.0,1.0690449676496976,0.42857142857142855,1.4253835325614157,7.0,4.0,2.0,1.927248223318863,0.32142857142857145
1.9184269953991246,FUZZY_OPTUNA_DARTS,0.0,2026-08-20_11-47-05,0.15,XOR,2.0,0.6,0.0,0.8,True,1.5,2,1,4,3,1,5,0,5,2,1.0,0.6,0.0,0.4898979485566356,0.0,1.9184269953991246,3.0,1.2,0.0,0.9797958971132712,0.0
3.213371656292989,FUZZY_OPTUNA_DARTS,0.0,2026-08-20_11-50-12,0.16666666666666666,XOR,2.0,0.8333333333333334,0.0,0.8975274678557507,True,1.6,3,1,5,5,1,6,0,6,2,2.0,0.8333333333333334,0.0,0.6871842709362768,0.0,3.213371656292989,3.0,1.6666666666666667,0.0,0.9428090415820634,0.0
4.625791430787582,FUZZY_OPTUNA_DARTS,0.575,2026-08-20_11-57-10,0.4642857142857143,XOR,5.0,3.25,0.0,2.0463381929681126,False,1.3571428571428572,2,5,8,26,0,8,3,4,1,5.0,3.25,0.0,1.3919410907075054,0.38461538461538464,4.625791430787582,10.0,6.5,3.0,2.598076211353316,0.5294117647058824
0.8130961270804308,FUZZY_OPTUNA_DARTS,0.575,2026-08-20_11-57-10,0.4642857142857143,XOR,5.0,3.25,0.0,2.0463381929681126,False,1.3571428571428572,2,5,8,26,0,8,3,4,1,5.0,3.25,0.0,1.3919410907075054,0.38461538461538464,0.8130961270804308,10.0,6.5,3.0,2.598076211353316,0.5294117647058824
2.755830523984062,FUZZY_OPTUNA_DARTS,0.0,2026-08-20_12-10-14,0.15,XOR,2.0,0.6,0.0,0.8,True,1.5,2,1,4,3,1,5,0,5,2,1.0,0.6,0.0,0.4898979485566356,0.0,2.755830523984062,3.0,1.2,0.0,0.9797958971132712,0.0
1.266388172296532,FUZZY_OPTUNA_DARTS,0.0,2026-08-20_12-25-04,0.25,XOR,2.0,1.0,0.0,0.8944271909999159,True,1.6,3,1,5,5,0,5,0,5,1,2.0,1.0,0.0,0.8944271909999159,0.0,1.266388172296532,3.0,2.0,1.0,0.6324555320336759,0.0
0.8708211811493174,FUZZY_OPTUNA_DARTS,0.32666666666666666,2026-08-20_12-37-20,0.3333333333333333,XOR,6.0,3.0,0.0,2.0976176963403033,False,1.4444444444444444,3,6,9,30,1,10,2,5,2,5.0,3.0,0.0,1.6733200530681511,0.4666666666666667,0.8708211811493174,10.0,6.0,0.0,2.9664793948382653,0.4074074074074074
1.0292456544869915,FUZZY_OPTUNA_DARTS,0.16666666666666666,2026-08-20_12-42-28,0.1111111111111111,XOR,3.0,0.8888888888888888,0.0,1.0999438818457405,True,1.4666666666666666,2,1,6,8,3,9,0,9,4,2.0,0.8888888888888888,0.0,0.8748897637790901,0.0,1.0292456544869915,4.0,1.7777777777777777,0.0,1.3966450099973928,0.2
2.211168234480233,FUZZY_OPTUNA_DARTS,0.0,2026-08-20_12-55-58,0.2,XOR,2.0,1.0,0.0,1.0,True,1.4,2,1,5,6,1,6,0,6,2,2.0,1.0,0.0,0.816496580927726,0.0,2.211168234480233,3.0,2.0,0.0,1.0,0.0
2.505546241616553,FUZZY_OPTUNA_DARTS,0.3055555555555555,2026-08-20_13-07-19,0.3333333333333333,XOR,4.0,1.6666666666666667,0.0,1.4907119849998598,False,1.5333333333333334,3,1,6,10,0,6,2,6,1,3.0,1.6666666666666667,0.0,0.9428090415820634,0.0,2.505546241616553,5.0,3.3333333333333335,1.0,1.4907119849998598,0.375
0.8311644978754308,FUZZY_OPTUNA_DARTS,0.5714285714285714,2026-08-20_13-08-29,0.3111111111111111,XOR,6.0,2.8,0.0,2.4413111231467406,False,1.4166666666666667,3,5,9,28,1,10,2,6,2,5.0,2.8,0.0,2.039607805437114,0.21428571428571427,0.8311644978754308,11.0,5.6,0.0,3.2924155266308657,0.7075471698113207
7.057326295003735,FUZZY_OPTUNA_DARTS,0.0,2026-08-20_13-23-53,0.1,XOR,2.0,0.5,0.0,0.7637626158259734,True,1.5,2,1,4,3,2,6,0,6,3,1.0,0.5,0.0,0.5,0.0,7.057326295003735,3.0,1.0,0.0,1.0,0.0
1.131820246019181,FUZZY_OPTUNA_DARTS,0.3333333333333333,2026-08-20_13-46-44,0.3,XOR,3.0,1.2,0.0,1.1661903789690602,False,1.6,3,2,5,6,0,5,0,4,1,2.0,1.2,0.0,0.7483314773547883,0.3333333333333333,1.131820246019181,4.0,2.4,1.0,1.3564659966250536,0.42857142857142855
2.651081459611813,FUZZY_OPTUNA_DARTS,0.4666666666666666,2026-08-20_13-52-11,0.2,XOR,2.0,0.8,0.0,0.9797958971132712,True,1.3333333333333333,2,1,4,4,1,5,0,5,2,2.0,0.8,0.0,0.7483314773547883,0.0,2.651081459611813,3.0,1.6,0.0,1.019803902718557,0.6
6.339009037011918,FUZZY_OPTUNA_DARTS,0.4885714285714286,2026-08-20_13-59-10,0.26666666666666666,XOR,6.0,2.4,0.0,2.2891046284519194,False,1.2857142857142858,2,4,8,24,2,10,1,7,3,5.0,2.4,0.0,1.8547236990991407,0.25,6.339009037011918,11.0,4.8,0.0,3.1240998703626617,0.6
1.5062464892070475,FUZZY_OPTUNA_DARTS,0.0,2026-08-20_14-13-47,0.15,XOR,2.0,0.6,0.0,0.8,True,1.5,2,1,4,3,1,5,0,5,2,1.0,0.6,0.0,0.4898979485566356,0.0,1.5062464892070475,3.0,1.2,0.0,0.9797958971132712,0.0
3.341963503119726,FUZZY_OPTUNA_DARTS,0.0,2026-08-20_14-21-33,0.15,XOR,2.0,0.6,0.0,0.8,True,1.5,2,1,4,3,1,5,0,5,2,1.0,0.6,0.0,0.4898979485566356,0.0,3.341963503119726,3.0,1.2,0.0,0.9797958971132712,0.0
0.8191094349816153,FUZZY_OPTUNA_DARTS,0.39333333333333337,2026-08-20_14-37-31,0.25555555555555554,XOR,6.0,2.3,0.0,2.0518284528683193,False,1.3928571428571428,2,5,8,23,2,10,1,6,3,4.0,2.3,0.0,1.6155494421403511,0.43478260869565216,0.8191094349816153,10.0,4.6,0.0,3.0724582991474434,0.4576271186440678
3.5333071670947156,FUZZY_OPTUNA_DARTS,0.0,2026-08-20_14-46-35,0.13333333333333333,XOR,2.0,0.6666666666666666,0.0,0.7453559924999299,True,1.8,3,1,5,4,1,6,0,6,2,2.0,0.6666666666666666,0.0,0.7453559924999299,0.0,3.5333071670947156,3.0,1.3333333333333333,0.0,0.9428090415820634,0.0
0.9159736798080865,FUZZY_OPTUNA_DARTS,0.11904761904761904,2026-08-20_14-50-34,0.23809523809523808,XOR,3.0,1.4285714285714286,0.0,1.178030178747903,True,1.5238095238095237,2,1,7,10,0,7,0,7,1,2.0,1.4285714285714286,0.0,0.7284313590846836,0.0,0.9159736798080865,4.0,2.857142857142857,2.0,0.832993127835043,0.14285714285714285
1.0870066318500906,FUZZY_OPTUNA_DARTS,0.7438095238095237,2026-08-20_14-59-35,0.4,XOR,7.0,3.6,0.0,2.244994432064365,False,1.3333333333333333,2,7,10,36,0,10,2,4,1,6.0,3.6,0.0,1.6852299546352718,0.2222222222222222,1.0870066318500906,10.0,7.2,3.0,2.2715633383201093,0.676829268292683
3.3954081059493433,FUZZY_OPTUNA_DARTS,0.0,2026-08-20_15-12-55,0.15,XOR,2.0,0.6,0.0,0.8,True,1.5,2,1,4,3,1,5,0,5,2,1.0,0.6,0.0,0.4898979485566356,0.0,3.3954081059493433,3.0,1.2,0.0,0.9797958971132712,0.0
1.920482053879645,FUZZY_OPTUNA_DARTS,0.6666666666666666,2026-08-20_15-41-27,0.36666666666666664,XOR,4.0,1.8333333333333333,0.0,1.4624940645653537,False,1.3333333333333333,2,1,6,11,0,6,1,6,1,3.0,1.8333333333333333,0.0,1.2133516482134197,0.0,1.920482053879645,7.0,3.6666666666666665,2.0,1.5986105077709065,0.5769230769230769
1.468665341913879,FUZZY_OPTUNA_DARTS,0.0,2026-08-20_15-43-23,0.13333333333333333,XOR,2.0,0.6666666666666666,0.0,0.7453559924999299,True,1.6,2,1,5,4,1,6,0,6,2,2.0,0.6666666666666666,0.0,0.7453559924999299,0.0,1.468665341913879,4.0,1.3333333333333333,0.0,1.247219128924647,0.0
0.9008976677591365,FUZZY_OPTUNA_DARTS,0.5619047619047619,2026-08-20_15-55-47,0.3888888888888889,XOR,7.0,3.5,0.0,2.6172504656604803,False,1.3333333333333333,2,6,9,35,1,10,3,5,2,6.0,3.5,0.0,2.1563858652847823,0.45714285714285713,0.9008976677591365,13.0,7.0,0.0,3.7682887362833544,0.6902654867256637
2.139338278962686,FUZZY_OPTUNA_DARTS,0.0,2026-08-20_16-05-47,0.2,XOR,2.0,0.8,0.0,0.7483314773547883,False,1.5,2,1,4,4,0,5,1,5,2,1.0,0.8,0.0,0.4,0.0,2.139338278962686,3.0,1.6,1.0,0.8,0.0
0.9587429533276074,FUZZY_OPTUNA_DARTS,0.8476190476190475,2026-08-20_16-05-32,0.47619047619047616,XOR,6.0,2.857142857142857,0.0,2.0303814862216996,False,1.2380952380952381,2,3,7,20,0,7,2,5,1,5.0,2.857142857142857,0.0,1.4568627181693672,0.2,0.9587429533276074,9.0,5.714285714285714,3.0,2.249716535431946,0.7741935483870968
5.274883842505198,FUZZY_OPTUNA_DARTS,0.0,2026-08-20_16-06-57,0.14285714285714285,XOR,3.0,1.0,0.0,1.118033988749895,False,1.7333333333333334,3,2,6,8,2,8,1,7,3,2.0,1.0,0.0,0.8660254037844386,0.25,5.274883842505198,5.0,2.0,0.0,1.7320508075688772,0.0
0.9192365809101257,FUZZY_OPTUNA_DARTS,0.4333333333333333,2026-08-20_16-19-43,0.35,XOR,3.0,1.4,0.0,1.3564659966250536,False,1.5,2,2,5,7,0,5,1,4,1,2.0,1.4,0.0,0.8,0.2857142857142857,0.9192365809101257,5.0,2.8,1.0,1.833030277982336,0.375
14.32074099138074,FUZZY_OPTUNA_DARTS,0.25,2026-08-20_16-53-53,0.26666666666666666,XOR,3.0,1.3333333333333333,0.0,1.1055415967851332,False,1.6,3,2,6,8,0,6,0,5,1,2.0,1.3333333333333333,0.0,0.7453559924999299,0.25,14.32074099138074,5.0,2.6666666666666665,1.0,1.3743685418725535,0.25
1.0055063124595143,FUZZY_OPTUNA_DARTS,0.7936507936507936,2026-08-20_17-15-07,0.3611111111111111,XOR,7.0,2.888888888888889,0.0,2.5141574442188355,False,1.3214285714285714,2,5,8,26,1,9,3,5,2,5.0,2.888888888888889,0.0,1.9116278371205837,0.3076923076923077,1.0055063124595143,12.0,5.777777777777778,0.0,3.675074535231384,0.7857142857142857
2.249606148209721,FUZZY_OPTUNA_DARTS,0.4333333333333333,2026-08-20_17-32-20,0.35,XOR,3.0,1.4,0.0,1.3564659966250536,False,1.5,2,2,5,7,0,5,1,4,1,2.0,1.4,0.0,0.8,0.2857142857142857,2.249606148209721,5.0,2.8,1.0,1.833030277982336,0.375
2.482499678231342,FUZZY_OPTUNA_DARTS,0.3333333333333333,2026-08-20_17-40-58,0.30357142857142855,XOR,6.0,2.125,0.0,2.0879116360612584,False,1.380952380952381,2,3,7,17,1,8,2,6,2,4.0,2.125,0.0,1.3635890143294642,0.23529411764705882,2.482499678231342,9.0,4.25,0.0,2.5860201081971503,0.40540540540540543
3.082420286344649,FUZZY_OPTUNA_DARTS,0.4666666666666666,2026-08-20_17-46-55,0.3,XOR,2.0,1.2,0.0,0.9797958971132712,False,1.7,3,1,5,6,0,5,1,5,1,2.0,1.2,0.0,0.7483314773547883,0.0,3.082420286344649,3.0,2.4,2.0,0.4898979485566356,0.5
2.803282033798536,FUZZY_OPTUNA_DARTS,0.2633333333333333,2026-08-20_17-53-46,0.17777777777777778,XOR,5.0,1.6,0.0,1.8,False,1.4761904761904763,2,3,7,16,3,10,3,8,4,4.0,1.6,0.0,1.5620499351813308,0.25,2.803282033798536,9.0,3.2,0.0,2.7856776554368237,0.3333333333333333
2.957219241119724,FUZZY_OPTUNA_DARTS,0.8166666666666667,2026-08-20_18-09-07,0.48214285714285715,XOR,7.0,3.375,0.0,2.2878756522153907,False,1.3214285714285714,3,5,8,27,0,8,3,4,1,5.0,3.375,0.0,1.4947825928876748,0.2962962962962963,2.957219241119724,10.0,6.75,3.0,2.680951323690902,0.7674418604651163
1.3945205698253047,FUZZY_OPTUNA_DARTS,0.29166666666666663,2026-08-20_18-11-17,0.07142857142857142,XOR,2.0,0.5,0.0,0.8660254037844386,True,1.3333333333333333,2,1,4,4,4,8,0,8,5,2.0,0.5,0.0,0.7071067811865476,0.0,1.3945205698253047,3.0,1.0,0.0,1.118033988749895,0.6
2.124861772904946,FUZZY_OPTUNA_DARTS,0.7037037037037037,2026-08-20_18-12-51,0.3333333333333333,XOR,6.0,2.6666666666666665,0.0,2.4037008503093262,False,1.3928571428571428,2,5,8,24,1,9,3,5,2,5.0,2.6666666666666665,0.0,1.632993161855452,0.3333333333333333,2.124861772904946,10.0,5.333333333333333,0.0,3.5901098714230026,0.6461538461538462
1.4572672034787124,FUZZY_OPTUNA_DARTS,0.7166666666666667,2026-08-20_19-11-51,0.4107142857142857,XOR,7.0,2.875,0.0,2.2603926650031405,False,1.4285714285714286,2,5,8,23,0,8,3,4,1,5.0,2.875,0.0,1.4523687548277813,0.34782608695652173,1.4572672034787124,10.0,5.75,2.0,2.7271780286589284,0.5789473684210527
1.1285933359468212,FUZZY_OPTUNA_DARTS,0.38888888888888895,2026-08-20_19-13-30,0.25,XOR,4.0,2.0,0.0,1.4907119849998598,False,1.5,2,4,8,18,1,9,2,6,2,4.0,2.0,0.0,1.247219128924647,0.2222222222222222,1.1285933359468212,7.0,4.0,0.0,2.160246899469287,0.375
1.0490938905264104,FUZZY_OPTUNA_DARTS,0.380952380952381,2026-08-20_19-21-09,0.23809523809523808,XOR,5.0,1.4285714285714286,0.0,1.7612611437054218,False,1.6,3,2,6,10,1,7,2,6,2,2.0,1.4285714285714286,0.0,0.9035079029052513,0.2,1.0490938905264104,7.0,2.857142857142857,0.0,2.231499907401901,0.42857142857142855
2.7722931017684544,FUZZY_OPTUNA_DARTS,0.6,2026-08-20_19-46-59,0.3,XOR,3.0,1.2,0.0,1.1661903789690602,True,1.4,2,1,5,6,0,5,0,5,1,2.0,1.2,0.0,0.7483314773547883,0.0,2.7722931017684544,4.0,2.4,1.0,1.019803902718557,0.5454545454545454
2.2654029619002096,FUZZY_OPTUNA_DARTS,0.8091269841269841,2026-08-20_20-05-46,0.5,XOR,7.0,4.5,0.0,2.539685019840059,False,1.2444444444444445,2,7,10,45,0,10,2,4,1,7.0,4.5,0.0,1.8027756377319946,0.4,2.2654029619002096,14.0,9.0,4.0,3.1622776601683795,0.7677725118483413
3.263132314371601,FUZZY_OPTUNA_DARTS,0.0,2026-08-20_20-15-28,0.15,XOR,2.0,0.6,0.0,0.8,True,1.6666666666666667,3,1,4,3,1,5,0,5,2,1.0,0.6,0.0,0.4898979485566356,0.0,3.263132314371601,2.0,1.2,0.0,0.7483314773547883,0.0
1.2207340057906346,FUZZY_OPTUNA_DARTS,0.47513227513227513,2026-08-20_20-17-08,0.3333333333333333,XOR,5.0,2.6666666666666665,0.0,1.7638342073763937,False,1.5,3,5,9,24,0,9,2,5,1,4.0,2.6666666666666665,0.0,1.1547005383792515,0.25,1.2207340057906346,8.0,5.333333333333333,2.0,2.1081851067789197,0.4647887323943662
0.8844645178676517,FUZZY_OPTUNA_DARTS,0.45185185185185184,2026-08-20_20-36-43,0.3472222222222222,XOR,7.0,2.7777777777777777,0.0,2.1487866228681907,False,1.4166666666666667,2,5,9,25,0,9,2,5,1,4.0,2.7777777777777777,0.0,1.227262335243029,0.16,0.8844645178676517,9.0,5.555555555555555,3.0,2.1659542988464366,0.46987951807228917
0.8481335743918481,FUZZY_OPTUNA_DARTS,0.0,2026-08-20_20-42-29,0.2,XOR,2.0,0.8,0.0,0.7483314773547883,True,1.6,2,1,5,4,0,5,0,5,1,2.0,0.8,0.0,0.7483314773547883,0.0,0.8481335743918481,4.0,1.6,1.0,1.2,0.0
1.2355060302805547,FUZZY_OPTUNA_DARTS,0.0,2026-08-20_20-44-00,0.2,XOR,2.0,1.0,0.0,1.0,False,1.6,3,1,5,6,1,6,1,6,2,2.0,1.0,0.0,0.816496580927726,0.0,1.2355060302805547,4.0,2.0,0.0,1.2909944487358056,0.0
1.5600694575405465,FUZZY_OPTUNA_DARTS,0.4333333333333334,2026-08-20_20-49-13,0.3,XOR,3.0,1.2,0.0,1.1661903789690602,False,1.5,2,1,5,6,0,5,1,5,1,2.0,1.2,0.0,0.7483314773547883,0.0,1.5600694575405465,4.0,2.4,1.0,1.3564659966250536,0.375
9.831999729237907,FUZZY_OPTUNA_DARTS,0.0,2026-08-20_20-53-20,0.2,XOR,2.0,0.8,0.0,0.7483314773547883,True,1.8,3,1,5,4,0,5,0,5,1,2.0,0.8,0.0,0.7483314773547883,0.0,9.831999729237907,3.0,1.6,1.0,0.8,0.0
5.837031172191232,FUZZY_OPTUNA_DARTS,0.20833333333333331,2026-08-20_20-55-37,0.125,XOR,3.0,0.875,0.0,1.0532687216470449,True,1.6,3,1,6,7,2,8,0,8,3,2.0,0.875,0.0,0.9270248108869579,0.0,5.837031172191232,3.0,1.75,0.0,1.0897247358851685,0.3
1.6725611540172107,FUZZY_OPTUNA_DARTS,0.7291666666666666,2026-08-20_21-01-18,0.2857142857142857,XOR,3.0,2.0,0.0,1.224744871391589,False,1.6071428571428572,3,3,8,16,0,8,0,6,1,4.0,2.0,0.0,1.5,0.25,1.6725611540172107,7.0,4.0,2.0,1.9364916731037085,0.5714285714285714
2.245889858010597,FUZZY_OPTUNA_DARTS,0.0,2026-08-20_21-09-25,0.15,XOR,2.0,0.6,0.0,0.8,True,1.5,2,1,4,3,1,5,0,5,2,1.0,0.6,0.0,0.4898979485566356,0.0,2.245889858010597,3.0,1.2,0.0,0.9797958971132712,0.0
6.569272808558254,FUZZY_OPTUNA_DARTS,0.8,2026-08-20_21-19-44,0.4,XOR,4.0,1.6,0.0,1.4966629547095767,False,1.3,2,1,5,8,0,5,1,5,1,2.0,1.6,0.0,0.8,0.0,6.569272808558254,6.0,3.2,2.0,1.6,0.6
7.627689533024265,FUZZY_OPTUNA_DARTS,0.6571428571428573,2026-08-20_21-17-49,0.4523809523809524,XOR,6.0,2.7142857142857144,0.0,1.979486637221574,False,1.2857142857142858,2,4,7,19,0,7,2,4,1,4.0,2.7142857142857144,0.0,1.2777531299998799,0.21052631578947367,7.627689533024265,10.0,5.428571428571429,3.0,2.2587697572631282,0.6226415094339622
2.453841043850002,FUZZY_OPTUNA_DARTS,0.0,2026-08-20_21-22-20,0.25,XOR,2.0,1.0,0.0,0.8944271909999159,False,1.8,3,2,5,5,0,5,0,4,1,2.0,1.0,0.0,0.6324555320336759,0.4,2.453841043850002,4.0,2.0,1.0,1.2649110640673518,0.0
6.0913471867737545,FUZZY_OPTUNA_DARTS,0.0,2026-08-20_21-35-28,0.25,XOR,2.0,1.0,0.0,0.8944271909999159,True,1.6,3,1,5,5,0,5,0,5,1,2.0,1.0,0.0,0.6324555320336759,0.0,6.0913471867737545,3.0,2.0,1.0,0.6324555320336759,0.0
3.3038482270780403,FUZZY_OPTUNA_DARTS,0.5476190476190476,2026-08-20_21-36-39,0.40476190476190477,XOR,5.0,2.4285714285714284,0.0,1.8405855323893037,False,1.3333333333333333,2,3,7,17,0,7,2,5,1,4.0,2.4285714285714284,0.0,1.2936264483053452,0.11764705882352941,3.3038482270780403,8.0,4.857142857142857,2.0,1.9587584572574412,0.5869565217391305
1.1215667217428493,FUZZY_OPTUNA_DARTS,0.7,2026-08-20_21-37-50,0.32142857142857145,XOR,6.0,2.25,0.0,2.277608394786075,False,1.3333333333333333,2,3,7,18,1,8,2,6,2,5.0,2.25,0.0,1.5612494995995996,0.2222222222222222,1.1215667217428493,9.0,4.5,0.0,2.8722813232690143,0.7021276595744681
0.8113473427364303,FUZZY_OPTUNA_DARTS,0.4666666666666667,2026-08-20_21-37-44,0.24444444444444444,XOR,5.0,2.2,0.0,2.039607805437114,False,1.4642857142857142,3,5,8,22,2,10,3,6,3,5.0,2.2,0.0,1.6613247725836149,0.2727272727272727,0.8113473427364303,9.0,4.4,0.0,3.0724582991474434,0.5555555555555556
5.025733752618378,FUZZY_OPTUNA_DARTS,0.0,2026-08-20_21-44-56,0.2,XOR,2.0,0.8,0.0,0.7483314773547883,True,1.8,3,1,5,4,0,5,0,5,1,2.0,0.8,0.0,0.7483314773547883,0.0,5.025733752618378,3.0,1.6,1.0,0.8,0.0
1.150085118576276,FUZZY_OPTUNA_DARTS,0.5185714285714285,2026-08-20_21-48-35,0.35555555555555557,XOR,7.0,3.2,0.0,2.4,False,1.4166666666666667,2,6,9,32,1,10,4,5,2,6.0,3.2,0.0,1.8867962264113207,0.4375,1.150085118576276,12.0,6.4,0.0,3.7202150475476548,0.5172413793103449
3.240807577712159,FUZZY_OPTUNA_DARTS,0.4333333333333334,2026-08-20_21-58-34,0.25,XOR,2.0,1.0,0.0,0.8944271909999159,True,1.5,2,1,5,5,0,5,0,5,1,2.0,1.0,0.0,0.8944271909999159,0.0,3.240807577712159,4.0,2.0,1.0,1.0954451150103321,0.375
3.7959209487601924,FUZZY_OPTUNA_DARTS,0.0,2026-08-20_21-58-48,0.25,XOR,2.0,1.0,0.0,0.8944271909999159,False,1.8,3,1,5,5,0,5,1,5,1,2.0,1.0,0.0,0.6324555320336759,0.0,3.7959209487601924,3.0,2.0,1.0,0.8944271909999159,0.0
1.6942301377241953,FUZZY_OPTUNA_DARTS,0.4333333333333333,2026-08-20_22-22-12,0.26785714285714285,XOR,5.0,1.875,0.0,1.7633419974582356,False,1.4761904761904763,3,4,7,15,1,8,1,5,2,4.0,1.875,0.0,1.3635890143294642,0.26666666666666666,1.6942301377241953,7.0,3.75,0.0,2.222048604328897,0.5294117647058824
1.9710832210656384,FUZZY_OPTUNA_DARTS,0.2708333333333333,2026-08-20_22-39-30,0.125,XOR,3.0,0.875,0.0,1.2686114456365274,False,1.5,2,2,5,7,3,8,1,7,4,2.0,0.875,0.0,0.9270248108869579,0.2857142857142857,1.9710832210656384,5.0,1.75,0.0,1.984313483298443,0.375
1.3818682116925634,FUZZY_OPTUNA_DARTS,0.3888888888888889,2026-08-20_22-42-30,0.3333333333333333,XOR,3.0,1.6666666666666667,0.0,1.247219128924647,False,1.5333333333333334,3,2,6,10,0,6,1,5,1,3.0,1.6666666666666667,0.0,0.9428090415820634,0.2,1.3818682116925634,5.0,3.3333333333333335,2.0,1.1055415967851332,0.4
0.9031031564565705,FUZZY_OPTUNA_DARTS,0.6238095238095239,2026-08-20_22-43-12,0.4107142857142857,XOR,6.0,2.875,0.0,1.899835519196333,False,1.3571428571428572,2,5,8,23,0,8,1,4,1,4.0,2.875,0.0,1.2686114456365274,0.34782608695652173,0.9031031564565705,8.0,5.75,3.0,2.222048604328897,0.5416666666666666
2.8359675703145353,FUZZY_OPTUNA_DARTS,0.6004761904761906,2026-08-20_22-42-08,0.3333333333333333,XOR,6.0,3.0,0.0,2.4083189157584592,False,1.3888888888888888,3,6,9,30,1,10,2,5,2,5.0,3.0,0.0,1.6733200530681511,0.3333333333333333,2.8359675703145353,10.0,6.0,0.0,3.2249030993194197,0.7222222222222222
1.333737169090296,FUZZY_OPTUNA_DARTS,0.43333333333333335,2026-08-20_22-46-11,0.2222222222222222,XOR,5.0,1.7777777777777777,0.0,1.8121673811444545,False,1.4285714285714286,2,4,7,16,2,9,2,6,3,3.0,1.7777777777777777,0.0,1.314684396244359,0.25,1.333737169090296,8.0,3.5555555555555554,0.0,2.753224820747526,0.5294117647058824
1.689908154521669,FUZZY_OPTUNA_DARTS,0.0,2026-08-20_22-51-40,0.16071428571428573,XOR,3.0,1.125,0.0,1.2686114456365274,False,1.7333333333333334,3,2,6,9,2,8,2,7,3,2.0,1.125,0.0,0.9270248108869579,0.2222222222222222,1.689908154521669,5.0,2.25,0.0,1.8540496217739157,0.0
0.9075753818038835,FUZZY_OPTUNA_DARTS,0.6582010582010581,2026-08-20_22-53-47,0.3888888888888889,XOR,6.0,3.111111111111111,0.0,2.1314806770278754,False,1.3888888888888888,2,5,9,28,0,9,3,5,1,6.0,3.111111111111111,0.0,1.7916128329552332,0.21428571428571427,0.9075753818038835,11.0,6.222222222222222,4.0,2.57240820062005,0.5816326530612245
5.579318159688778,FUZZY_OPTUNA_DARTS,0.5,2026-08-20_23-02-04,0.23333333333333334,XOR,3.0,1.1666666666666667,0.0,1.2133516482134197,False,1.4,2,1,5,7,1,6,1,6,2,2.0,1.1666666666666667,0.0,0.8975274678557507,0.0,5.579318159688778,5.0,2.3333333333333335,0.0,1.699673171197595,0.5454545454545454
0.817320785046799,FUZZY_OPTUNA_DARTS,0.36111111111111116,2026-08-20_23-07-22,0.2,XOR,3.0,1.0,0.0,1.1547005383792515,False,1.5,2,2,5,6,1,6,0,5,2,2.0,1.0,0.0,0.816496580927726,0.3333333333333333,0.817320785046799,5.0,2.0,0.0,1.632993161855452,0.375
1.0402397260273972,FUZZY_OPTUNA_DARTS,0.0,2026-08-20_23-22-15,0.23333333333333334,XOR,3.0,1.1666666666666667,0.0,1.2133516482134197,False,1.4,2,1,5,7,1,6,1,6,2,2.0,1.1666666666666667,0.0,0.8975274678557507,0.0,1.0402397260273972,5.0,2.3333333333333335,0.0,1.4907119849998598,0.0
0.8759028605204947,FUZZY_OPTUNA_DARTS,0.0,2026-08-20_23-23-25,0.15,XOR,2.0,0.6,0.0,0.8,True,1.5,2,1,4,3,1,5,0,5,2,1.0,0.6,0.0,0.4898979485566356,0.0,0.8759028605204947,3.0,1.2,0.0,0.9797958971132712,0.0
2.0587478317239754,FUZZY_OPTUNA_DARTS,0.23809523809523808,2026-08-20_23-22-09,0.19047619047619047,XOR,2.0,1.1428571428571428,0.0,0.989743318610787,False,1.6666666666666667,3,2,6,8,1,7,0,6,2,2.0,1.1428571428571428,0.0,0.832993127835043,0.25,2.0587478317239754,4.0,2.2857142857142856,0.0,1.385051387833237,0.2727272727272727
2.2641825406105025,FUZZY_OPTUNA_DARTS,0.16666666666666666,2026-08-20_23-30-01,0.25,XOR,4.0,1.75,0.0,1.479019945774904,False,1.4761904761904763,2,3,7,14,1,8,1,6,2,4.0,1.75,0.0,1.3919410907075054,0.2857142857142857,2.2641825406105025,8.0,3.5,0.0,2.1213203435596424,0.12
0.8656079570055469,FUZZY_OPTUNA_DARTS,0.3055555555555555,2026-08-20_23-43-52,0.4,XOR,4.0,2.0,0.0,1.7320508075688772,False,1.5333333333333334,3,3,6,12,0,6,2,4,1,3.0,2.0,0.0,1.1547005383792515,0.3333333333333333,0.8656079570055469,7.0,4.0,1.0,2.309401076758503,0.375
1.451899317553115,FUZZY_OPTUNA_DARTS,0.0,2026-08-21_00-06-48,0.3,XOR,2.0,1.2,0.0,0.9797958971132712,False,1.6,3,1,5,6,0,5,1,5,1,2.0,1.2,0.0,0.7483314773547883,0.0,1.451899317553115,4.0,2.4,1.0,1.019803902718557,0.0
2.5088857144775347,FUZZY_OPTUNA_DARTS,0.5714285714285714,2026-08-21_00-09-12,0.19047619047619047,XOR,4.0,1.1428571428571428,0.0,1.4568627181693672,False,1.3,2,1,5,8,2,7,1,7,3,2.0,1.1428571428571428,0.0,0.989743318610787,0.0,2.5088857144775347,6.0,2.2857142857142856,0.0,1.979486637221574,0.6
4.149805036149289,FUZZY_OPTUNA_DARTS,0.0,2026-08-21_00-13-43,0.3,XOR,2.0,1.2,0.0,0.9797958971132712,True,1.4,2,1,5,6,0,5,0,5,1,2.0,1.2,0.0,0.7483314773547883,0.0,4.149805036149289,3.0,2.4,2.0,0.4898979485566356,0.0
4.3757939524110245,FUZZY_OPTUNA_DARTS,0.40952380952380946,2026-08-21_00-12-48,0.23809523809523808,XOR,4.0,1.4285714285714286,0.0,1.498298354528788,False,1.5333333333333334,2,3,6,10,1,7,2,5,2,3.0,1.4285714285714286,0.0,1.0497813183356477,0.2,4.3757939524110245,6.0,2.857142857142857,0.0,2.294625486315573,0.4
2.101931148650002,FUZZY_OPTUNA_DARTS,0.0,2026-08-21_00-15-57,0.15,XOR,2.0,0.6,0.0,0.8,True,1.5,2,1,4,3,1,5,0,5,2,1.0,0.6,0.0,0.4898979485566356,0.0,2.101931148650002,3.0,1.2,0.0,0.9797958971132712,0.0
1.4287725902671629,FUZZY_OPTUNA_DARTS,0.0,2026-08-21_00-16-10,0.15,XOR,2.0,0.6,0.0,0.8,True,1.5,2,1,4,3,1,5,0,5,2,1.0,0.6,0.0,0.4898979485566356,0.0,1.4287725902671629,3.0,1.2,0.0,0.9797958971132712,0.0
5.720992114905963,FUZZY_OPTUNA_DARTS,0.4666666666666666,2026-08-21_00-22-54,0.15555555555555556,XOR,5.0,1.4,0.0,1.9595917942265424,False,1.4,3,3,6,14,4,10,2,8,5,4.0,1.4,0.0,1.4966629547095767,0.2857142857142857,5.720992114905963,8.0,2.8,0.0,2.891366458960192,0.6923076923076923
1.093867310257142,FUZZY_OPTUNA_DARTS,0.6,2026-08-21_00-41-21,0.35,XOR,3.0,1.4,0.0,1.2,False,1.4,2,1,5,7,0,5,1,5,1,3.0,1.4,0.0,1.019803902718557,0.0,1.093867310257142,4.0,2.8,1.0,1.1661903789690602,0.5454545454545454
1.551596369510433,FUZZY_OPTUNA_DARTS,0.6,2026-08-21_00-45-04,0.4,XOR,3.0,1.6,0.0,1.3564659966250536,False,1.4,2,2,5,8,0,5,1,4,1,3.0,1.6,0.0,1.019803902718557,0.25,1.551596369510433,6.0,3.2,1.0,1.9390719429665315,0.5454545454545454
3.2657761251887667,FUZZY_OPTUNA_DARTS,0.0,2026-08-21_01-09-26,0.2,XOR,2.0,1.0,0.0,1.0,True,1.4,2,1,5,6,1,6,0,6,2,2.0,1.0,0.0,0.816496580927726,0.0,3.2657761251887667,3.0,2.0,0.0,1.0,0.0
1.4822983726532977,FUZZY_OPTUNA_DARTS,0.6,2026-08-21_01-10-43,0.4,XOR,3.0,1.6,0.0,1.3564659966250536,False,1.4,2,2,5,8,0,5,1,4,1,3.0,1.6,0.0,1.019803902718557,0.25,1.4822983726532977,6.0,3.2,1.0,1.9390719429665315,0.5454545454545454
1.1089068271646625,FUZZY_OPTUNA_DARTS,0.5428571428571428,2026-08-21_01-09-03,0.21428571428571427,XOR,4.0,1.2857142857142858,0.0,1.5779087167410373,False,1.4666666666666666,2,1,6,9,1,7,1,7,2,3.0,1.2857142857142858,0.0,1.0301575072754254,0.0,1.1089068271646625,7.0,2.5714285714285716,0.0,2.1285234893930487,0.47368421052631576
0.9071777548816342,FUZZY_OPTUNA_DARTS,0.0,2026-08-21_01-13-31,0.09523809523809523,XOR,2.0,0.5714285714285714,0.0,0.7284313590846836,True,2.0,4,1,5,4,2,7,0,7,3,2.0,0.5714285714285714,0.0,0.7284313590846836,0.0,0.9071777548816342,2.0,1.1428571428571428,0.0,0.832993127835043,0.0
7.603052871265401,FUZZY_OPTUNA_DARTS,0.0,2026-08-21_01-27-07,0.2,XOR,2.0,0.8,0.0,0.9797958971132712,True,1.8,3,1,5,4,0,5,0,5,1,1.0,0.8,0.0,0.4,0.0,7.603052871265401,3.0,1.6,1.0,0.8,0.0
1.8073999680472528,FUZZY_OPTUNA_DARTS,0.4333333333333333,2026-08-21_01-28-31,0.3,XOR,3.0,1.2,0.0,1.1661903789690602,False,1.5,2,1,5,6,0,5,1,5,1,2.0,1.2,0.0,0.7483314773547883,0.0,1.8073999680472528,4.0,2.4,1.0,1.3564659966250536,0.375
0.849058177408436,FUZZY_OPTUNA_DARTS,0.7031746031746032,2026-08-21_01-29-21,0.2916666666666667,XOR,6.0,2.3333333333333335,0.0,1.9436506316151,False,1.4285714285714286,2,5,8,21,1,9,1,5,2,4.0,2.3333333333333335,0.0,1.3333333333333333,0.38095238095238093,0.849058177408436,9.0,4.666666666666667,0.0,2.748737083745107,0.6
1.1944905516463573,FUZZY_OPTUNA_DARTS,0.25,2026-08-21_01-50-28,0.3,XOR,3.0,1.5,0.0,1.2583057392117916,False,1.4666666666666666,2,2,6,9,0,6,0,5,1,3.0,1.5,0.0,0.9574271077563381,0.2222222222222222,1.1944905516463573,4.0,3.0,2.0,1.0,0.2
3.000856009718864,FUZZY_OPTUNA_DARTS,0.5111111111111112,2026-08-21_01-46-48,0.2777777777777778,XOR,5.0,2.2222222222222223,0.0,1.7497795275581802,False,1.3928571428571428,2,3,8,20,1,9,1,7,2,4.0,2.2222222222222223,0.0,1.6850834320114556,0.2,3.000856009718864,7.0,4.444444444444445,0.0,2.216659704806667,0.4918032786885246
3.515439524195761,FUZZY_OPTUNA_DARTS,0.4333333333333333,2026-08-21_01-54-26,0.3,XOR,3.0,1.2,0.0,1.1661903789690602,False,1.5,2,1,5,6,0,5,1,5,1,2.0,1.2,0.0,0.7483314773547883,0.0,3.515439524195761,4.0,2.4,1.0,1.3564659966250536,0.375
4.15379196598433,FUZZY_OPTUNA_DARTS,0.3611111111111111,2026-08-21_01-53-43,0.2,XOR,3.0,1.0,0.0,1.1547005383792515,False,1.5,2,1,5,6,1,6,1,6,2,2.0,1.0,0.0,0.816496580927726,0.0,4.15379196598433,4.0,2.0,0.0,1.5275252316519468,0.375
0.9596377904004321,FUZZY_OPTUNA_DARTS,0.6074074074074074,2026-08-21_02-00-50,0.2916666666666667,XOR,5.0,2.3333333333333335,0.0,1.8856180831641267,False,1.5,3,5,8,21,1,9,3,5,2,5.0,2.3333333333333335,0.0,1.7638342073763937,0.2857142857142857,0.9596377904004321,9.0,4.666666666666667,0.0,3.0550504633038935,0.6226415094339622
4.306361961066467,FUZZY_OPTUNA_DARTS,0.18,2026-08-21_02-04-44,0.15555555555555556,XOR,4.0,1.4,0.0,1.4966629547095767,False,1.4285714285714286,2,3,7,14,3,10,0,8,4,3.0,1.4,0.0,1.2,0.2857142857142857,4.306361961066467,6.0,2.8,0.0,2.1354156504062622,0.28125
1.4236569404650408,FUZZY_OPTUNA_DARTS,0.5666666666666667,2026-08-21_02-14-53,0.38095238095238093,XOR,5.0,2.2857142857142856,0.0,1.749635530559413,False,1.4285714285714286,2,2,7,16,0,7,2,5,1,4.0,2.2857142857142856,0.0,1.1605769149479943,0.25,1.4236569404650408,7.0,4.571428571428571,2.0,1.7612611437054218,0.46875
1.0378918302323394,FUZZY_OPTUNA_DARTS,0.4333333333333334,2026-08-21_02-18-40,0.25,XOR,2.0,1.0,0.0,0.8944271909999159,True,1.5,2,1,5,5,0,5,0,5,1,2.0,1.0,0.0,0.6324555320336759,0.0,1.0378918302323394,4.0,2.0,1.0,1.0954451150103321,0.375
8.00222520640468,FUZZY_OPTUNA_DARTS,0.0,2026-08-21_02-25-23,0.25,XOR,2.0,1.0,0.0,0.8944271909999159,True,1.6,3,1,5,5,0,5,0,5,1,2.0,1.0,0.0,0.6324555320336759,0.0,8.00222520640468,3.0,2.0,1.0,0.6324555320336759,0.0
1.2929063722914802,FUZZY_OPTUNA_DARTS,0.5439153439153439,2026-08-21_02-31-48,0.3472222222222222,XOR,5.0,2.7777777777777777,0.0,1.8121673811444545,False,1.4722222222222223,3,6,9,25,0,9,1,4,1,5.0,2.7777777777777777,0.0,1.3966450099973928,0.32,1.2929063722914802,9.0,5.555555555555555,2.0,2.3622546250521443,0.5625
6.556604933920194,FUZZY_OPTUNA_DARTS,0.0,2026-08-21_02-38-03,0.13333333333333333,XOR,2.0,0.6666666666666666,0.0,0.7453559924999299,True,1.8,3,1,5,4,1,6,0,6,2,2.0,0.6666666666666666,0.0,0.7453559924999299,0.0,6.556604933920194,3.0,1.3333333333333333,0.0,0.9428090415820634,0.0
0.819822380279903,FUZZY_OPTUNA_DARTS,0.5037037037037037,2026-08-21_02-35-08,0.3611111111111111,XOR,5.0,2.888888888888889,0.0,1.6629588385661962,False,1.4722222222222223,2,6,9,26,0,9,3,4,1,5.0,2.888888888888889,0.0,1.5234788000891208,0.3076923076923077,0.819822380279903,9.0,5.777777777777778,3.0,2.3465235646603197,0.43478260869565216
2.128091486830934,FUZZY_OPTUNA_DARTS,0.20833333333333331,2026-08-21_02-42-49,0.19642857142857142,XOR,3.0,1.375,0.0,1.1110243021644486,False,1.5238095238095237,2,3,7,11,1,8,0,6,2,3.0,1.375,0.0,0.9921567416492215,0.18181818181818182,2.128091486830934,5.0,2.75,0.0,1.3919410907075054,0.3
1.1397988016790674,FUZZY_OPTUNA_DARTS,0.0,2026-08-21_02-54-35,0.2,XOR,2.0,0.8,0.0,0.7483314773547883,True,1.8,3,1,5,4,0,5,0,5,1,2.0,0.8,0.0,0.7483314773547883,0.0,1.1397988016790674,3.0,1.6,1.0,0.8,0.0
1.3432141022909343,FUZZY_OPTUNA_DARTS,0.6666666666666666,2026-08-21_02-55-30,0.43333333333333335,XOR,5.0,2.1666666666666665,0.0,1.7716909687891083,False,1.3333333333333333,2,3,6,13,0,6,1,4,1,4.0,2.1666666666666665,0.0,1.3437096247164249,0.3076923076923077,1.3432141022909343,9.0,4.333333333333333,2.0,2.285218200133681,0.5769230769230769
0.9047845512313154,FUZZY_OPTUNA_DARTS,0.5733333333333334,2026-08-21_02-51-42,0.32222222222222224,XOR,6.0,2.9,0.0,2.3430749027719964,False,1.3611111111111112,2,6,9,29,1,10,2,5,2,4.0,2.9,0.0,1.5132745950421556,0.27586206896551724,0.9047845512313154,10.0,5.8,0.0,3.0919249667480613,0.5825242718446602
2.864962248370218,FUZZY_OPTUNA_DARTS,0.30000000000000004,2026-08-21_03-22-28,0.3392857142857143,XOR,5.0,2.375,0.0,1.79843682124227,False,1.7142857142857142,4,4,8,19,0,8,2,5,1,4.0,2.375,0.0,1.4947825928876748,0.5263157894736842,2.864962248370218,9.0,4.75,1.0,2.947456530637899,0.36363636363636365
0.9319429500700829,FUZZY_OPTUNA_DARTS,0.6285714285714286,2026-08-21_03-20-28,0.35555555555555557,XOR,6.0,3.2,0.0,2.2715633383201093,False,1.3055555555555556,2,6,9,32,1,10,3,5,2,6.0,3.2,0.0,1.9390719429665315,0.25,0.9319429500700829,10.0,6.4,0.0,3.104834939252005,0.680672268907563
1.4308213278984954,FUZZY_OPTUNA_DARTS,0.5,2026-08-21_03-29-23,0.23333333333333334,XOR,3.0,1.1666666666666667,0.0,1.2133516482134197,False,1.4,2,1,5,7,1,6,1,6,2,3.0,1.1666666666666667,0.0,1.0671873729054748,0.0,1.4308213278984954,6.0,2.3333333333333335,0.0,1.8856180831641267,0.5454545454545454
1.599711471972201,FUZZY_OPTUNA_DARTS,0.4333333333333333,2026-08-21_03-30-17,0.21428571428571427,XOR,3.0,1.5,0.0,1.224744871391589,False,1.5714285714285714,3,1,7,12,1,8,1,8,2,3.0,1.5,0.0,1.3228756555322954,0.0,1.599711471972201,5.0,3.0,0.0,1.5811388300841898,0.41379310344827586
0.8101468400220065,FUZZY_OPTUNA_DARTS,0.38095238095238093,2026-08-21_03-35-57,0.2619047619047619,XOR,3.0,1.5714285714285714,0.0,1.3997084244475304,False,1.4666666666666666,3,1,6,11,1,7,2,7,2,3.0,1.5714285714285714,0.0,1.178030178747903,0.0,0.8101468400220065,6.0,3.142857142857143,0.0,1.7261494247992246,0.45
1.5587958922220901,FUZZY_OPTUNA_DARTS,0.48,2026-08-21_03-32-36,0.2111111111111111,XOR,6.0,1.9,0.0,1.8681541692269403,False,1.5,2,5,8,19,2,10,2,6,3,4.0,1.9,0.0,1.374772708486752,0.3157894736842105,1.5587958922220901,9.0,3.8,0.0,2.85657137141714,0.4883720930232558
0.8127540253305775,FUZZY_OPTUNA_DARTS,0.4444444444444444,2026-08-21_03-40-26,0.4,XOR,4.0,2.0,0.0,1.5275252316519468,False,1.3333333333333333,2,2,6,12,0,6,1,5,1,3.0,2.0,0.0,1.1547005383792515,0.16666666666666666,0.8127540253305775,7.0,4.0,2.0,1.632993161855452,0.48
2.3087812851372767,FUZZY_OPTUNA_DARTS,0.5833333333333334,2026-08-21_03-43-40,0.23333333333333334,XOR,3.0,1.1666666666666667,0.0,1.3437096247164249,True,1.3,2,1,5,7,1,6,0,6,2,3.0,1.1666666666666667,0.0,1.0671873729054748,0.0,2.3087812851372767,4.0,2.3333333333333335,0.0,1.3743685418725535,0.8
1.5390824914823489,FUZZY_OPTUNA_DARTS,0.5375,2026-08-21_03-46-53,0.2857142857142857,XOR,6.0,2.0,0.0,2.0615528128088303,False,1.380952380952381,2,2,7,16,1,8,2,7,2,4.0,2.0,0.0,1.3228756555322954,0.125,1.5390824914823489,9.0,4.0,0.0,2.5,0.525
2.6965829363721845,FUZZY_OPTUNA_DARTS,0.18518518518518517,2026-08-21_03-45-35,0.1527777777777778,XOR,4.0,1.2222222222222223,0.0,1.4740554623801778,False,1.4,2,2,6,11,3,9,1,8,4,3.0,1.2222222222222223,0.0,1.1331154474650633,0.18181818181818182,2.6965829363721845,6.0,2.4444444444444446,0.0,2.1140330656044943,0.3
1.5404045894150487,FUZZY_OPTUNA_DARTS,0.39629629629629626,2026-08-21_03-55-41,0.20833333333333334,XOR,4.0,1.6666666666666667,0.0,1.563471919941143,False,1.380952380952381,2,3,7,15,2,9,1,7,3,3.0,1.6666666666666667,0.0,1.3333333333333333,0.13333333333333333,1.5404045894150487,7.0,3.3333333333333335,0.0,2.160246899469287,0.4864864864864865
1.8062512283991456,FUZZY_OPTUNA_DARTS,0.0,2026-08-21_03-59-40,0.07142857142857142,XOR,2.0,0.42857142857142855,0.0,0.7284313590846836,True,1.5,2,1,4,3,3,7,0,7,4,1.0,0.42857142857142855,0.0,0.4948716593053935,0.0,1.8062512283991456,3.0,0.8571428571428571,0.0,0.989743318610787,0.0
5.373583908156511,FUZZY_OPTUNA_DARTS,0.0,2026-08-21_04-08-36,0.16666666666666666,XOR,2.0,0.8333333333333334,0.0,0.8975274678557507,True,1.6,3,1,5,5,1,6,0,6,2,2.0,0.8333333333333334,0.0,0.6871842709362768,0.0,5.373583908156511,3.0,1.6666666666666667,0.0,0.9428090415820634,0.0
6.906200708138587,FUZZY_OPTUNA_DARTS,0.0,2026-08-21_04-32-47,0.15,XOR,2.0,0.6,0.0,0.8,True,1.5,2,1,4,3,1,5,0,5,2,1.0,0.6,0.0,0.4898979485566356,0.0,6.906200708138587,3.0,1.2,0.0,0.9797958971132712,0.0
0.8987354700613899,FUZZY_OPTUNA_DARTS,0.5428571428571428,2026-08-21_04-40-13,0.2619047619047619,XOR,4.0,1.5714285714285714,0.0,1.5907898179514348,False,1.4666666666666666,2,3,6,11,1,7,1,5,2,3.0,1.5714285714285714,0.0,1.0497813183356477,0.36363636363636365,0.8987354700613899,6.0,3.142857142857143,0.0,2.294625486315573,0.47368421052631576
1.0065997737507757,FUZZY_OPTUNA_DARTS,0.5185185185185186,2026-08-21_04-40-26,0.3194444444444444,XOR,5.0,2.5555555555555554,0.0,1.892154040658489,False,1.3571428571428572,2,4,8,23,1,9,2,6,2,5.0,2.5555555555555554,0.0,1.9499920860871383,0.2608695652173913,1.0065997737507757,10.0,5.111111111111111,0.0,2.9228769862146455,0.5735294117647058
2.2686169947272865,FUZZY_OPTUNA_DARTS,0.42592592592592593,2026-08-21_04-44-40,0.2916666666666667,XOR,4.0,2.3333333333333335,0.0,1.7638342073763937,False,1.3571428571428572,2,5,8,21,1,9,1,5,2,4.0,2.3333333333333335,0.0,1.3333333333333333,0.19047619047619047,2.2686169947272865,8.0,4.666666666666667,0.0,2.3570226039551585,0.4852941176470588
2.0657598326514415,FUZZY_OPTUNA_DARTS,0.6666666666666666,2026-08-21_04-49-21,0.23333333333333334,XOR,3.0,1.1666666666666667,0.0,1.2133516482134197,True,1.3,2,1,5,7,1,6,0,6,2,2.0,1.1666666666666667,0.0,0.8975274678557507,0.0,2.0657598326514415,4.0,2.3333333333333335,0.0,1.3743685418725535,0.6
4.2395358503079486,FUZZY_OPTUNA_DARTS,0.0,2026-08-21_05-12-30,0.3,XOR,2.0,1.2,0.0,0.9797958971132712,True,1.4,2,1,5,6,0,5,0,5,1,2.0,1.2,0.0,0.7483314773547883,0.0,4.2395358503079486,3.0,2.4,2.0,0.4898979485566356,0.0
0.8287887704141691,FUZZY_OPTUNA_DARTS,0.7339285714285714,2026-08-21_05-11-07,0.375,XOR,5.0,2.625,0.0,1.8666480653835098,False,1.3214285714285714,2,2,8,21,0,8,0,6,1,5.0,2.625,0.0,1.79843682124227,0.19047619047619047,0.8287887704141691,8.0,5.25,3.0,1.6393596310755,0.6923076923076923
1.6924014567586776,FUZZY_OPTUNA_DARTS,0.0,2026-08-21_05-15-17,0.14285714285714285,XOR,2.0,0.8571428571428571,0.0,0.989743318610787,False,1.6,3,1,5,6,2,7,1,7,3,2.0,0.8571428571428571,0.0,0.832993127835043,0.0,1.6924014567586776,4.0,1.7142857142857142,0.0,1.385051387833237,0.0
5.007880949328369,FUZZY_OPTUNA_DARTS,0.4444444444444444,2026-08-21_05-17-06,0.3333333333333333,XOR,4.0,1.6666666666666667,0.0,1.3743685418725535,False,1.4666666666666666,3,1,6,10,0,6,1,6,1,3.0,1.6666666666666667,0.0,1.247219128924647,0.0,5.007880949328369,6.0,3.3333333333333335,2.0,1.3743685418725535,0.45
1.5889842995885908,FUZZY_OPTUNA_DARTS,0.27777777777777773,2026-08-21_05-38-20,0.23333333333333334,XOR,2.0,1.1666666666666667,0.0,0.8975274678557507,True,1.6666666666666667,3,1,6,7,0,6,0,6,1,3.0,1.1666666666666667,0.0,1.0671873729054748,0.0,1.5889842995885908,3.0,2.3333333333333335,1.0,0.7453559924999299,0.2727272727272727
3.0652231020232743,FUZZY_OPTUNA_DARTS,0.0,2026-08-21_05-55-17,0.23333333333333334,XOR,2.0,1.1666666666666667,0.0,0.8975274678557507,True,1.6666666666666667,3,1,6,7,0,6,0,6,1,3.0,1.1666666666666667,0.0,1.3437096247164249,0.0,3.0652231020232743,3.0,2.3333333333333335,1.0,0.7453559924999299,0.0
1.3438488284958756,FUZZY_OPTUNA_DARTS,0.6666666666666666,2026-08-21_06-28-19,0.4,XOR,4.0,1.6,0.0,1.4966629547095767,True,1.2,2,1,5,8,0,5,0,5,1,3.0,1.6,0.0,1.2,0.0,1.3438488284958756,4.0,3.2,3.0,0.4,0.6666666666666666
2.632776514398922,FUZZY_OPTUNA_DARTS,0.0,2026-08-21_06-33-09,0.20833333333333334,XOR,4.0,1.6666666666666667,0.0,1.4142135623730951,False,1.6071428571428572,3,4,8,15,1,9,0,6,2,3.0,1.6666666666666667,0.0,1.0540925533894598,0.26666666666666666,2.632776514398922,6.0,3.3333333333333335,0.0,1.7638342073763937,0.0
1.9573832712455996,FUZZY_OPTUNA_DARTS,0.6,2026-08-21_06-48-01,0.4,XOR,4.0,1.6,0.0,1.624807680927192,False,1.4,2,2,5,8,0,5,1,4,1,2.0,1.6,0.0,0.8,0.25,1.9573832712455996,6.0,3.2,1.0,1.9390719429665315,0.5454545454545454
1.1145661065509602,FUZZY_OPTUNA_DARTS,0.475,2026-08-21_06-49-39,0.19642857142857142,XOR,5.0,1.375,0.0,1.653594569415369,False,1.4666666666666666,2,3,6,11,2,8,2,6,3,3.0,1.375,0.0,1.2183492931011204,0.18181818181818182,1.1145661065509602,8.0,2.75,0.0,2.5860201081971503,0.47368421052631576
1.1387213012971167,FUZZY_OPTUNA_DARTS,0.6857142857142857,2026-08-21_07-09-21,0.23809523809523808,XOR,4.0,1.4285714285714286,0.0,1.3997084244475304,False,1.4,2,2,6,10,1,7,0,6,2,3.0,1.4285714285714286,0.0,1.0497813183356477,0.2,1.1387213012971167,6.0,2.857142857142857,0.0,1.8844151368961313,0.5
0.8472088088222856,FUZZY_OPTUNA_DARTS,0.6208333333333333,2026-08-21_07-09-28,0.32142857142857145,XOR,5.0,2.25,0.0,1.984313483298443,False,1.3333333333333333,2,4,7,18,1,8,1,5,2,5.0,2.25,0.0,1.5612494995995996,0.3333333333333333,0.8472088088222856,8.0,4.5,0.0,2.5,0.6521739130434783
2.5080701389935687,FUZZY_OPTUNA_DARTS,0.38888888888888884,2026-08-21_07-12-53,0.3333333333333333,XOR,4.0,1.6666666666666667,0.0,1.3743685418725535,False,1.6666666666666667,3,3,6,10,0,6,1,4,1,3.0,1.6666666666666667,0.0,1.1055415967851332,0.4,2.5080701389935687,7.0,3.3333333333333335,1.0,2.2110831935702664,0.46153846153846156
5.161288241727918,FUZZY_OPTUNA_DARTS,0.5952380952380952,2026-08-21_07-43-18,0.2619047619047619,XOR,4.0,1.5714285714285714,0.0,1.6781914463529615,False,1.3333333333333333,2,1,6,11,1,7,1,7,2,3.0,1.5714285714285714,0.0,1.3997084244475304,0.0,5.161288241727918,6.0,3.142857142857143,0.0,1.9587584572574412,0.75
0.9507435364682547,FUZZY_OPTUNA_DARTS,0.38888888888888884,2026-08-21_07-47-44,0.3,XOR,4.0,1.5,0.0,1.6072751268321592,False,1.6666666666666667,3,1,6,9,0,6,2,6,1,3.0,1.5,0.0,1.118033988749895,0.0,0.9507435364682547,6.0,3.0,1.0,1.9148542155126762,0.46153846153846156
3.9276154254577524,FUZZY_OPTUNA_DARTS,0.7222222222222223,2026-08-21_08-02-40,0.23333333333333334,XOR,3.0,1.1666666666666667,0.0,1.2133516482134197,False,1.4,2,1,5,7,1,6,1,6,2,2.0,1.1666666666666667,0.0,0.8975274678557507,0.0,3.9276154254577524,4.0,2.3333333333333335,0.0,1.3743685418725535,0.6
6.130184819151088,FUZZY_OPTUNA_DARTS,0.6,2026-08-21_08-13-53,0.35,XOR,4.0,1.4,0.0,1.4966629547095767,False,1.4,2,1,5,7,0,5,1,5,1,2.0,1.4,0.0,0.8,0.0,6.130184819151088,5.0,2.8,1.0,1.469693845669907,0.5454545454545454
0.9653293034765654,FUZZY_OPTUNA_DARTS,0.0,2026-08-21_08-27-40,0.25,XOR,2.0,1.0,0.0,0.8944271909999159,False,1.8,3,1,5,5,0,5,1,5,1,2.0,1.0,0.0,0.6324555320336759,0.0,0.9653293034765654,3.0,2.0,1.0,0.8944271909999159,0.0
1.8221454376604347,FUZZY_OPTUNA_DARTS,0.47777777777777775,2026-08-21_08-23-44,0.2361111111111111,XOR,6.0,1.8888888888888888,0.0,1.9688939051854835,False,1.4642857142857142,2,3,8,17,1,9,1,7,2,4.0,1.8888888888888888,0.0,1.286204100310025,0.11764705882352941,1.8221454376604347,7.0,3.7777777777777777,0.0,2.1487866228681907,0.44680851063829785
1.2180038134770177,FUZZY_OPTUNA_DARTS,0.5416666666666666,2026-08-21_08-33-39,0.21428571428571427,XOR,4.0,1.5,0.0,1.5811388300841898,False,1.4666666666666666,3,3,6,12,2,8,2,6,3,3.0,1.5,0.0,1.224744871391589,0.16666666666666666,1.2180038134770177,6.0,3.0,0.0,2.29128784747792,0.6
5.5029517664209475,FUZZY_OPTUNA_DARTS,0.4533333333333333,2026-08-21_08-39-34,0.18888888888888888,XOR,5.0,1.7,0.0,1.8466185312619388,False,1.3333333333333333,2,2,7,17,3,10,2,9,4,4.0,1.7,0.0,1.6155494421403511,0.11764705882352941,5.5029517664209475,9.0,3.4,0.0,2.727636339397171,0.5869565217391305
9.382044964435305,FUZZY_OPTUNA_DARTS,0.4761904761904762,2026-08-21_08-49-02,0.2619047619047619,XOR,5.0,1.5714285714285714,0.0,1.7612611437054218,False,1.4,2,2,6,11,1,7,1,6,2,3.0,1.5714285714285714,0.0,1.0497813183356477,0.18181818181818182,9.382044964435305,7.0,3.142857142857143,0.0,1.9587584572574412,0.47368421052631576
0.933967816770703,FUZZY_OPTUNA_DARTS,0.4833333333333334,2026-08-21_09-25-22,0.2111111111111111,XOR,5.0,1.9,0.0,1.7578395831246947,False,1.5,3,5,8,19,2,10,1,6,3,5.0,1.9,0.0,1.57797338380595,0.3157894736842105,0.933967816770703,8.0,3.8,0.0,2.6381811916545836,0.5510204081632653
6.261470201488228,FUZZY_OPTUNA_DARTS,0.38888888888888884,2026-08-21_09-31-47,0.13333333333333333,XOR,2.0,0.6666666666666666,0.0,0.9428090415820634,True,1.3333333333333333,2,1,4,4,2,6,0,6,3,2.0,0.6666666666666666,0.0,0.7453559924999299,0.0,6.261470201488228,3.0,1.3333333333333333,0.0,1.1055415967851332,0.6
0.8499567371774545,FUZZY_OPTUNA_DARTS,0.0,2026-08-21_09-35-01,0.15,XOR,2.0,0.6,0.0,0.8,True,1.5,2,1,4,3,1,5,0,5,2,1.0,0.6,0.0,0.4898979485566356,0.0,0.8499567371774545,3.0,1.2,0.0,0.9797958971132712,0.0
3.3521268548408445,FUZZY_OPTUNA_DARTS,0.0,2026-08-21_09-37-17,0.10714285714285714,XOR,2.0,0.75,0.0,0.9682458365518543,True,1.4,2,1,5,6,3,8,0,8,4,2.0,0.75,0.0,0.82915619758885,0.0,3.3521268548408445,3.0,1.5,0.0,1.224744871391589,0.0
1.0564116378897526,FUZZY_OPTUNA_DARTS,0.4444444444444444,2026-08-21_09-47-41,0.3194444444444444,XOR,6.0,2.5555555555555554,0.0,2.1140330656044943,False,1.3928571428571428,2,5,8,23,1,9,3,5,2,5.0,2.5555555555555554,0.0,1.7069212773041351,0.2608695652173913,1.0564116378897526,10.0,5.111111111111111,0.0,2.7261875880856214,0.559322033898305
5.562639737423278,FUZZY_OPTUNA_DARTS,0.6476190476190475,2026-08-21_10-04-55,0.3055555555555556,XOR,7.0,2.4444444444444446,0.0,2.216659704806667,False,1.4285714285714286,2,5,8,22,1,9,2,5,2,4.0,2.4444444444444446,0.0,1.4989708403591158,0.36363636363636365,5.562639737423278,11.0,4.888888888888889,0.0,3.212629398844658,0.5789473684210527
4.084103842511784,FUZZY_OPTUNA_DARTS,0.0,2026-08-21_10-23-16,0.3,XOR,3.0,1.5,0.0,1.118033988749895,False,1.8666666666666667,4,3,6,9,0,6,1,4,1,3.0,1.5,0.0,0.9574271077563381,0.4444444444444444,4.084103842511784,6.0,3.0,1.0,1.8257418583505538,0.0
4.121994446604574,FUZZY_OPTUNA_DARTS,0.42857142857142855,2026-08-21_10-35-46,0.21428571428571427,XOR,3.0,1.2857142857142858,0.0,1.2777531299998799,True,1.4666666666666666,3,1,6,9,1,7,0,7,2,3.0,1.2857142857142858,0.0,1.1605769149479943,0.0,4.121994446604574,4.0,2.5714285714285716,0.0,1.3997084244475304,0.5714285714285714
1.3152855640913448,FUZZY_OPTUNA_DARTS,0.0,2026-08-21_10-40-11,0.2,XOR,2.0,0.8,0.0,0.7483314773547883,True,1.6,2,1,5,4,0,5,0,5,1,2.0,0.8,0.0,0.7483314773547883,0.0,1.3152855640913448,4.0,1.6,1.0,1.2,0.0
1.7492639542195532,FUZZY_OPTUNA_DARTS,0.4666666666666666,2026-08-21_10-40-18,0.2,XOR,2.0,0.8,0.0,0.9797958971132712,True,1.3333333333333333,2,1,4,4,1,5,0,5,2,2.0,0.8,0.0,0.7483314773547883,0.0,1.7492639542195532,3.0,1.6,0.0,1.019803902718557,0.6
0.9892590649931858,FUZZY_OPTUNA_DARTS,0.47619047619047616,2026-08-21_10-45-45,0.35714285714285715,XOR,5.0,2.142857142857143,0.0,1.8070158058105026,False,1.4761904761904763,3,2,7,15,0,7,2,6,1,4.0,2.142857142857143,0.0,1.4568627181693672,0.13333333333333333,0.9892590649931858,7.0,4.285714285714286,2.0,1.5779087167410373,0.45454545454545453
0.9508196839838375,FUZZY_OPTUNA_DARTS,0.6338624338624339,2026-08-21_10-43-29,0.3333333333333333,XOR,6.0,2.6666666666666665,0.0,2.0548046676563256,False,1.3214285714285714,2,4,8,24,1,9,2,6,2,6.0,2.6666666666666665,0.0,1.8856180831641267,0.25,0.9508196839838375,10.0,5.333333333333333,0.0,2.9059326290271157,0.6455696202531646
1.9357318394172003,FUZZY_OPTUNA_DARTS,0.1875,2026-08-21_10-54-14,0.125,XOR,4.0,0.875,0.0,1.2686114456365274,False,1.7333333333333334,3,1,6,7,2,8,1,8,3,3.0,0.875,0.0,0.9270248108869579,0.0,1.9357318394172003,5.0,1.75,0.0,1.713913650100261,0.3
4.970807454820528,FUZZY_OPTUNA_DARTS,0.4666666666666666,2026-08-21_11-02-20,0.2,XOR,2.0,0.8,0.0,0.9797958971132712,True,1.3333333333333333,2,1,4,4,1,5,0,5,2,2.0,0.8,0.0,0.7483314773547883,0.0,4.970807454820528,3.0,1.6,0.0,1.019803902718557,0.6
1.1184044419713193,FUZZY_OPTUNA_DARTS,0.5370370370370371,2026-08-21_11-14-57,0.18055555555555555,XOR,4.0,1.4444444444444444,0.0,1.4229164972072996,False,1.4285714285714286,2,1,7,13,2,9,1,9,3,4.0,1.4444444444444444,0.0,1.4989708403591158,0.0,1.1184044419713193,7.0,2.888888888888889,0.0,2.3306863292670035,0.631578947368421
2.5545572424762937,FUZZY_OPTUNA_DARTS,0.39999999999999997,2026-08-21_11-23-24,0.2857142857142857,XOR,3.0,1.7142857142857142,0.0,1.2777531299998799,True,1.4285714285714286,2,1,7,12,0,7,0,7,1,3.0,1.7142857142857142,0.0,0.8806305718527109,0.0,2.5545572424762937,5.0,3.4285714285714284,2.0,1.0497813183356477,0.45454545454545453
0.9588503377050238,FUZZY_OPTUNA_DARTS,0.7666666666666666,2026-08-21_11-27-52,0.35,XOR,3.0,1.4,0.0,1.2,True,1.3,2,1,5,7,0,5,0,5,1,3.0,1.4,0.0,1.019803902718557,0.0,0.9588503377050238,4.0,2.8,2.0,0.7483314773547883,0.6428571428571429
1.0063028455032705,FUZZY_OPTUNA_DARTS,0.34285714285714286,2026-08-21_12-13-40,0.38095238095238093,XOR,4.0,2.2857142857142856,0.0,1.5779087167410373,False,1.4285714285714286,2,3,7,16,0,7,2,5,1,4.0,2.2857142857142856,0.0,1.385051387833237,0.25,1.0063028455032705,7.0,4.571428571428571,2.0,2.060315014550851,0.35294117647058826
9.393299991225394,FUZZY_OPTUNA_DARTS,0.0,2026-08-21_12-16-31,0.15,XOR,2.0,0.6,0.0,0.8,True,1.5,2,1,4,3,1,5,0,5,2,1.0,0.6,0.0,0.4898979485566356,0.0,9.393299991225394,3.0,1.2,0.0,0.9797958971132712,0.0
2.5393693824647836,FUZZY_OPTUNA_DARTS,0.0,2026-08-21_12-31-52,0.2,XOR,2.0,0.8,0.0,0.7483314773547883,True,1.6,2,1,5,4,0,5,0,5,1,2.0,0.8,0.0,0.7483314773547883,0.0,2.5393693824647836,4.0,1.6,1.0,1.2,0.0
1.2769488956682609,FUZZY_OPTUNA_DARTS,0.7843915343915344,2026-08-21_13-30-52,0.3888888888888889,XOR,8.0,3.111111111111111,0.0,2.3306863292670035,False,1.3611111111111112,2,6,9,28,0,9,2,4,1,5.0,3.111111111111111,0.0,1.5234788000891208,0.21428571428571427,1.2769488956682609,12.0,6.222222222222222,3.0,2.8588178511708016,0.6605504587155964
8.607310308989637,FUZZY_OPTUNA_DARTS,0.0,2026-08-21_13-40-16,0.15,XOR,2.0,0.6,0.0,0.8,True,1.5,2,1,4,3,1,5,0,5,2,1.0,0.6,0.0,0.4898979485566356,0.0,8.607310308989637,3.0,1.2,0.0,0.9797958971132712,0.0
0.8593655358592658,FUZZY_OPTUNA_DARTS,0.501058201058201,2026-08-21_13-37-19,0.375,XOR,6.0,3.0,0.0,2.0548046676563256,False,1.3888888888888888,2,5,9,27,0,9,0,5,1,4.0,3.0,0.0,1.247219128924647,0.37037037037037035,0.8593655358592658,8.0,6.0,2.0,2.160246899469287,0.5425531914893617
4.3892369881497535,FUZZY_OPTUNA_DARTS,0.0,2026-08-21_13-42-30,0.14285714285714285,XOR,3.0,1.0,0.0,1.118033988749895,False,2.4761904761904763,5,1,7,8,1,8,2,8,2,2.0,1.0,0.0,0.7071067811865476,0.0,4.3892369881497535,4.0,2.0,0.0,1.224744871391589,0.0
0.873237304791137,FUZZY_OPTUNA_DARTS,0.6640211640211641,2026-08-21_13-40-39,0.4305555555555556,XOR,7.0,3.4444444444444446,0.0,2.2662308949301266,False,1.3611111111111112,2,6,9,31,0,9,4,4,1,6.0,3.4444444444444446,0.0,1.5713484026367723,0.25806451612903225,0.873237304791137,10.0,6.888888888888889,2.0,2.9228769862146455,0.6666666666666666
1.029284551658864,FUZZY_OPTUNA_DARTS,0.0,2026-08-21_13-50-28,0.16666666666666666,XOR,2.0,0.8333333333333334,0.0,0.8975274678557507,True,1.6,3,1,5,5,1,6,0,6,2,2.0,0.8333333333333334,0.0,0.8975274678557507,0.0,1.029284551658864,3.0,1.6666666666666667,0.0,0.9428090415820634,0.0
2.1568295991459197,FUZZY_OPTUNA_DARTS,0.0,2026-08-21_14-16-02,0.05555555555555555,XOR,3.0,0.5,0.0,0.9219544457292888,False,1.8,3,2,5,5,5,10,0,9,6,2.0,0.5,0.0,0.6708203932499369,0.4,2.1568295991459197,4.0,1.0,0.0,1.3416407864998738,0.0
10.021387709446891,FUZZY_OPTUNA_DARTS,0.0,2026-08-21_14-23-55,0.09722222222222222,XOR,2.0,0.7777777777777778,0.0,0.9162456945817024,True,1.6,3,1,6,7,3,9,0,9,4,2.0,0.7777777777777778,0.0,0.9162456945817024,0.0,10.021387709446891,4.0,1.5555555555555556,0.0,1.3425606637327303,0.0
1.07621237248903,FUZZY_OPTUNA_DARTS,0.0,2026-08-21_14-45-48,0.25,XOR,3.0,1.0,0.0,1.0954451150103321,False,1.8,3,2,5,5,0,5,0,4,1,2.0,1.0,0.0,0.6324555320336759,0.4,1.07621237248903,4.0,2.0,1.0,1.2649110640673518,0.0
2.4304313207062638,FUZZY_OPTUNA_DARTS,0.42857142857142855,2026-08-21_15-08-05,0.16666666666666666,XOR,3.0,1.0,0.0,1.1952286093343936,False,1.4,2,1,5,7,2,7,1,7,3,2.0,1.0,0.0,0.9258200997725514,0.0,2.4304313207062638,5.0,2.0,0.0,1.7728105208558367,0.5454545454545454
3.3113123529056345,FUZZY_OPTUNA_DARTS,0.18,2026-08-21_15-11-46,0.17777777777777778,XOR,5.0,1.6,0.0,1.9078784028338913,False,1.5238095238095237,3,3,7,16,3,10,3,8,4,3.0,1.6,0.0,1.3564659966250536,0.25,3.3113123529056345,7.0,3.2,0.0,2.749545416973504,0.32142857142857145
1.2945526388723185,FUZZY_OPTUNA_DARTS,0.619047619047619,2026-08-21_15-21-52,0.3333333333333333,XOR,3.0,2.0,0.0,1.3093073414159544,False,1.5714285714285714,3,4,7,14,0,7,1,4,1,4.0,2.0,0.0,1.1952286093343936,0.2857142857142857,1.2945526388723185,7.0,4.0,1.0,2.0,0.6206896551724138
0.9296915051865051,FUZZY_OPTUNA_DARTS,0.10999999999999999,2026-08-21_15-51-09,0.24444444444444444,XOR,5.0,2.2,0.0,1.7776388834631178,False,1.5,3,4,9,22,1,10,1,7,2,5.0,2.2,0.0,1.7204650534085253,0.18181818181818182,0.9296915051865051,7.0,4.4,0.0,1.9595917942265424,0.140625
1.9902448496110996,FUZZY_OPTUNA_DARTS,0.0,2026-08-21_15-57-40,0.26666666666666666,XOR,3.0,1.3333333333333333,0.0,1.247219128924647,False,1.6,3,2,6,8,0,6,0,5,1,2.0,1.3333333333333333,0.0,0.9428090415820634,0.25,1.9902448496110996,5.0,2.6666666666666665,1.0,1.247219128924647,0.0
2.3723504295417475,FUZZY_OPTUNA_DARTS,0.0,2026-08-21_16-02-46,0.2,XOR,2.0,0.8,0.0,0.7483314773547883,True,1.6,2,1,5,4,0,5,0,5,1,2.0,0.8,0.0,0.7483314773547883,0.0,2.3723504295417475,4.0,1.6,1.0,1.2,0.0
4.367755788556505,FUZZY_OPTUNA_DARTS,0.0,2026-08-21_16-02-50,0.15,XOR,2.0,0.6,0.0,0.8,True,1.5,2,1,4,3,1,5,0,5,2,1.0,0.6,0.0,0.4898979485566356,0.0,4.367755788556505,3.0,1.2,0.0,0.9797958971132712,0.0
0.9733736055221437,FUZZY_OPTUNA_DARTS,0.3476190476190476,2026-08-21_16-11-43,0.21428571428571427,XOR,3.0,1.2857142857142858,0.0,1.0301575072754254,False,1.7619047619047619,3,2,7,9,0,7,0,6,1,3.0,1.2857142857142858,0.0,0.8806305718527109,0.2222222222222222,0.9733736055221437,6.0,2.5714285714285716,1.0,1.5907898179514348,0.35294117647058826
0.9256373945780693,FUZZY_OPTUNA_DARTS,0.16666666666666666,2026-08-21_16-30-03,0.1111111111111111,XOR,3.0,0.8888888888888888,0.0,1.0999438818457405,True,1.4666666666666666,2,1,6,8,3,9,0,9,4,2.0,0.8888888888888888,0.0,0.8748897637790901,0.0,0.9256373945780693,4.0,1.7777777777777777,0.0,1.3966450099973928,0.2
1.500233652822983,FUZZY_OPTUNA_DARTS,0.0,2026-08-21_16-39-09,0.16666666666666666,XOR,2.0,0.8333333333333334,0.0,0.8975274678557507,True,1.6,3,1,5,5,1,6,0,6,2,2.0,0.8333333333333334,0.0,0.8975274678557507,0.0,1.500233652822983,3.0,1.6666666666666667,0.0,0.9428090415820634,0.0
2.403461055917182,FUZZY_OPTUNA_DARTS,0.0,2026-08-21_16-58-32,0.16666666666666666,XOR,2.0,0.8333333333333334,0.0,0.8975274678557507,True,1.6,3,1,5,5,1,6,0,6,2,2.0,0.8333333333333334,0.0,0.8975274678557507,0.0,2.403461055917182,3.0,1.6666666666666667,0.0,0.9428090415820634,0.0
3.082463304414831,FUZZY_OPTUNA_DARTS,0.0,2026-08-21_17-06-13,0.15,XOR,2.0,0.6,0.0,0.8,True,1.5,2,1,4,3,1,5,0,5,2,1.0,0.6,0.0,0.4898979485566356,0.0,3.082463304414831,3.0,1.2,0.0,0.9797958971132712,0.0
3.0526704662741,FUZZY_OPTUNA_DARTS,0.0,2026-08-21_17-15-29,0.23333333333333334,XOR,2.0,1.1666666666666667,0.0,0.8975274678557507,True,1.5333333333333334,2,1,6,7,0,6,0,6,1,2.0,1.1666666666666667,0.0,0.6871842709362768,0.0,3.0526704662741,3.0,2.3333333333333335,2.0,0.4714045207910317,0.0
4.254953605518279,FUZZY_OPTUNA_DARTS,0.3333333333333333,2026-08-21_17-19-04,0.3,XOR,4.0,1.2,0.0,1.469693845669907,False,1.6,3,1,5,6,0,5,1,5,1,2.0,1.2,0.0,0.7483314773547883,0.0,4.254953605518279,5.0,2.4,1.0,1.4966629547095767,0.42857142857142855
1.1884755342138098,FUZZY_OPTUNA_DARTS,0.3095238095238096,2026-08-21_17-17-22,0.16666666666666666,XOR,2.0,1.0,0.0,0.9258200997725514,False,1.8,3,1,6,7,1,7,1,7,2,2.0,1.0,0.0,0.9258200997725514,0.0,1.1884755342138098,4.0,2.0,0.0,1.4142135623730951,0.3333333333333333
3.558338490339631,FUZZY_OPTUNA_DARTS,0.0,2026-08-21_17-24-49,0.14285714285714285,XOR,2.0,0.8571428571428571,0.0,0.989743318610787,True,1.8666666666666667,4,1,6,6,1,7,0,7,2,2.0,0.8571428571428571,0.0,0.6388765649999399,0.0,3.558338490339631,3.0,1.7142857142857142,0.0,1.0301575072754254,0.0
1.4527090495161323,FUZZY_OPTUNA_DARTS,0.0,2026-08-21_17-33-56,0.15,XOR,2.0,0.6,0.0,0.8,True,1.5,2,1,4,3,1,5,0,5,2,1.0,0.6,0.0,0.4898979485566356,0.0,1.4527090495161323,3.0,1.2,0.0,0.9797958971132712,0.0
2.1777045988332424,FUZZY_OPTUNA_DARTS,0.0,2026-08-21_17-36-10,0.13333333333333333,XOR,2.0,0.6666666666666666,0.0,0.7453559924999299,True,1.6,2,1,5,4,1,6,0,6,2,2.0,0.6666666666666666,0.0,0.7453559924999299,0.0,2.1777045988332424,4.0,1.3333333333333333,0.0,1.247219128924647,0.0
3.7796195626736253,FUZZY_OPTUNA_DARTS,0.0,2026-08-21_17-39-01,0.16666666666666666,XOR,2.0,0.8333333333333334,0.0,0.8975274678557507,True,1.6,3,1,5,5,1,6,0,6,2,2.0,0.8333333333333334,0.0,0.8975274678557507,0.0,3.7796195626736253,3.0,1.6666666666666667,0.0,0.9428090415820634,0.0
1.6412281957853825,FUZZY_OPTUNA_DARTS,0.0,2026-08-21_17-44-19,0.25,XOR,2.0,1.0,0.0,0.8944271909999159,True,1.6,3,1,5,5,0,5,0,5,1,2.0,1.0,0.0,0.8944271909999159,0.0,1.6412281957853825,3.0,2.0,1.0,0.6324555320336759,0.0
2.00643597709375,FUZZY_OPTUNA_DARTS,0.0,2026-08-21_17-52-22,0.13333333333333333,XOR,2.0,0.6666666666666666,0.0,0.7453559924999299,True,1.6,2,1,5,4,1,6,0,6,2,2.0,0.6666666666666666,0.0,0.7453559924999299,0.0,2.00643597709375,4.0,1.3333333333333333,0.0,1.247219128924647,0.0
4.283893427152952,FUZZY_OPTUNA_DARTS,0.0,2026-08-21_17-52-40,0.21428571428571427,XOR,3.0,1.2857142857142858,0.0,1.2777531299998799,False,1.6,3,3,6,9,1,7,0,5,2,2.0,1.2857142857142858,0.0,0.8806305718527109,0.4444444444444444,4.283893427152952,5.0,2.5714285714285716,0.0,1.6781914463529615,0.0
1.0588384041666208,FUZZY_OPTUNA_DARTS,0.0,2026-08-21_18-07-33,0.125,XOR,3.0,0.875,0.0,0.9270248108869579,False,1.9047619047619047,3,2,7,7,1,8,0,7,2,3.0,0.875,0.0,0.9270248108869579,0.2857142857142857,1.0588384041666208,6.0,1.75,0.0,1.713913650100261,0.0
1.3043804764441222,FUZZY_OPTUNA_DARTS,0.2583333333333333,2026-08-21_18-07-35,0.23214285714285715,XOR,3.0,1.625,0.0,1.1110243021644486,False,1.6428571428571428,3,3,8,13,0,8,0,6,1,3.0,1.625,0.0,0.9921567416492215,0.0,1.3043804764441222,5.0,3.25,1.0,1.3919410907075054,0.32432432432432434
1.3286520115503524,FUZZY_OPTUNA_DARTS,0.32916666666666666,2026-08-21_18-10-18,0.30357142857142855,XOR,4.0,2.125,0.0,1.5360257159305635,False,1.5714285714285714,3,3,8,17,0,8,2,6,1,3.0,2.125,0.0,1.0532687216470449,0.23529411764705882,1.3286520115503524,6.0,4.25,2.0,1.3919410907075054,0.2727272727272727
4.656575972650745,FUZZY_OPTUNA_DARTS,0.25,2026-08-21_18-13-22,0.3333333333333333,XOR,3.0,1.6666666666666667,0.0,1.247219128924647,False,1.4666666666666666,2,3,6,10,0,6,0,4,1,3.0,1.6666666666666667,0.0,0.9428090415820634,0.4,4.656575972650745,5.0,3.3333333333333335,2.0,1.3743685418725535,0.2
0.8352393980396596,FUZZY_OPTUNA_DARTS,0.2222222222222222,2026-08-21_18-21-09,0.1527777777777778,XOR,3.0,1.2222222222222223,0.0,1.227262335243029,False,1.7142857142857142,3,3,7,11,2,9,0,7,3,3.0,1.2222222222222223,0.0,1.030402055055078,0.36363636363636365,0.8352393980396596,6.0,2.4444444444444446,0.0,2.006163342807532,0.3333333333333333
3.432673213604417,FUZZY_OPTUNA_DARTS,0.0,2026-08-21_18-39-49,0.25,XOR,2.0,1.0,0.0,0.8944271909999159,True,1.6,3,1,5,5,0,5,0,5,1,2.0,1.0,0.0,0.8944271909999159,0.0,3.432673213604417,3.0,2.0,1.0,0.6324555320336759,0.0
6.615068466151036,FUZZY_OPTUNA_DARTS,0.25,2026-08-21_18-42-02,0.3,XOR,3.0,1.5,0.0,1.2583057392117916,False,1.4666666666666666,2,2,6,9,0,6,0,5,1,3.0,1.5,0.0,0.9574271077563381,0.2222222222222222,6.615068466151036,4.0,3.0,2.0,1.0,0.2
2.5072610042785946,FUZZY_OPTUNA_DARTS,0.3,2026-08-21_18-45-52,0.2857142857142857,XOR,4.0,2.0,0.0,1.6583123951777,False,1.4285714285714286,2,4,7,16,1,8,1,5,2,4.0,2.0,0.0,1.3228756555322954,0.375,2.5072610042785946,8.0,4.0,0.0,2.598076211353316,0.35294117647058826
0.8467980219905795,FUZZY_OPTUNA_DARTS,0.5333333333333333,2026-08-21_18-49-37,0.4,XOR,4.0,1.6,0.0,1.4966629547095767,False,1.5,3,1,5,8,0,5,2,5,1,3.0,1.6,0.0,1.2,0.0,0.8467980219905795,5.0,3.2,1.0,1.6,0.6
1.9179009015611672,FUZZY_OPTUNA_DARTS,0.11904761904761904,2026-08-21_18-51-41,0.23809523809523808,XOR,3.0,1.4285714285714286,0.0,1.0497813183356477,True,1.5238095238095237,2,1,7,10,0,7,0,7,1,3.0,1.4285714285714286,0.0,0.9035079029052513,0.0,1.9179009015611672,4.0,2.857142857142857,2.0,0.6388765649999399,0.15
1.2932504477457818,FUZZY_OPTUNA_DARTS,0.36666666666666664,2026-08-21_19-06-31,0.30952380952380953,XOR,3.0,1.8571428571428572,0.0,1.355261854357877,False,1.4285714285714286,2,2,7,13,0,7,0,6,1,3.0,1.8571428571428572,0.0,1.124858267715973,0.15384615384615385,1.2932504477457818,5.0,3.7142857142857144,3.0,0.6998542122237652,0.3870967741935484
3.8529842082800476,FUZZY_OPTUNA_DARTS,0.0,2026-08-21_19-17-46,0.16666666666666666,XOR,3.0,0.8333333333333334,0.0,1.0671873729054748,False,1.6,2,2,5,5,1,6,0,5,2,2.0,0.8333333333333334,0.0,0.6871842709362768,0.4,3.8529842082800476,5.0,1.6666666666666667,0.0,1.5986105077709065,0.0
0.8350108185742645,FUZZY_OPTUNA_DARTS,0.24666666666666667,2026-08-21_19-21-21,0.14444444444444443,XOR,3.0,1.3,0.0,1.004987562112089,False,1.8888888888888888,4,3,9,13,1,10,1,8,2,3.0,1.3,0.0,0.9,0.0,0.8350108185742645,6.0,2.6,0.0,1.4966629547095767,0.20689655172413793
2.33581178617072,FUZZY_OPTUNA_DARTS,0.4333333333333334,2026-08-21_19-29-04,0.25,XOR,2.0,1.0,0.0,0.8944271909999159,True,1.5,2,1,5,5,0,5,0,5,1,2.0,1.0,0.0,0.6324555320336759,0.0,2.33581178617072,4.0,2.0,1.0,1.0954451150103321,0.375
6.275025886746487,FUZZY_OPTUNA_DARTS,0.0,2026-08-21_19-30-06,0.19047619047619047,XOR,2.0,1.1428571428571428,0.0,0.832993127835043,False,2.1904761904761907,5,1,7,8,0,7,1,7,1,2.0,1.1428571428571428,0.0,0.6388765649999399,0.0,6.275025886746487,3.0,2.2857142857142856,1.0,0.6998542122237652,0.0
1.7950827794681092,FUZZY_OPTUNA_DARTS,0.0,2026-08-21_19-33-44,0.15,XOR,2.0,0.6,0.0,0.8,True,1.5,2,1,4,3,1,5,0,5,2,1.0,0.6,0.0,0.4898979485566356,0.0,1.7950827794681092,3.0,1.2,0.0,0.9797958971132712,0.0
1.1807682573886689,FUZZY_OPTUNA_DARTS,0.0,2026-08-21_19-38-24,0.21428571428571427,XOR,4.0,1.5,0.0,1.4142135623730951,False,1.7142857142857142,3,4,7,12,1,8,0,5,2,3.0,1.5,0.0,1.0,0.5,1.1807682573886689,6.0,3.0,0.0,1.8027756377319946,0.0
3.354546469344071,FUZZY_OPTUNA_DARTS,0.0,2026-08-21_19-48-27,0.2,XOR,2.0,0.8,0.0,0.7483314773547883,True,1.6,2,1,5,4,0,5,0,5,1,2.0,0.8,0.0,0.7483314773547883,0.0,3.354546469344071,4.0,1.6,1.0,1.2,0.0
1.2874329723499074,FUZZY_OPTUNA_DARTS,0.23333333333333334,2026-08-21_19-55-02,0.08333333333333333,XOR,2.0,0.6666666666666666,0.0,0.816496580927726,True,1.6,2,1,6,6,3,9,0,9,4,3.0,0.6666666666666666,0.0,0.9428090415820634,0.0,1.2874329723499074,5.0,1.3333333333333333,0.0,1.4907119849998598,0.25
1.0573873360945338,FUZZY_OPTUNA_DARTS,0.4166666666666667,2026-08-21_20-05-24,0.23333333333333334,XOR,5.0,2.1,0.0,1.7578395831246947,False,1.5277777777777777,3,5,9,21,1,10,0,6,2,4.0,2.1,0.0,1.5132745950421556,0.2857142857142857,1.0573873360945338,7.0,4.2,0.0,2.08806130178211,0.4
2.239884111440695,FUZZY_OPTUNA_DARTS,0.4583333333333333,2026-08-21_20-18-52,0.30357142857142855,XOR,4.0,2.125,0.0,1.7633419974582356,False,1.4761904761904763,3,4,7,17,1,8,3,5,2,4.0,2.125,0.0,1.4523687548277813,0.23529411764705882,2.239884111440695,7.0,4.25,0.0,2.48746859276655,0.5454545454545454
0.8579571874834792,FUZZY_OPTUNA_DARTS,0.0,2026-08-21_20-28-24,0.16666666666666666,XOR,2.0,0.8333333333333334,0.0,0.8975274678557507,False,1.8,3,2,5,5,1,6,0,5,2,2.0,0.8333333333333334,0.0,0.6871842709362768,0.4,0.8579571874834792,4.0,1.6666666666666667,0.0,1.3743685418725535,0.0
2.116090082270701,FUZZY_OPTUNA_DARTS,0.775,2026-08-21_20-34-56,0.42857142857142855,XOR,5.0,3.0,0.0,1.8027756377319946,False,1.3571428571428572,2,5,8,24,0,8,2,4,1,5.0,3.0,0.0,1.5,0.3333333333333333,2.116090082270701,9.0,6.0,2.0,2.449489742783178,0.676056338028169
1.1884160149782004,FUZZY_OPTUNA_DARTS,0.5066666666666666,2026-08-21_20-47-14,0.3111111111111111,XOR,6.0,2.8,0.0,2.08806130178211,False,1.4166666666666667,3,6,9,28,1,10,0,5,2,5.0,2.8,0.0,1.7204650534085253,0.42857142857142855,1.1884160149782004,9.0,5.6,0.0,2.870540018881465,0.6
0.9017524536278028,FUZZY_OPTUNA_DARTS,0.3333333333333333,2026-08-21_20-53-52,0.21428571428571427,XOR,4.0,1.2857142857142858,0.0,1.4846149779161806,False,1.6666666666666667,3,1,6,9,1,7,2,7,2,3.0,1.2857142857142858,0.0,1.0301575072754254,0.0,0.9017524536278028,5.0,2.5714285714285716,0.0,1.9166296949998198,0.46153846153846156
3.0959082950588166,FUZZY_OPTUNA_DARTS,0.0,2026-08-21_20-56-40,0.16666666666666666,XOR,2.0,0.8333333333333334,0.0,0.8975274678557507,True,1.6,3,1,5,5,1,6,0,6,2,2.0,0.8333333333333334,0.0,0.8975274678557507,0.0,3.0959082950588166,3.0,1.6666666666666667,0.0,0.9428090415820634,0.0
3.9854109851460016,FUZZY_OPTUNA_DARTS,0.4333333333333333,2026-08-21_21-15-00,0.25,XOR,2.0,1.0,0.0,0.8944271909999159,True,1.5,2,1,5,5,0,5,0,5,1,2.0,1.0,0.0,0.8944271909999159,0.0,3.9854109851460016,4.0,2.0,1.0,1.0954451150103321,0.375
0.850702881493129,FUZZY_OPTUNA_DARTS,0.38888888888888884,2026-08-21_21-27-25,0.16666666666666666,XOR,3.0,0.8333333333333334,0.0,1.2133516482134197,False,1.3333333333333333,2,1,4,5,2,6,1,6,3,2.0,0.8333333333333334,0.0,0.8975274678557507,0.0,0.850702881493129,5.0,1.6666666666666667,0.0,1.699673171197595,0.6
6.595255563341383,FUZZY_OPTUNA_DARTS,0.4333333333333334,2026-08-21_21-33-54,0.35,XOR,3.0,1.4,0.0,1.3564659966250536,False,1.5,2,2,5,7,0,5,1,4,1,2.0,1.4,0.0,0.8,0.2857142857142857,6.595255563341383,5.0,2.8,1.0,1.833030277982336,0.375
11.964775905643435,FUZZY_OPTUNA_DARTS,0.5142857142857143,2026-08-21_22-12-35,0.30952380952380953,XOR,5.0,1.8571428571428572,0.0,1.8070158058105026,False,1.2666666666666666,2,2,6,13,1,7,1,6,2,4.0,1.8571428571428572,0.0,1.4568627181693672,0.15384615384615385,11.964775905643435,6.0,3.7142857142857144,0.0,1.8294640678379568,0.5806451612903226
0.9275519788629667,FUZZY_OPTUNA_DARTS,0.23809523809523808,2026-08-21_22-34-33,0.14285714285714285,XOR,3.0,0.8571428571428571,0.0,1.124858267715973,False,1.6,3,2,5,6,2,7,0,6,3,2.0,0.8571428571428571,0.0,0.832993127835043,0.3333333333333333,0.9275519788629667,4.0,1.7142857142857142,0.0,1.5779087167410373,0.42857142857142855
3.884360545163944,FUZZY_OPTUNA_DARTS,0.0,2026-08-21_22-39-23,0.25,XOR,2.0,1.0,0.0,0.8944271909999159,True,1.6,3,1,5,5,0,5,0,5,1,2.0,1.0,0.0,0.8944271909999159,0.0,3.884360545163944,3.0,2.0,1.0,0.6324555320336759,0.0
0.9538051435283861,FUZZY_OPTUNA_DARTS,0.8571428571428571,2026-08-21_22-41-37,0.4523809523809524,XOR,6.0,2.7142857142857144,0.0,2.0503857277724746,False,1.2380952380952381,2,4,7,19,0,7,1,4,1,4.0,2.7142857142857144,0.0,1.2777531299998799,0.21052631578947367,0.9538051435283861,8.0,5.428571428571429,3.0,1.6781914463529615,0.7619047619047619
2.7952010052711254,FUZZY_OPTUNA_DARTS,0.4666666666666666,2026-08-21_22-45-05,0.2,XOR,2.0,0.8,0.0,0.9797958971132712,True,1.3333333333333333,2,1,4,4,1,5,0,5,2,2.0,0.8,0.0,0.7483314773547883,0.0,2.7952010052711254,3.0,1.6,0.0,1.019803902718557,0.6
0.9112102454348147,FUZZY_OPTUNA_DARTS,0.15925925925925927,2026-08-21_22-48-35,0.1111111111111111,XOR,3.0,0.8888888888888888,0.0,0.9938079899999065,False,1.8095238095238095,3,2,7,8,2,9,0,8,3,3.0,0.8888888888888888,0.0,0.9938079899999065,0.25,0.9112102454348147,6.0,1.7777777777777777,0.0,1.7497795275581802,0.21428571428571427
3.413673503293573,FUZZY_OPTUNA_DARTS,0.5555555555555555,2026-08-21_22-53-37,0.26666666666666666,XOR,4.0,1.3333333333333333,0.0,1.4907119849998598,True,1.2,2,1,5,8,1,6,0,6,2,3.0,1.3333333333333333,0.0,1.247219128924647,0.0,3.413673503293573,4.0,2.6666666666666665,0.0,1.247219128924647,0.6666666666666666
9.165395072956468,FUZZY_OPTUNA_DARTS,0.6666666666666666,2026-08-21_22-56-18,0.4,XOR,4.0,1.6,0.0,1.4966629547095767,True,1.2,2,1,5,8,0,5,0,5,1,3.0,1.6,0.0,1.2,0.0,9.165395072956468,4.0,3.2,3.0,0.4,0.6666666666666666
0.9570688379290552,FUZZY_OPTUNA_DARTS,0.5,2026-08-21_22-56-53,0.23333333333333334,XOR,3.0,1.1666666666666667,0.0,1.3437096247164249,False,1.4,2,2,5,7,1,6,0,5,2,2.0,1.1666666666666667,0.0,0.8975274678557507,0.2857142857142857,0.9570688379290552,5.0,2.3333333333333335,0.0,1.4907119849998598,0.5454545454545454
4.617626899743752,FUZZY_OPTUNA_DARTS,0.0,2026-08-21_22-58-33,0.26666666666666666,XOR,2.0,1.3333333333333333,0.0,0.9428090415820634,True,1.5333333333333334,3,1,6,8,0,6,0,6,1,3.0,1.3333333333333333,0.0,1.247219128924647,0.0,4.617626899743752,3.0,2.6666666666666665,2.0,0.4714045207910317,0.0
1.3344200282236884,FUZZY_OPTUNA_DARTS,0.7285714285714286,2026-08-21_23-23-08,0.38095238095238093,XOR,5.0,2.2857142857142856,0.0,2.1852940772540506,False,1.2,2,3,6,16,1,7,1,5,2,4.0,2.2857142857142856,0.0,1.4846149779161806,0.375,1.3344200282236884,9.0,4.571428571428571,0.0,2.718042512920064,0.7692307692307693
4.154342998935797,FUZZY_OPTUNA_DARTS,0.8,2026-08-21_23-27-02,0.4,XOR,4.0,1.6,0.0,1.624807680927192,False,1.3,2,2,5,8,0,5,0,4,1,2.0,1.6,0.0,0.8,0.25,4.154342998935797,5.0,3.2,2.0,1.1661903789690602,0.6
1.1203872231855423,FUZZY_OPTUNA_DARTS,0.6682539682539683,2026-08-21_23-34-23,0.4583333333333333,XOR,6.0,3.6666666666666665,0.0,2.6666666666666665,False,1.2142857142857142,2,5,8,33,1,9,3,5,2,6.0,3.6666666666666665,0.0,2.0548046676563256,0.48484848484848486,1.1203872231855423,11.0,7.333333333333333,0.0,3.5901098714230026,0.7352941176470589
1.1172860712219146,FUZZY_OPTUNA_DARTS,0.6666666666666666,2026-08-22_00-04-36,0.25,XOR,3.0,1.0,0.0,1.2649110640673518,True,1.1666666666666667,2,1,4,5,1,5,0,5,2,2.0,1.0,0.0,0.8944271909999159,0.0,1.1172860712219146,3.0,2.0,0.0,1.0954451150103321,0.75
1.4799641655482394,FUZZY_OPTUNA_DARTS,0.0,2026-08-22_00-08-57,0.3,XOR,2.0,1.2,0.0,0.9797958971132712,True,1.4,2,1,5,6,0,5,0,5,1,2.0,1.2,0.0,0.7483314773547883,0.0,1.4799641655482394,3.0,2.4,2.0,0.4898979485566356,0.0
1.2123034245515243,FUZZY_OPTUNA_DARTS,0.6666666666666666,2026-08-22_00-09-25,0.25,XOR,3.0,1.0,0.0,1.2649110640673518,True,1.1666666666666667,2,1,4,5,1,5,0,5,2,2.0,1.0,0.0,0.8944271909999159,0.0,1.2123034245515243,3.0,2.0,0.0,1.0954451150103321,0.75
5.573317377109709,FUZZY_OPTUNA_DARTS,0.0,2026-08-22_00-58-54,0.15,XOR,2.0,0.6,0.0,0.8,True,1.5,2,1,4,3,1,5,0,5,2,1.0,0.6,0.0,0.4898979485566356,0.0,5.573317377109709,3.0,1.2,0.0,0.9797958971132712,0.0
0.8994982261078034,FUZZY_OPTUNA_DARTS,0.8500000000000001,2026-08-22_01-23-29,0.5666666666666667,XOR,5.0,2.8333333333333335,0.0,2.1147629234082532,False,1.2,2,3,6,17,0,6,2,4,1,4.0,2.8333333333333335,0.0,1.3437096247164249,0.35294117647058826,0.8994982261078034,9.0,5.666666666666667,3.0,2.2110831935702664,0.7692307692307693
2.76995523147636,FUZZY_OPTUNA_DARTS,0.0,2026-08-22_01-30-29,0.07142857142857142,XOR,2.0,0.42857142857142855,0.0,0.7284313590846836,True,1.5,2,1,4,3,3,7,0,7,4,1.0,0.42857142857142855,0.0,0.4948716593053935,0.0,2.76995523147636,3.0,0.8571428571428571,0.0,0.989743318610787,0.0
0.8353549661070833,FUZZY_OPTUNA_DARTS,0.19166666666666665,2026-08-22_01-31-11,0.25,XOR,4.0,1.75,0.0,1.479019945774904,False,1.4761904761904763,2,4,7,14,1,8,0,5,2,3.0,1.75,0.0,1.0897247358851685,0.42857142857142855,0.8353549661070833,7.0,3.5,0.0,2.0615528128088303,0.2222222222222222
5.29063060872878,FUZZY_OPTUNA_DARTS,0.47619047619047616,2026-08-22_01-33-29,0.14285714285714285,XOR,3.0,0.8571428571428571,0.0,1.124858267715973,True,1.1666666666666667,2,1,4,6,1,7,0,7,3,2.0,0.8571428571428571,0.0,0.832993127835043,0.0,5.29063060872878,3.0,1.7142857142857142,0.0,1.0301575072754254,0.75
1.5451408258522064,FUZZY_OPTUNA_DARTS,0.7565079365079366,2026-08-22_01-41-08,0.43333333333333335,XOR,7.0,3.9,0.0,2.3853720883753127,False,1.3555555555555556,2,7,10,39,0,10,2,4,1,7.0,3.9,0.0,1.972308292331602,0.41025641025641024,1.5451408258522064,14.0,7.8,4.0,3.0919249667480613,0.6818181818181818
1.24643906298363,FUZZY_OPTUNA_DARTS,0.4791666666666667,2026-08-22_01-54-18,0.30357142857142855,XOR,4.0,2.125,0.0,1.4523687548277813,False,1.5714285714285714,3,4,8,17,0,8,0,5,1,4.0,2.125,0.0,1.3635890143294642,0.35294117647058826,1.24643906298363,8.0,4.25,1.0,2.277608394786075,0.5454545454545454
1.229316990550759,FUZZY_OPTUNA_DARTS,0.4444444444444444,2026-08-22_01-57-31,0.43333333333333335,XOR,4.0,2.1666666666666665,0.0,1.6749792701868151,False,1.3333333333333333,2,3,6,13,0,6,1,4,1,3.0,2.1666666666666665,0.0,1.0671873729054748,0.3076923076923077,1.229316990550759,7.0,4.333333333333333,3.0,1.3743685418725535,0.48
1.247135283213128,FUZZY_OPTUNA_DARTS,0.18518518518518517,2026-08-22_02-00-28,0.1388888888888889,XOR,3.0,1.1111111111111112,0.0,1.3698697784375504,False,1.4,2,2,6,10,3,9,0,8,4,3.0,1.1111111111111112,0.0,1.1967032904743342,0.2,1.247135283213128,4.0,2.2222222222222223,0.0,1.6850834320114556,0.3157894736842105
4.077208863434683,FUZZY_OPTUNA_DARTS,0.0,2026-08-22_02-07-13,0.25,XOR,3.0,1.0,0.0,1.0954451150103321,False,1.6,2,2,5,5,0,5,0,4,1,2.0,1.0,0.0,0.6324555320336759,0.4,4.077208863434683,5.0,2.0,1.0,1.5491933384829668,0.0
0.9227153882928933,FUZZY_OPTUNA_DARTS,0.5555555555555555,2026-08-22_02-11-40,0.3,XOR,4.0,1.5,0.0,1.6072751268321592,False,1.2,2,1,5,9,1,6,1,6,2,3.0,1.5,0.0,1.2583057392117916,0.0,0.9227153882928933,5.0,3.0,0.0,1.5275252316519468,0.6666666666666666
2.52952976049906,FUZZY_OPTUNA_DARTS,0.5555555555555555,2026-08-22_02-12-22,0.26666666666666666,XOR,4.0,1.3333333333333333,0.0,1.4907119849998598,True,1.2,2,1,5,8,1,6,0,6,2,3.0,1.3333333333333333,0.0,1.247219128924647,0.0,2.52952976049906,4.0,2.6666666666666665,0.0,1.247219128924647,0.6666666666666666
1.5128025907802605,FUZZY_OPTUNA_DARTS,0.611111111111111,2026-08-22_02-15-37,0.4722222222222222,XOR,7.0,3.7777777777777777,0.0,2.8196838978776713,False,1.2142857142857142,2,5,8,34,1,9,4,5,2,6.0,3.7777777777777777,0.0,2.096440251568134,0.47058823529411764,1.5128025907802605,12.0,7.555555555555555,0.0,3.7745083892140063,0.69
1.237995428932115,FUZZY_OPTUNA_DARTS,0.6666666666666666,2026-08-22_02-27-48,0.4,XOR,4.0,1.6,0.0,1.4966629547095767,True,1.2,2,1,5,8,0,5,0,5,1,3.0,1.6,0.0,1.2,0.0,1.237995428932115,4.0,3.2,3.0,0.4,0.6666666666666666
1.5063543745774168,FUZZY_OPTUNA_DARTS,0.5458333333333334,2026-08-22_02-28-12,0.44642857142857145,XOR,6.0,3.125,0.0,2.0879116360612584,False,1.2857142857142858,2,4,8,25,0,8,1,5,1,5.0,3.125,0.0,1.8328597873268975,0.32,1.5063543745774168,9.0,6.25,5.0,1.299038105676658,0.6144578313253012
0.8230333349310491,FUZZY_OPTUNA_DARTS,0.7374999999999999,2026-08-22_03-07-56,0.5357142857142857,XOR,6.0,3.75,0.0,2.331844763272204,False,1.25,2,5,8,30,0,8,1,4,1,5.0,3.75,0.0,1.479019945774904,0.5333333333333333,0.8230333349310491,10.0,7.5,4.0,2.345207879911715,0.7021276595744681
1.4679630915353628,FUZZY_OPTUNA_DARTS,0.5555555555555555,2026-08-22_03-16-54,0.26666666666666666,XOR,4.0,1.3333333333333333,0.0,1.4907119849998598,True,1.2,2,1,5,8,1,6,0,6,2,3.0,1.3333333333333333,0.0,1.247219128924647,0.0,1.4679630915353628,4.0,2.6666666666666665,0.0,1.247219128924647,0.6666666666666666
1.1449380961427862,FUZZY_OPTUNA_DARTS,0.0,2026-08-22_03-24-14,0.2,XOR,2.0,0.8,0.0,0.7483314773547883,True,1.8,3,1,5,4,0,5,0,5,1,1.0,0.8,0.0,0.4,0.0,1.1449380961427862,3.0,1.6,1.0,0.8,0.0
1.5648009791641746,FUZZY_OPTUNA_DARTS,0.0,2026-08-22_03-26-28,0.25,XOR,2.0,1.0,0.0,0.8944271909999159,True,1.6,3,1,5,5,0,5,0,5,1,2.0,1.0,0.0,0.8944271909999159,0.0,1.5648009791641746,3.0,2.0,1.0,0.6324555320336759,0.0
1.0952066722941436,FUZZY_OPTUNA_DARTS,0.8857142857142859,2026-08-22_03-30-33,0.6190476190476191,XOR,6.0,3.7142857142857144,0.0,2.4327694808466287,False,1.0952380952380953,2,4,7,26,0,7,3,4,1,5.0,3.7142857142857144,0.0,1.8294640678379568,0.3076923076923077,1.0952066722941436,11.0,7.428571428571429,5.0,2.3211538298959886,0.8823529411764706
14.07013280991368,FUZZY_OPTUNA_DARTS,0.6,2026-08-22_03-41-55,0.36666666666666664,XOR,5.0,1.8333333333333333,0.0,1.6749792701868151,True,1.2666666666666666,2,1,6,11,0,6,0,6,1,4.0,1.8333333333333333,0.0,1.5723301886761005,0.0,14.07013280991368,5.0,3.6666666666666665,3.0,0.7453559924999299,0.5806451612903226
1.080666471742625,FUZZY_OPTUNA_DARTS,0.8000000000000002,2026-08-22_03-49-53,0.36666666666666664,XOR,5.0,1.8333333333333333,0.0,1.7716909687891083,False,1.4,2,2,6,11,0,6,1,5,1,3.0,1.8333333333333333,0.0,1.0671873729054748,0.18181818181818182,1.080666471742625,6.0,3.6666666666666665,2.0,1.699673171197595,0.5
6.698099689038442,FUZZY_OPTUNA_DARTS,0.6666666666666666,2026-08-22_03-53-27,0.25,XOR,3.0,1.0,0.0,1.2649110640673518,True,1.1666666666666667,2,1,4,5,1,5,0,5,2,2.0,1.0,0.0,0.8944271909999159,0.0,6.698099689038442,3.0,2.0,0.0,1.0954451150103321,0.75
1.2614343677098057,FUZZY_OPTUNA_DARTS,0.6285714285714284,2026-08-22_03-58-07,0.42857142857142855,XOR,5.0,2.5714285714285716,0.0,1.7612611437054218,False,1.2380952380952381,2,4,7,18,0,7,0,4,1,4.0,2.5714285714285716,0.0,1.2936264483053452,0.2222222222222222,1.2614343677098057,6.0,5.142857142857143,4.0,0.832993127835043,0.6206896551724138
0.9645447746882326,FUZZY_OPTUNA_DARTS,0.5458333333333333,2026-08-22_04-01-04,0.25,XOR,5.0,1.75,0.0,1.8540496217739157,False,1.2,2,3,6,14,2,8,0,6,3,4.0,1.75,0.0,1.479019945774904,0.2857142857142857,0.9645447746882326,6.0,3.5,0.0,2.179449471770337,0.7297297297297297
5.609246604626715,FUZZY_OPTUNA_DARTS,0.47619047619047616,2026-08-22_04-07-35,0.19047619047619047,XOR,4.0,1.1428571428571428,0.0,1.4568627181693672,True,1.2,2,1,5,8,2,7,0,7,3,3.0,1.1428571428571428,0.0,1.2453996981544782,0.0,5.609246604626715,4.0,2.2857142857142856,0.0,1.4846149779161806,0.6666666666666666
1.872984065830537,FUZZY_OPTUNA_DARTS,0.7626190476190475,2026-08-22_04-07-03,0.4,XOR,8.0,3.6,0.0,2.6907248094147422,False,1.1944444444444444,2,6,9,36,1,10,2,5,2,6.0,3.6,0.0,2.244994432064365,0.2777777777777778,1.872984065830537,13.0,7.2,0.0,3.1874754901018454,0.8132530120481928
3.1800985653491094,FUZZY_OPTUNA_DARTS,0.8,2026-08-22_04-16-29,0.4,XOR,4.0,1.6,0.0,1.624807680927192,False,1.3,2,2,5,8,0,5,0,4,1,2.0,1.6,0.0,0.8,0.25,3.1800985653491094,5.0,3.2,2.0,1.1661903789690602,0.6
0.9827891800802955,FUZZY_OPTUNA_DARTS,0.20999999999999996,2026-08-22_04-14-07,0.23333333333333334,XOR,4.0,2.1,0.0,1.3,False,1.7777777777777777,3,5,10,21,0,10,1,6,1,4.0,2.1,0.0,1.1357816691600546,0.38095238095238093,0.9827891800802955,8.0,4.2,1.0,1.8867962264113207,0.2
1.0647140359137144,FUZZY_OPTUNA_DARTS,0.7533333333333333,2026-08-22_04-31-53,0.4666666666666667,XOR,8.0,4.2,0.0,2.891366458960192,False,1.1666666666666667,2,6,9,42,1,10,2,5,2,6.0,4.2,0.0,2.227105745132009,0.47619047619047616,1.0647140359137144,14.0,8.4,0.0,3.8522720568516444,0.8228571428571428
8.393731161317566,FUZZY_OPTUNA_DARTS,0.6666666666666666,2026-08-22_04-43-44,0.4,XOR,4.0,1.6,0.0,1.4966629547095767,True,1.2,2,1,5,8,0,5,0,5,1,3.0,1.6,0.0,1.2,0.0,8.393731161317566,4.0,3.2,3.0,0.4,0.6666666666666666
5.0367234361392486,FUZZY_OPTUNA_DARTS,0.47619047619047616,2026-08-22_04-53-28,0.19047619047619047,XOR,4.0,1.1428571428571428,0.0,1.4568627181693672,True,1.2,2,1,5,8,2,7,0,7,3,3.0,1.1428571428571428,0.0,1.2453996981544782,0.0,5.0367234361392486,4.0,2.2857142857142856,0.0,1.4846149779161806,0.6666666666666666
2.438561335828366,FUZZY_OPTUNA_DARTS,0.8,2026-08-22_04-59-54,0.4,XOR,4.0,1.6,0.0,1.624807680927192,False,1.3,2,1,5,8,0,5,1,5,1,3.0,1.6,0.0,1.019803902718557,0.0,2.438561335828366,4.0,3.2,2.0,0.9797958971132712,0.6
0.9724266615835586,FUZZY_OPTUNA_DARTS,0.8190476190476189,2026-08-22_04-58-17,0.47619047619047616,XOR,6.0,2.857142857142857,0.0,2.166535841157586,False,1.2857142857142858,2,4,7,20,0,7,3,4,1,4.0,2.857142857142857,0.0,1.2453996981544782,0.2,0.9724266615835586,8.0,5.714285714285714,3.0,1.979486637221574,0.7090909090909091
0.8900265688259081,FUZZY_OPTUNA_DARTS,0.5481481481481482,2026-08-22_05-04-36,0.2222222222222222,XOR,5.0,1.7777777777777777,0.0,2.096440251568134,False,1.1333333333333333,2,3,6,16,3,9,1,7,4,4.0,1.7777777777777777,0.0,1.7497795275581802,0.25,0.8900265688259081,9.0,3.5555555555555554,0.0,2.871743996293352,0.8181818181818182
0.8189918445412939,FUZZY_OPTUNA_DARTS,0.6666666666666666,2026-08-22_05-11-00,0.26666666666666666,XOR,4.0,1.3333333333333333,0.0,1.5986105077709065,False,1.3,2,2,5,8,1,6,0,5,2,2.0,1.3333333333333333,0.0,0.9428090415820634,0.25,0.8189918445412939,5.0,2.6666666666666665,0.0,1.5986105077709065,0.6
1.0276365050088903,FUZZY_OPTUNA_DARTS,0.6682539682539682,2026-08-22_05-08-56,0.3611111111111111,XOR,6.0,2.888888888888889,0.0,2.4241582476968255,False,1.2142857142857142,2,4,8,26,1,9,2,6,2,5.0,2.888888888888889,0.0,1.9688939051854835,0.15384615384615385,1.0276365050088903,10.0,5.777777777777778,0.0,2.698879511442471,0.7352941176470589
2.6013369687315238,FUZZY_OPTUNA_DARTS,0.5555555555555555,2026-08-22_05-41-58,0.16666666666666666,XOR,3.0,0.8333333333333334,0.0,1.2133516482134197,True,1.1666666666666667,2,1,4,5,2,6,0,6,3,2.0,0.8333333333333334,0.0,0.8975274678557507,0.0,2.6013369687315238,3.0,1.6666666666666667,0.0,1.247219128924647,0.75
1.1649200625163916,FUZZY_OPTUNA_DARTS,0.5142857142857142,2026-08-22_05-52-25,0.30952380952380953,XOR,5.0,1.8571428571428572,0.0,1.8070158058105026,False,1.2666666666666666,2,3,6,13,1,7,0,5,2,3.0,1.8571428571428572,0.0,1.2453996981544782,0.3076923076923077,1.1649200625163916,5.0,3.7142857142857144,0.0,1.749635530559413,0.5806451612903226
1.8015050955345773,FUZZY_OPTUNA_DARTS,0.5238095238095237,2026-08-22_05-58-18,0.2619047619047619,XOR,4.0,1.5714285714285714,0.0,1.498298354528788,True,1.2666666666666666,2,1,6,11,1,7,0,7,2,4.0,1.5714285714285714,0.0,1.6781914463529615,0.0,1.8015050955345773,4.0,3.142857142857143,0.0,1.355261854357877,0.6
6.204546808308889,FUZZY_OPTUNA_DARTS,0.6666666666666666,2026-08-22_06-04-43,0.25,XOR,3.0,1.0,0.0,1.2649110640673518,True,1.1666666666666667,2,1,4,5,1,5,0,5,2,2.0,1.0,0.0,0.8944271909999159,0.0,6.204546808308889,3.0,2.0,0.0,1.0954451150103321,0.75
4.387660144684279,FUZZY_OPTUNA_DARTS,0.6888888888888888,2026-08-22_06-02-47,0.3333333333333333,XOR,6.0,2.6666666666666665,0.0,2.494438257849294,False,1.1428571428571428,2,4,7,24,2,9,2,6,3,4.0,2.6666666666666665,0.0,1.8856180831641267,0.3333333333333333,4.387660144684279,10.0,5.333333333333333,0.0,3.39934634239519,0.8571428571428571
0.9455292694368158,FUZZY_OPTUNA_DARTS,0.5555555555555555,2026-08-22_06-27-01,0.16666666666666666,XOR,3.0,0.8333333333333334,0.0,1.2133516482134197,True,1.1666666666666667,2,1,4,5,2,6,0,6,3,2.0,0.8333333333333334,0.0,0.8975274678557507,0.0,0.9455292694368158,3.0,1.6666666666666667,0.0,1.247219128924647,0.75
3.6371025547051925,FUZZY_OPTUNA_DARTS,0.5999999999999999,2026-08-22_06-30-17,0.35,XOR,3.0,1.4,0.0,1.3564659966250536,False,1.4,2,2,5,7,0,5,0,4,1,2.0,1.4,0.0,0.8,0.2857142857142857,3.6371025547051925,5.0,2.8,1.0,1.3266499161421599,0.5454545454545454
1.2518279608000884,FUZZY_OPTUNA_DARTS,0.53,2026-08-22_06-25-57,0.32222222222222224,XOR,6.0,2.9,0.0,2.467792535850613,False,1.3214285714285714,2,5,8,29,2,10,2,6,3,6.0,2.9,0.0,2.071231517720798,0.5517241379310345,1.2518279608000884,12.0,5.8,0.0,3.789459064299283,0.631578947368421
1.63372351389437,FUZZY_OPTUNA_DARTS,0.5566666666666668,2026-08-22_06-31-26,0.13333333333333333,XOR,4.0,1.2,0.0,1.5362291495737217,True,1.4285714285714286,2,1,7,12,3,10,0,10,4,4.0,1.2,0.0,1.2489995996796797,0.0,1.63372351389437,6.0,2.4,0.0,2.009975124224178,0.5675675675675675
1.6674512775503643,FUZZY_OPTUNA_DARTS,0.6666666666666666,2026-08-22_06-53-12,0.26666666666666666,XOR,4.0,1.3333333333333333,0.0,1.5986105077709065,False,1.3,2,2,5,8,1,6,0,5,2,2.0,1.3333333333333333,0.0,0.9428090415820634,0.25,1.6674512775503643,5.0,2.6666666666666665,0.0,1.5986105077709065,0.6
0.8564498825574477,FUZZY_OPTUNA_DARTS,0.8142857142857144,2026-08-22_07-00-06,0.5,XOR,6.0,4.0,0.0,2.3570226039551585,False,1.1944444444444444,2,6,9,36,0,9,1,4,1,6.0,4.0,0.0,1.699673171197595,0.3333333333333333,0.8564498825574477,11.0,8.0,5.0,1.8856180831641267,0.7914110429447853
1.4380606448578719,FUZZY_OPTUNA_DARTS,0.5714285714285714,2026-08-22_07-07-37,0.19047619047619047,XOR,4.0,1.1428571428571428,0.0,1.5518257844571737,False,1.3,2,2,5,8,2,7,0,6,3,2.0,1.1428571428571428,0.0,0.989743318610787,0.25,1.4380606448578719,5.0,2.2857142857142856,0.0,1.749635530559413,0.6
6.8393314637544975,FUZZY_OPTUNA_DARTS,0.44000000000000006,2026-08-22_07-02-45,0.2222222222222222,XOR,6.0,2.0,0.0,2.1908902300206643,False,1.2380952380952381,2,4,7,20,3,10,1,7,4,4.0,2.0,0.0,1.6733200530681511,0.3,6.8393314637544975,9.0,4.0,0.0,2.932575659723036,0.6206896551724138
8.035976200820443,FUZZY_OPTUNA_DARTS,0.6,2026-08-22_07-10-04,0.43333333333333335,XOR,5.0,2.1666666666666665,0.0,1.7716909687891083,False,1.2666666666666666,2,3,6,13,0,6,0,4,1,3.0,2.1666666666666665,0.0,1.0671873729054748,0.3076923076923077,8.035976200820443,5.0,4.333333333333333,3.0,0.9428090415820634,0.5806451612903226
0.860843455071073,FUZZY_OPTUNA_DARTS,0.6523809523809524,2026-08-22_07-12-13,0.2857142857142857,XOR,4.0,1.7142857142857142,0.0,1.665986255670086,False,1.4,2,3,6,12,1,7,0,5,2,3.0,1.7142857142857142,0.0,1.1605769149479943,0.5,0.860843455071073,7.0,3.4285714285714284,0.0,2.1285234893930487,0.5454545454545454
1.1339943226657496,FUZZY_OPTUNA_DARTS,0.8333333333333334,2026-08-22_07-15-48,0.43333333333333335,XOR,5.0,2.1666666666666665,0.0,1.9507833184532708,False,1.3333333333333333,2,3,6,13,0,6,1,4,1,3.0,2.1666666666666665,0.0,1.0671873729054748,0.3076923076923077,1.1339943226657496,8.0,4.333333333333333,2.0,2.3570226039551585,0.6428571428571429
1.0439916956061197,FUZZY_OPTUNA_DARTS,0.6666666666666666,2026-08-22_07-19-16,0.25,XOR,3.0,1.0,0.0,1.2649110640673518,True,1.1666666666666667,2,1,4,5,1,5,0,5,2,2.0,1.0,0.0,0.8944271909999159,0.0,1.0439916956061197,3.0,2.0,0.0,1.0954451150103321,0.75
0.8230902268900698,FUZZY_OPTUNA_DARTS,0.7198412698412698,2026-08-22_07-28-49,0.5277777777777778,XOR,8.0,4.222222222222222,0.0,2.698879511442471,False,1.25,2,6,9,38,0,9,2,4,1,6.0,4.222222222222222,0.0,1.6850834320114556,0.47368421052631576,0.8230902268900698,12.0,8.444444444444445,4.0,2.499382639822665,0.7183098591549296
9.730590113128159,FUZZY_OPTUNA_DARTS,0.4444444444444444,2026-08-22_07-39-35,0.4,XOR,4.0,2.0,0.0,1.5275252316519468,False,1.3333333333333333,2,3,6,12,0,6,0,4,1,3.0,2.0,0.0,1.0,0.3333333333333333,9.730590113128159,5.0,4.0,3.0,0.816496580927726,0.48
2.75648598534898,FUZZY_OPTUNA_DARTS,0.6666666666666666,2026-08-22_07-44-17,0.26666666666666666,XOR,4.0,1.3333333333333333,0.0,1.5986105077709065,False,1.3,2,2,5,8,1,6,0,5,2,2.0,1.3333333333333333,0.0,0.9428090415820634,0.25,2.75648598534898,5.0,2.6666666666666665,0.0,1.5986105077709065,0.6
5.476007617345447,FUZZY_OPTUNA_DARTS,0.6444444444444444,2026-08-22_07-47-33,0.2638888888888889,XOR,6.0,2.111111111111111,0.0,2.23330569358242,False,1.2857142857142858,2,4,7,19,2,9,1,6,3,4.0,2.111111111111111,0.0,1.5947444549341472,0.3157894736842105,5.476007617345447,9.0,4.222222222222222,0.0,2.9731307022799225,0.6842105263157895
0.8210066188063821,FUZZY_OPTUNA_DARTS,0.8055555555555555,2026-08-22_07-59-20,0.43333333333333335,XOR,4.0,2.1666666666666665,0.0,1.6749792701868151,False,1.3333333333333333,2,3,6,13,0,6,1,4,1,4.0,2.1666666666666665,0.0,1.2133516482134197,0.3076923076923077,0.8210066188063821,7.0,4.333333333333333,2.0,2.0548046676563256,0.6666666666666666
10.100808792144969,FUZZY_OPTUNA_DARTS,0.7714285714285714,2026-08-22_08-24-12,0.3333333333333333,XOR,5.0,2.0,0.0,1.927248223318863,False,1.1333333333333333,2,3,6,14,1,7,0,5,2,4.0,2.0,0.0,1.4142135623730951,0.14285714285714285,10.100808792144969,6.0,4.0,0.0,1.8516401995451028,0.8666666666666667
1.0373270871035243,FUZZY_OPTUNA_DARTS,0.7628571428571428,2026-08-22_08-33-13,0.45555555555555555,XOR,7.0,4.1,0.0,2.808914381037628,False,1.1944444444444444,2,6,9,41,1,10,1,5,2,7.0,4.1,0.0,2.211334438749598,0.5365853658536586,1.0373270871035243,12.0,8.2,0.0,3.682390527904394,0.8181818181818182
0.8232753287256065,FUZZY_OPTUNA_DARTS,0.6666666666666666,2026-08-22_09-07-12,0.26666666666666666,XOR,4.0,1.3333333333333333,0.0,1.5986105077709065,False,1.3,2,2,5,8,1,6,0,5,2,2.0,1.3333333333333333,0.0,0.9428090415820634,0.25,0.8232753287256065,5.0,2.6666666666666665,0.0,1.5986105077709065,0.6
0.9116162880826566,FUZZY_OPTUNA_DARTS,0.6014285714285714,2026-08-22_09-32-26,0.32222222222222224,XOR,6.0,2.9,0.0,2.5079872407968904,False,1.2142857142857142,2,5,8,29,2,10,1,6,3,5.0,2.9,0.0,1.972308292331602,0.41379310344827586,0.9116162880826566,10.0,5.8,0.0,3.4292856398964493,0.7352941176470589
0.8339310567116777,FUZZY_OPTUNA_DARTS,0.6666666666666666,2026-08-22_09-52-53,0.4,XOR,4.0,1.6,0.0,1.4966629547095767,True,1.2,2,1,5,8,0,5,0,5,1,3.0,1.6,0.0,1.2,0.0,0.8339310567116777,4.0,3.2,3.0,0.4,0.6666666666666666
7.29091465797831,FUZZY_OPTUNA_DARTS,0.6666666666666666,2026-08-22_09-55-08,0.25,XOR,3.0,1.0,0.0,1.2649110640673518,True,1.1666666666666667,2,1,4,5,1,5,0,5,2,2.0,1.0,0.0,0.8944271909999159,0.0,7.29091465797831,3.0,2.0,0.0,1.0954451150103321,0.75
3.5709055031533006,FUZZY_OPTUNA_DARTS,0.7767857142857143,2026-08-22_09-59-55,0.4642857142857143,XOR,7.0,3.25,0.0,2.331844763272204,False,1.2142857142857142,2,5,8,26,0,8,0,4,1,5.0,3.25,0.0,1.479019945774904,0.3076923076923077,3.5709055031533006,8.0,6.5,4.0,1.5,0.7572815533980582
1.2590479665947474,FUZZY_OPTUNA_DARTS,0.8,2026-08-22_10-33-10,0.4,XOR,4.0,1.6,0.0,1.624807680927192,False,1.3,2,2,5,8,0,5,0,4,1,2.0,1.6,0.0,0.8,0.25,1.2590479665947474,5.0,3.2,2.0,1.1661903789690602,0.6
2.532824137291789,FUZZY_OPTUNA_DARTS,0.6666666666666666,2026-08-22_10-56-59,0.25,XOR,3.0,1.0,0.0,1.2649110640673518,True,1.1666666666666667,2,1,4,5,1,5,0,5,2,2.0,1.0,0.0,0.8944271909999159,0.0,2.532824137291789,3.0,2.0,0.0,1.0954451150103321,0.75
0.9080241141175625,FUZZY_OPTUNA_DARTS,0.5777777777777778,2026-08-22_11-01-00,0.2777777777777778,XOR,5.0,2.2222222222222223,0.0,1.7497795275581802,False,1.4285714285714286,2,5,8,20,1,9,0,5,2,5.0,2.2222222222222223,0.0,1.617802197617893,0.4,0.9080241141175625,8.0,4.444444444444445,0.0,2.3147407395555177,0.5769230769230769
2.9242069048445942,FUZZY_OPTUNA_DARTS,0.3333333333333333,2026-08-22_11-09-52,0.09523809523809523,XOR,2.0,0.5714285714285714,0.0,0.9035079029052513,True,1.3333333333333333,2,1,4,4,3,7,0,7,4,2.0,0.5714285714285714,0.0,0.7284313590846836,0.0,2.9242069048445942,3.0,1.1428571428571428,0.0,1.124858267715973,0.6
4.440096097405459,FUZZY_OPTUNA_DARTS,0.6666666666666666,2026-08-22_11-14-30,0.25,XOR,3.0,1.0,0.0,1.2649110640673518,True,1.1666666666666667,2,1,4,5,1,5,0,5,2,2.0,1.0,0.0,0.8944271909999159,0.0,4.440096097405459,3.0,2.0,0.0,1.0954451150103321,0.75
2.256833381838024,FUZZY_OPTUNA_DARTS,0.8,2026-08-22_11-15-20,0.45,XOR,4.0,1.8,0.0,1.6,False,1.3,2,2,5,9,0,5,1,4,1,3.0,1.8,0.0,0.9797958971132712,0.2222222222222222,2.256833381838024,5.0,3.6,2.0,1.3564659966250536,0.6
2.6573498992233375,FUZZY_OPTUNA_DARTS,0.75,2026-08-22_11-21-50,0.3333333333333333,XOR,4.0,1.6666666666666667,0.0,1.699673171197595,False,1.1,2,1,5,10,1,6,1,6,2,3.0,1.6666666666666667,0.0,1.3743685418725535,0.0,2.6573498992233375,6.0,3.3333333333333335,0.0,1.7950549357115013,0.875
1.424664016762958,FUZZY_OPTUNA_DARTS,0.5142857142857143,2026-08-22_11-26-25,0.2857142857142857,XOR,5.0,1.7142857142857142,0.0,1.749635530559413,False,1.2666666666666666,2,2,6,12,1,7,0,6,2,3.0,1.7142857142857142,0.0,1.1605769149479943,0.16666666666666666,1.424664016762958,5.0,3.4285714285714284,0.0,1.5907898179514348,0.5806451612903226
3.364878526015994,FUZZY_OPTUNA_DARTS,0.2857142857142857,2026-08-22_11-30-56,0.16666666666666666,XOR,3.0,1.0,0.0,1.1952286093343936,True,1.3,2,1,5,7,2,7,0,7,3,3.0,1.0,0.0,1.0690449676496976,0.0,3.364878526015994,3.0,2.0,0.0,1.3093073414159544,0.46153846153846156
5.285419721644165,FUZZY_OPTUNA_DARTS,0.619047619047619,2026-08-22_11-36-36,0.21428571428571427,XOR,4.0,1.2857142857142858,0.0,1.5779087167410373,False,1.2,2,2,5,9,2,7,0,6,3,3.0,1.2857142857142858,0.0,1.1605769149479943,0.2222222222222222,5.285419721644165,5.0,2.5714285714285716,0.0,1.8405855323893037,0.7894736842105263
5.208177816594722,FUZZY_OPTUNA_DARTS,0.7222222222222222,2026-08-22_11-48-05,0.3333333333333333,XOR,4.0,1.6666666666666667,0.0,1.699673171197595,False,1.2,2,2,5,10,1,6,1,5,2,3.0,1.6666666666666667,0.0,1.247219128924647,0.2,5.208177816594722,6.0,3.3333333333333335,0.0,1.9720265943665387,0.7894736842105263
1.3082633460556674,FUZZY_OPTUNA_DARTS,0.8647619047619047,2026-08-22_11-56-48,0.5222222222222223,XOR,8.0,4.7,0.0,2.72213151776324,False,1.1333333333333333,2,7,10,47,0,10,1,4,1,7.0,4.7,0.0,2.147091055358389,0.2978723404255319,1.3082633460556674,13.0,9.4,7.0,2.244994432064365,0.8555555555555555
2.4716310015906258,FUZZY_OPTUNA_DARTS,0.6666666666666666,2026-08-22_12-20-15,0.4,XOR,4.0,1.6,0.0,1.4966629547095767,True,1.2,2,1,5,8,0,5,0,5,1,3.0,1.6,0.0,1.2,0.0,2.4716310015906258,4.0,3.2,3.0,0.4,0.6666666666666666
1.9710767797021465,FUZZY_OPTUNA_DARTS,0.7846031746031746,2026-08-22_12-16-07,0.5222222222222223,XOR,8.0,4.7,0.0,2.7586228448267445,False,1.2222222222222223,2,7,10,47,0,10,1,4,1,6.0,4.7,0.0,1.676305461424021,0.46808510638297873,1.9710767797021465,12.0,9.4,6.0,2.2891046284519194,0.7603686635944701
3.1940362027760263,FUZZY_OPTUNA_DARTS,0.6666666666666666,2026-08-22_12-30-00,0.25,XOR,3.0,1.0,0.0,1.2649110640673518,True,1.1666666666666667,2,1,4,5,1,5,0,5,2,2.0,1.0,0.0,0.8944271909999159,0.0,3.1940362027760263,3.0,2.0,0.0,1.0954451150103321,0.75
2.743817921233937,FUZZY_OPTUNA_DARTS,0.9,2026-08-22_12-30-09,0.5,XOR,4.0,2.0,0.0,1.6733200530681511,False,1.1,2,1,5,10,0,5,1,5,1,3.0,2.0,0.0,1.2649110640673518,0.0,2.743817921233937,6.0,4.0,3.0,1.0954451150103321,0.875
11.338256587427413,FUZZY_OPTUNA_DARTS,0.575,2026-08-22_12-32-09,0.32142857142857145,XOR,6.0,2.25,0.0,2.0463381929681126,False,1.2857142857142858,2,4,7,18,1,8,0,5,2,4.0,2.25,0.0,1.3919410907075054,0.3333333333333333,11.338256587427413,7.0,4.5,0.0,2.1213203435596424,0.6226415094339622
2.622769496198941,FUZZY_OPTUNA_DARTS,0.36111111111111116,2026-08-22_12-39-59,0.2,XOR,3.0,1.0,0.0,1.1547005383792515,False,1.5,2,2,5,6,1,6,0,5,2,2.0,1.0,0.0,0.816496580927726,0.3333333333333333,2.622769496198941,5.0,2.0,0.0,1.632993161855452,0.375
8.268924586700258,FUZZY_OPTUNA_DARTS,0.5714285714285714,2026-08-22_12-43-16,0.19047619047619047,XOR,4.0,1.1428571428571428,0.0,1.5518257844571737,False,1.3,2,2,5,8,2,7,0,6,3,2.0,1.1428571428571428,0.0,0.989743318610787,0.25,8.268924586700258,5.0,2.2857142857142856,0.0,1.749635530559413,0.6
1.6511899595087087,FUZZY_OPTUNA_DARTS,0.6666666666666666,2026-08-22_12-54-37,0.25,XOR,3.0,1.0,0.0,1.2649110640673518,True,1.1666666666666667,2,1,4,5,1,5,0,5,2,2.0,1.0,0.0,0.8944271909999159,0.0,1.6511899595087087,3.0,2.0,0.0,1.0954451150103321,0.75
1.0234397779470468,FUZZY_OPTUNA_DARTS,0.5714285714285714,2026-08-22_13-02-42,0.30952380952380953,XOR,4.0,1.8571428571428572,0.0,1.7261494247992246,False,1.3333333333333333,2,3,6,13,1,7,0,5,2,3.0,1.8571428571428572,0.0,1.2453996981544782,0.46153846153846156,1.0234397779470468,7.0,3.7142857142857144,0.0,2.1189138534559038,0.5769230769230769
0.8945371358576322,FUZZY_OPTUNA_DARTS,0.8,2026-08-22_13-08-16,0.4,XOR,4.0,1.6,0.0,1.624807680927192,False,1.3,2,2,5,8,0,5,0,4,1,2.0,1.6,0.0,0.8,0.25,0.8945371358576322,5.0,3.2,2.0,1.1661903789690602,0.6
1.1273910325885823,FUZZY_OPTUNA_DARTS,0.5,2026-08-22_13-21-17,0.14285714285714285,XOR,4.0,1.0,0.0,1.5,False,1.3,2,2,5,8,3,8,0,7,4,2.0,1.0,0.0,1.0,0.25,1.1273910325885823,5.0,2.0,0.0,1.8027756377319946,0.6
3.533910074733787,FUZZY_OPTUNA_DARTS,0.8,2026-08-22_13-54-28,0.35,XOR,4.0,1.4,0.0,1.4966629547095767,True,1.3,2,1,5,7,0,5,0,5,1,2.0,1.4,0.0,0.8,0.0,3.533910074733787,4.0,2.8,2.0,0.9797958971132712,0.6
5.671550824660959,FUZZY_OPTUNA_DARTS,0.6666666666666666,2026-08-22_14-03-37,0.25,XOR,3.0,1.0,0.0,1.2649110640673518,True,1.1666666666666667,2,1,4,5,1,5,0,5,2,2.0,1.0,0.0,0.8944271909999159,0.0,5.671550824660959,3.0,2.0,0.0,1.0954451150103321,0.75
6.349304717897568,FUZZY_OPTUNA_DARTS,0.6666666666666666,2026-08-22_14-05-09,0.26666666666666666,XOR,4.0,1.3333333333333333,0.0,1.5986105077709065,False,1.3,2,2,5,8,1,6,0,5,2,2.0,1.3333333333333333,0.0,0.9428090415820634,0.25,6.349304717897568,5.0,2.6666666666666665,0.0,1.5986105077709065,0.6
1.4661489841980202,FUZZY_OPTUNA_DARTS,0.18518518518518517,2026-08-22_14-13-58,0.1388888888888889,XOR,3.0,1.1111111111111112,0.0,1.286204100310025,False,1.4,2,2,6,10,3,9,0,8,4,2.0,1.1111111111111112,0.0,0.9938079899999065,0.2,1.4661489841980202,5.0,2.2222222222222223,0.0,1.8121673811444545,0.3
2.2672639770350953,FUZZY_OPTUNA_DARTS,0.6666666666666666,2026-08-22_14-32-49,0.25,XOR,3.0,1.0,0.0,1.2649110640673518,True,1.1666666666666667,2,1,4,5,1,5,0,5,2,2.0,1.0,0.0,0.8944271909999159,0.0,2.2672639770350953,3.0,2.0,0.0,1.0954451150103321,0.75
2.5379012722023235,FUZZY_OPTUNA_DARTS,0.6666666666666666,2026-08-22_14-32-58,0.25,XOR,3.0,1.0,0.0,1.2649110640673518,True,1.1666666666666667,2,1,4,5,1,5,0,5,2,2.0,1.0,0.0,0.8944271909999159,0.0,2.5379012722023235,3.0,2.0,0.0,1.0954451150103321,0.75
2.421559889407943,FUZZY_OPTUNA_DARTS,0.47619047619047616,2026-08-22_14-58-03,0.19047619047619047,XOR,4.0,1.1428571428571428,0.0,1.4568627181693672,True,1.2,2,1,5,8,2,7,0,7,3,3.0,1.1428571428571428,0.0,1.2453996981544782,0.0,2.421559889407943,4.0,2.2857142857142856,0.0,1.4846149779161806,0.6666666666666666
1.063677337623774,FUZZY_OPTUNA_DARTS,0.3833333333333333,2026-08-22_14-55-01,0.2,XOR,5.0,1.8,0.0,1.9390719429665315,False,1.3333333333333333,2,4,7,18,3,10,0,7,4,4.0,1.8,0.0,1.5362291495737217,0.4444444444444444,1.063677337623774,7.0,3.6,0.0,2.6532998322843198,0.5869565217391305
7.902588876186919,FUZZY_OPTUNA_DARTS,0.6666666666666666,2026-08-22_15-11-56,0.4,XOR,4.0,1.6,0.0,1.4966629547095767,True,1.2,2,1,5,8,0,5,0,5,1,3.0,1.6,0.0,1.2,0.0,7.902588876186919,4.0,3.2,3.0,0.4,0.6666666666666666
2.9868005611723314,FUZZY_OPTUNA_DARTS,0.5866666666666667,2026-08-22_15-08-59,0.26666666666666666,XOR,7.0,2.4,0.0,2.4166091947189146,False,1.25,2,4,8,24,2,10,0,7,3,5.0,2.4,0.0,1.8547236990991407,0.25,2.9868005611723314,9.0,4.8,0.0,2.85657137141714,0.6875
2.533335077169208,FUZZY_OPTUNA_DARTS,0.5555555555555555,2026-08-22_15-27-51,0.3,XOR,4.0,1.5,0.0,1.6072751268321592,False,1.2,2,1,5,9,1,6,1,6,2,3.0,1.5,0.0,1.2583057392117916,0.0,2.533335077169208,5.0,3.0,0.0,1.5275252316519468,0.6666666666666666
2.128824607878372,FUZZY_OPTUNA_DARTS,0.25666666666666665,2026-08-22_15-23-16,0.24444444444444444,XOR,6.0,2.2,0.0,1.98997487421324,False,1.5833333333333333,3,5,9,22,1,10,0,6,2,5.0,2.2,0.0,1.7204650534085253,0.36363636363636365,2.128824607878372,8.0,4.4,0.0,2.2,0.3387096774193548
0.82414314150563,FUZZY_OPTUNA_DARTS,0.8999999999999999,2026-08-22_15-34-24,0.5666666666666667,XOR,5.0,2.8333333333333335,0.0,2.1147629234082532,False,1.1333333333333333,2,3,6,17,0,6,2,4,1,4.0,2.8333333333333335,0.0,1.3437096247164249,0.23529411764705882,0.82414314150563,9.0,5.666666666666667,3.0,1.9720265943665387,0.8666666666666667
1.2444937328242727,FUZZY_OPTUNA_DARTS,0.37037037037037035,2026-08-22_15-32-53,0.2916666666666667,XOR,5.0,2.3333333333333335,0.0,1.9436506316151,False,1.3928571428571428,2,5,8,21,1,9,1,5,2,4.0,2.3333333333333335,0.0,1.4907119849998598,0.2857142857142857,1.2444937328242727,8.0,4.666666666666667,0.0,2.3570226039551585,0.4067796610169492
2.173965102286138,FUZZY_OPTUNA_DARTS,0.26666666666666666,2026-08-22_15-45-03,0.1111111111111111,XOR,4.0,1.0,0.0,1.4142135623730951,False,1.4666666666666666,3,2,6,10,4,10,0,9,5,3.0,1.0,0.0,1.2649110640673518,0.2,2.173965102286138,5.0,2.0,0.0,1.8439088914585775,0.45
3.654753813192928,FUZZY_OPTUNA_DARTS,0.6666666666666666,2026-08-22_15-53-54,0.25,XOR,3.0,1.0,0.0,1.2649110640673518,True,1.1666666666666667,2,1,4,5,1,5,0,5,2,2.0,1.0,0.0,0.8944271909999159,0.0,3.654753813192928,3.0,2.0,0.0,1.0954451150103321,0.75
0.9234797197522169,FUZZY_OPTUNA_DARTS,0.41111111111111115,2026-08-22_16-01-27,0.2361111111111111,XOR,5.0,1.8888888888888888,0.0,1.9688939051854835,False,1.2857142857142858,2,2,7,17,2,9,0,7,3,4.0,1.8888888888888888,0.0,1.6629588385661962,0.23529411764705882,0.9234797197522169,6.0,3.7777777777777777,0.0,2.096440251568134,0.54
0.9729262999605335,FUZZY_OPTUNA_DARTS,0.5894179894179894,2026-08-22_16-13-08,0.3611111111111111,XOR,7.0,2.888888888888889,0.0,2.5141574442188355,False,1.3214285714285714,2,5,8,26,1,9,2,5,2,4.0,2.888888888888889,0.0,1.5947444549341472,0.38461538461538464,0.9729262999605335,9.0,5.777777777777778,0.0,2.739739556875101,0.6075949367088608
1.1205709826908845,FUZZY_OPTUNA_DARTS,0.6666666666666666,2026-08-22_16-20-55,0.25,XOR,3.0,1.0,0.0,1.2649110640673518,True,1.1666666666666667,2,1,4,5,1,5,0,5,2,2.0,1.0,0.0,0.8944271909999159,0.0,1.1205709826908845,3.0,2.0,0.0,1.0954451150103321,0.75
2.4671320483724744,FUZZY_OPTUNA_DARTS,0.18666666666666668,2026-08-22_16-17-48,0.2111111111111111,XOR,4.0,1.9,0.0,1.445683229480096,False,1.5277777777777777,2,5,9,19,1,10,0,6,2,3.0,1.9,0.0,1.2206555615733703,0.21052631578947367,2.4671320483724744,6.0,3.8,0.0,1.7204650534085253,0.23076923076923078
0.8894640612236568,FUZZY_OPTUNA_DARTS,0.42666666666666664,2026-08-22_16-22-08,0.18888888888888888,XOR,5.0,1.7,0.0,1.8466185312619388,False,1.2857142857142858,2,3,7,17,3,10,0,8,4,4.0,1.7,0.0,1.7349351572897473,0.23529411764705882,0.8894640612236568,6.0,3.4,0.0,2.3323807579381204,0.5882352941176471
1.2059399977051903,FUZZY_OPTUNA_DARTS,0.5333333333333333,2026-08-22_16-57-00,0.35,XOR,3.0,1.4,0.0,1.2,False,1.5,3,1,5,7,0,5,1,5,1,3.0,1.4,0.0,1.019803902718557,0.0,1.2059399977051903,3.0,2.8,2.0,0.4,0.6
2.1618464014082712,FUZZY_OPTUNA_DARTS,0.8,2026-08-22_16-59-15,0.4,XOR,4.0,1.6,0.0,1.624807680927192,False,1.3,2,2,5,8,0,5,0,4,1,2.0,1.6,0.0,0.8,0.25,2.1618464014082712,5.0,3.2,2.0,1.1661903789690602,0.6
10.931995921191909,FUZZY_OPTUNA_DARTS,0.6,2026-08-22_17-12-23,0.43333333333333335,XOR,5.0,2.1666666666666665,0.0,1.7716909687891083,False,1.2666666666666666,2,2,6,13,0,6,1,5,1,4.0,2.1666666666666665,0.0,1.3437096247164249,0.15384615384615385,10.931995921191909,6.0,4.333333333333333,3.0,1.1055415967851332,0.5806451612903226
0.814091770279353,FUZZY_OPTUNA_DARTS,0.6666666666666666,2026-08-22_17-29-52,0.26666666666666666,XOR,4.0,1.3333333333333333,0.0,1.5986105077709065,False,1.3,2,2,5,8,1,6,0,5,2,2.0,1.3333333333333333,0.0,0.9428090415820634,0.25,0.814091770279353,5.0,2.6666666666666665,0.0,1.5986105077709065,0.6
0.8806458081516045,FUZZY_OPTUNA_DARTS,0.5833333333333334,2026-08-22_17-24-35,0.4666666666666667,XOR,7.0,4.2,0.0,2.4,False,1.3111111111111111,2,7,10,42,0,10,4,4,1,6.0,4.2,0.0,1.7204650534085253,0.3333333333333333,0.8806458081516045,11.0,8.4,6.0,1.7435595774162693,0.5853658536585366
0.8034044664706835,FUZZY_OPTUNA_DARTS,0.8026455026455025,2026-08-22_17-53-11,0.6111111111111112,XOR,8.0,4.888888888888889,0.0,2.8458329944145992,False,1.1666666666666667,2,6,9,44,0,9,5,4,1,7.0,4.888888888888889,0.0,1.852592444503674,0.4090909090909091,0.8034044664706835,14.0,9.777777777777779,6.0,2.7799991118215117,0.8023255813953488
0.9164697708915892,FUZZY_OPTUNA_DARTS,0.5592592592592593,2026-08-22_18-42-56,0.3888888888888889,XOR,6.0,3.111111111111111,0.0,2.282515398241571,False,1.25,2,5,8,28,1,9,1,5,2,5.0,3.111111111111111,0.0,1.9116278371205837,0.42857142857142855,0.9164697708915892,9.0,6.222222222222222,0.0,2.698879511442471,0.6333333333333333
4.474830537970237,FUZZY_OPTUNA_DARTS,0.6666666666666666,2026-08-22_19-13-30,0.26666666666666666,XOR,4.0,1.3333333333333333,0.0,1.5986105077709065,False,1.3,2,2,5,8,1,6,0,5,2,2.0,1.3333333333333333,0.0,0.9428090415820634,0.25,4.474830537970237,5.0,2.6666666666666665,0.0,1.5986105077709065,0.6
3.071106911533268,FUZZY_OPTUNA_DARTS,0.6666666666666666,2026-08-22_19-20-44,0.4,XOR,4.0,1.6,0.0,1.4966629547095767,True,1.2,2,1,5,8,0,5,0,5,1,3.0,1.6,0.0,1.2,0.0,3.071106911533268,4.0,3.2,3.0,0.4,0.6666666666666666
0.960622113115412,FUZZY_OPTUNA_DARTS,0.8,2026-08-22_19-24-24,0.4,XOR,4.0,1.6,0.0,1.624807680927192,False,1.3,2,2,5,8,0,5,0,4,1,2.0,1.6,0.0,0.8,0.25,0.960622113115412,5.0,3.2,2.0,1.1661903789690602,0.6
1.5250541727706126,FUZZY_OPTUNA_DARTS,0.8,2026-08-22_19-28-24,0.45,XOR,4.0,1.8,0.0,1.6,False,1.3,2,2,5,9,0,5,1,4,1,3.0,1.8,0.0,0.9797958971132712,0.2222222222222222,1.5250541727706126,5.0,3.6,2.0,1.3564659966250536,0.6
0.924750318431832,FUZZY_OPTUNA_DARTS,0.47619047619047616,2026-08-22_19-34-10,0.11904761904761904,XOR,3.0,0.7142857142857143,0.0,1.1605769149479943,True,1.1666666666666667,2,1,4,5,3,7,0,7,4,2.0,0.7142857142857143,0.0,0.8806305718527109,0.0,0.924750318431832,3.0,1.4285714285714286,0.0,1.2936264483053452,0.75
0.993408739214293,FUZZY_OPTUNA_DARTS,0.8952380952380952,2026-08-22_19-53-14,0.5892857142857143,XOR,7.0,4.125,0.0,2.521780125229002,False,1.1428571428571428,2,5,8,33,0,8,2,4,1,6.0,4.125,0.0,1.7633419974582356,0.42424242424242425,0.993408739214293,12.0,8.25,4.0,2.680951323690902,0.8709677419354839
0.8528304430904599,FUZZY_OPTUNA_DARTS,0.6666666666666666,2026-08-22_20-02-13,0.4,XOR,4.0,1.6,0.0,1.4966629547095767,True,1.2,2,1,5,8,0,5,0,5,1,3.0,1.6,0.0,1.2,0.0,0.8528304430904599,4.0,3.2,3.0,0.4,0.6666666666666666
0.8243894676317592,FUZZY_OPTUNA_DARTS,0.6944444444444445,2026-08-22_20-05-35,0.4,XOR,4.0,2.0,0.0,1.7320508075688772,False,1.3333333333333333,2,1,6,12,0,6,2,6,1,3.0,2.0,0.0,1.1547005383792515,0.0,0.8243894676317592,7.0,4.0,3.0,1.4142135623730951,0.75
1.612345335232348,FUZZY_OPTUNA_DARTS,0.0,2026-08-22_20-07-21,0.2,XOR,2.0,1.0,0.0,1.0,True,1.4,2,1,5,6,1,6,0,6,2,2.0,1.0,0.0,0.816496580927726,0.0,1.612345335232348,3.0,2.0,0.0,1.0,0.0
3.1374637137500585,FUZZY_OPTUNA_DARTS,0.09259259259259259,2026-08-22_20-16-54,0.16666666666666666,XOR,3.0,1.3333333333333333,0.0,1.3333333333333333,False,1.5238095238095237,2,3,7,12,2,9,0,7,3,3.0,1.3333333333333333,0.0,1.0540925533894598,0.3333333333333333,3.1374637137500585,5.0,2.6666666666666665,0.0,1.8856180831641267,0.14285714285714285
1.7569486504070564,FUZZY_OPTUNA_DARTS,0.6,2026-08-22_20-24-30,0.5333333333333333,XOR,5.0,2.6666666666666665,0.0,1.9720265943665387,False,1.2666666666666666,2,3,6,16,0,6,2,4,1,4.0,2.6666666666666665,0.0,1.247219128924647,0.375,1.7569486504070564,8.0,5.333333333333333,3.0,2.0548046676563256,0.5806451612903226
0.8993283895673526,FUZZY_OPTUNA_DARTS,0.7870370370370371,2026-08-22_20-39-30,0.5972222222222222,XOR,8.0,4.777777777777778,0.0,2.698879511442471,False,1.1944444444444444,2,6,9,43,0,9,3,4,1,7.0,4.777777777777778,0.0,1.9309052441091963,0.5116279069767442,0.8993283895673526,14.0,9.555555555555555,5.0,2.753224820747526,0.782608695652174
5.111565492683872,FUZZY_OPTUNA_DARTS,0.6666666666666666,2026-08-22_20-46-23,0.25,XOR,3.0,1.0,0.0,1.2649110640673518,True,1.1666666666666667,2,1,4,5,1,5,0,5,2,2.0,1.0,0.0,0.8944271909999159,0.0,5.111565492683872,3.0,2.0,0.0,1.0954451150103321,0.75
1.3864265104690747,FUZZY_OPTUNA_DARTS,0.7374999999999999,2026-08-22_20-48-37,0.375,XOR,5.0,2.625,0.0,2.117634293262177,False,1.2857142857142858,2,4,7,21,1,8,2,5,2,4.0,2.625,0.0,1.653594569415369,0.38095238095238093,1.3864265104690747,9.0,5.25,0.0,3.2307119958300214,0.7636363636363637
3.5848343785237735,FUZZY_OPTUNA_DARTS,0.8,2026-08-22_20-58-11,0.4,XOR,4.0,1.6,0.0,1.624807680927192,False,1.3,2,2,5,8,0,5,0,4,1,2.0,1.6,0.0,0.8,0.25,3.5848343785237735,5.0,3.2,2.0,1.1661903789690602,0.6
0.9792202217544452,FUZZY_OPTUNA_DARTS,0.6666666666666666,2026-08-22_21-25-53,0.26666666666666666,XOR,4.0,1.3333333333333333,0.0,1.5986105077709065,False,1.3,2,2,5,8,1,6,0,5,2,2.0,1.3333333333333333,0.0,0.9428090415820634,0.25,0.9792202217544452,5.0,2.6666666666666665,0.0,1.5986105077709065,0.6
2.867015738023315,FUZZY_OPTUNA_DARTS,0.6666666666666666,2026-08-22_21-29-40,0.4,XOR,4.0,1.6,0.0,1.4966629547095767,True,1.2,2,1,5,8,0,5,0,5,1,3.0,1.6,0.0,1.2,0.0,2.867015738023315,4.0,3.2,3.0,0.4,0.6666666666666666
0.9156093567432695,FUZZY_OPTUNA_DARTS,0.37500000000000006,2026-08-22_21-41-29,0.35714285714285715,XOR,6.0,2.5,0.0,1.9364916731037085,False,1.3571428571428572,2,2,8,20,0,8,1,7,1,5.0,2.5,0.0,2.0,0.1,0.9156093567432695,6.0,5.0,4.0,0.8660254037844386,0.4090909090909091
6.016414090403507,FUZZY_OPTUNA_DARTS,0.6666666666666666,2026-08-22_21-53-36,0.4,XOR,4.0,1.6,0.0,1.4966629547095767,True,1.2,2,1,5,8,0,5,0,5,1,3.0,1.6,0.0,1.2,0.0,6.016414090403507,4.0,3.2,3.0,0.4,0.6666666666666666
0.8506818082986041,FUZZY_OPTUNA_DARTS,0.8825396825396825,2026-08-22_21-50-36,0.6388888888888888,XOR,8.0,5.111111111111111,0.0,2.8065179867366865,False,1.1388888888888888,2,6,9,46,0,9,5,4,1,7.0,5.111111111111111,0.0,2.0245407953653998,0.43478260869565216,0.8506818082986041,14.0,10.222222222222221,6.0,3.154459903684087,0.8617021276595744
7.318300354486261,FUZZY_OPTUNA_DARTS,0.5555555555555555,2026-08-22_22-01-25,0.16666666666666666,XOR,3.0,0.8333333333333334,0.0,1.2133516482134197,True,1.1666666666666667,2,1,4,5,2,6,0,6,3,2.0,0.8333333333333334,0.0,0.8975274678557507,0.0,7.318300354486261,3.0,1.6666666666666667,0.0,1.247219128924647,0.75
1.2224794470982365,FUZZY_OPTUNA_DARTS,0.6428571428571429,2026-08-22_22-06-18,0.2857142857142857,XOR,4.0,1.7142857142857142,0.0,1.979486637221574,False,1.1,2,2,5,12,2,7,2,6,3,3.0,1.7142857142857142,0.0,1.4846149779161806,0.16666666666666666,1.2224794470982365,7.0,3.4285714285714284,0.0,2.6649654437396615,0.875
2.1357082373864467,FUZZY_OPTUNA_DARTS,0.8,2026-08-22_22-19-34,0.45,XOR,4.0,1.8,0.0,1.6,False,1.3,2,2,5,9,0,5,1,4,1,3.0,1.8,0.0,0.9797958971132712,0.2222222222222222,2.1357082373864467,5.0,3.6,2.0,1.3564659966250536,0.6
3.802056888791459,FUZZY_OPTUNA_DARTS,0.0,2026-08-22_22-21-00,0.25,XOR,2.0,1.0,0.0,0.8944271909999159,True,1.6,3,1,5,5,0,5,0,5,1,2.0,1.0,0.0,0.8944271909999159,0.0,3.802056888791459,3.0,2.0,1.0,0.6324555320336759,0.0
0.800467854568059,FUZZY_OPTUNA_DARTS,0.8616402116402115,2026-08-22_22-29-24,0.5972222222222222,XOR,8.0,4.777777777777778,0.0,2.7799991118215117,False,1.1388888888888888,2,6,9,43,0,9,3,4,1,6.0,4.777777777777778,0.0,1.9309052441091963,0.4186046511627907,0.800467854568059,13.0,9.555555555555555,5.0,2.629368792488718,0.8502673796791443
5.3898121169252295,FUZZY_OPTUNA_DARTS,0.0,2026-08-22_22-33-52,0.19444444444444445,XOR,4.0,1.5555555555555556,0.0,1.4989708403591158,False,1.5238095238095237,3,3,7,14,2,9,1,7,3,3.0,1.5555555555555556,0.0,1.2570787221094177,0.2857142857142857,5.3898121169252295,5.0,3.111111111111111,0.0,1.9688939051854835,0.0
8.872463098848812,FUZZY_OPTUNA_DARTS,0.6238095238095237,2026-08-22_22-44-03,0.30952380952380953,XOR,5.0,1.8571428571428572,0.0,1.8070158058105026,False,1.2,2,2,6,13,1,7,0,6,2,4.0,1.8571428571428572,0.0,1.4568627181693672,0.15384615384615385,8.872463098848812,5.0,3.7142857142857144,0.0,1.665986255670086,0.7297297297297297
1.0836375144643535,FUZZY_OPTUNA_DARTS,0.6457142857142857,2026-08-22_22-41-49,0.25555555555555554,XOR,6.0,2.3,0.0,2.3259406699226015,False,1.3571428571428572,2,5,8,23,2,10,1,6,3,5.0,2.3,0.0,1.7349351572897473,0.34782608695652173,1.0836375144643535,11.0,4.6,0.0,3.006659275674582,0.7083333333333334
0.8963621968503563,FUZZY_OPTUNA_DARTS,0.48238095238095235,2026-08-22_22-50-49,0.3,XOR,6.0,2.7,0.0,2.147091055358389,False,1.3888888888888888,2,5,9,27,1,10,1,6,2,5.0,2.7,0.0,1.9,0.2962962962962963,0.8963621968503563,11.0,5.4,0.0,2.6907248094147422,0.5333333333333333
3.205042972628759,FUZZY_OPTUNA_DARTS,0.6666666666666666,2026-08-22_22-59-42,0.45,XOR,4.0,1.8,0.0,1.6,False,1.2,2,1,5,9,0,5,1,5,1,3.0,1.8,0.0,1.1661903789690602,0.0,3.205042972628759,5.0,3.6,3.0,0.8,0.6666666666666666
4.468188171864354,FUZZY_OPTUNA_DARTS,0.41666666666666663,2026-08-22_23-14-00,0.14285714285714285,XOR,4.0,1.0,0.0,1.4142135623730951,True,1.2,2,1,5,8,3,8,0,8,4,3.0,1.0,0.0,1.224744871391589,0.0,4.468188171864354,4.0,2.0,0.0,1.5811388300841898,0.6666666666666666
11.417858698437424,FUZZY_OPTUNA_DARTS,0.6666666666666666,2026-08-22_23-28-30,0.4,XOR,4.0,1.6,0.0,1.4966629547095767,True,1.2,2,1,5,8,0,5,0,5,1,3.0,1.6,0.0,1.2,0.0,11.417858698437424,4.0,3.2,3.0,0.4,0.6666666666666666
3.705507962565166,FUZZY_OPTUNA_DARTS,0.38888888888888895,2026-08-22_23-51-19,0.18055555555555555,XOR,4.0,1.4444444444444444,0.0,1.640535895581489,False,1.2666666666666666,2,3,6,13,3,9,0,7,4,4.0,1.4444444444444444,0.0,1.4229164972072996,0.3076923076923077,3.705507962565166,6.0,2.888888888888889,0.0,2.282515398241571,0.6774193548387096
0.9695128806463874,FUZZY_OPTUNA_DARTS,0.6666666666666666,2026-08-23_00-02-28,0.25,XOR,3.0,1.0,0.0,1.2649110640673518,True,1.1666666666666667,2,1,4,5,1,5,0,5,2,2.0,1.0,0.0,0.8944271909999159,0.0,0.9695128806463874,3.0,2.0,0.0,1.0954451150103321,0.75
1.3756983240223462,FUZZY_OPTUNA_DARTS,0.6133333333333333,2026-08-23_00-04-03,0.3888888888888889,XOR,7.0,3.5,0.0,2.5,False,1.2777777777777777,2,6,9,35,1,10,3,5,2,6.0,3.5,0.0,2.0615528128088303,0.34285714285714286,1.3756983240223462,11.0,7.0,0.0,3.0659419433511785,0.6744186046511628
3.2438424078388604,FUZZY_OPTUNA_DARTS,0.6666666666666666,2026-08-23_00-15-53,0.4,XOR,4.0,1.6,0.0,1.4966629547095767,True,1.2,2,1,5,8,0,5,0,5,1,3.0,1.6,0.0,1.2,0.0,3.2438424078388604,4.0,3.2,3.0,0.4,0.6666666666666666
1.035924942268214,FUZZY_OPTUNA_DARTS,0.6666666666666666,2026-08-23_00-18-07,0.4,XOR,4.0,1.6,0.0,1.4966629547095767,True,1.2,2,1,5,8,0,5,0,5,1,3.0,1.6,0.0,1.2,0.0,1.035924942268214,4.0,3.2,3.0,0.4,0.6666666666666666
0.890392227706853,FUZZY_OPTUNA_DARTS,0.7073809523809524,2026-08-23_00-12-16,0.4888888888888889,XOR,7.0,4.4,0.0,2.4576411454889016,False,1.2222222222222223,2,7,10,44,0,10,1,4,1,7.0,4.4,0.0,2.1540659228538015,0.36363636363636365,0.890392227706853,13.0,8.8,6.0,1.98997487421324,0.7075471698113207
2.653277348178001,FUZZY_OPTUNA_DARTS,0.6666666666666666,2026-08-23_00-20-22,0.25,XOR,3.0,1.0,0.0,1.2649110640673518,True,1.1666666666666667,2,1,4,5,1,5,0,5,2,2.0,1.0,0.0,0.8944271909999159,0.0,2.653277348178001,3.0,2.0,0.0,1.0954451150103321,0.75
8.181210652570194,FUZZY_OPTUNA_DARTS,0.6666666666666666,2026-08-23_00-40-35,0.4,XOR,4.0,1.6,0.0,1.4966629547095767,True,1.2,2,1,5,8,0,5,0,5,1,3.0,1.6,0.0,1.2,0.0,8.181210652570194,4.0,3.2,3.0,0.4,0.6666666666666666
0.8538591992976,FUZZY_OPTUNA_DARTS,0.6630952380952382,2026-08-23_00-48-50,0.44642857142857145,XOR,6.0,3.125,0.0,2.2603926650031405,False,1.3214285714285714,2,5,8,25,0,8,1,4,1,4.0,3.125,0.0,1.2686114456365274,0.4,0.8538591992976,10.0,6.25,4.0,2.222048604328897,0.6075949367088608
9.080410831131159,FUZZY_OPTUNA_DARTS,0.5714285714285714,2026-08-23_01-03-39,0.19047619047619047,XOR,4.0,1.1428571428571428,0.0,1.5518257844571737,False,1.3,2,2,5,8,2,7,0,6,3,2.0,1.1428571428571428,0.0,0.989743318610787,0.25,9.080410831131159,5.0,2.2857142857142856,0.0,1.749635530559413,0.6
1.0077570637055233,FUZZY_OPTUNA_DARTS,0.6666666666666666,2026-08-23_01-08-56,0.4,XOR,4.0,1.6,0.0,1.4966629547095767,True,1.2,2,1,5,8,0,5,0,5,1,3.0,1.6,0.0,1.2,0.0,1.0077570637055233,4.0,3.2,3.0,0.4,0.6666666666666666
0.8253305533396124,FUZZY_OPTUNA_DARTS,0.6666666666666666,2026-08-23_01-21-03,0.25,XOR,3.0,1.0,0.0,1.2649110640673518,True,1.1666666666666667,2,1,4,5,1,5,0,5,2,2.0,1.0,0.0,0.8944271909999159,0.0,0.8253305533396124,3.0,2.0,0.0,1.0954451150103321,0.75
1.6615999724808879,FUZZY_OPTUNA_DARTS,0.7238095238095238,2026-08-23_01-19-14,0.47619047619047616,XOR,5.0,2.857142857142857,0.0,1.9587584572574412,False,1.2857142857142858,2,4,7,20,0,7,1,4,1,4.0,2.857142857142857,0.0,1.355261854357877,0.4,1.6615999724808879,9.0,5.714285714285714,3.0,1.979486637221574,0.6792452830188679
1.0739172339917349,FUZZY_OPTUNA_DARTS,0.5933333333333334,2026-08-23_01-33-58,0.4,XOR,7.0,3.6,0.0,2.537715508089904,False,1.3055555555555556,2,6,9,36,1,10,1,5,2,5.0,3.6,0.0,1.9078784028338913,0.5555555555555556,1.0739172339917349,11.0,7.2,0.0,3.249615361854384,0.625
0.924610845645806,FUZZY_OPTUNA_DARTS,0.5985714285714285,2026-08-23_01-35-04,0.4,XOR,6.0,3.6,0.0,2.4576411454889016,False,1.2777777777777777,2,6,9,36,1,10,3,5,2,6.0,3.6,0.0,2.009975124224178,0.3888888888888889,0.924610845645806,12.0,7.2,0.0,3.340658617698013,0.65625
1.613080847618748,FUZZY_OPTUNA_DARTS,0.7277777777777777,2026-08-23_01-46-38,0.4666666666666667,XOR,5.0,2.3333333333333335,0.0,1.7950549357115013,False,1.2,2,3,6,14,0,6,0,4,1,4.0,2.3333333333333335,0.0,1.247219128924647,0.2857142857142857,1.613080847618748,6.0,4.666666666666667,3.0,0.9428090415820634,0.7297297297297297
0.8417830736187344,FUZZY_OPTUNA_DARTS,0.7666666666666666,2026-08-23_01-49-53,0.4666666666666667,XOR,4.0,2.3333333333333335,0.0,1.699673171197595,False,1.2666666666666666,2,3,6,14,0,6,1,4,1,4.0,2.3333333333333335,0.0,1.4907119849998598,0.2857142857142857,0.8417830736187344,7.0,4.666666666666667,1.0,2.0548046676563256,0.8823529411764706
6.998395375369948,FUZZY_OPTUNA_DARTS,0.4777777777777778,2026-08-23_01-51-31,0.26666666666666666,XOR,3.0,1.3333333333333333,0.0,1.247219128924647,False,1.5333333333333334,2,2,6,8,0,6,0,5,1,3.0,1.3333333333333333,0.0,0.9428090415820634,0.25,6.998395375369948,6.0,2.6666666666666665,1.0,1.699673171197595,0.4
4.601463019402542,FUZZY_OPTUNA_DARTS,0.6777777777777777,2026-08-23_01-55-00,0.36666666666666664,XOR,3.0,1.8333333333333333,0.0,1.3437096247164249,False,1.4,2,3,6,11,0,6,0,4,1,3.0,1.8333333333333333,0.0,1.0671873729054748,0.36363636363636365,4.601463019402542,6.0,3.6666666666666665,1.0,1.7950549357115013,0.6521739130434783
0.8372054978411302,FUZZY_OPTUNA_DARTS,0.9,2026-08-23_01-59-22,0.5,XOR,4.0,2.0,0.0,1.6733200530681511,False,1.1,2,1,5,10,0,5,1,5,1,3.0,2.0,0.0,1.2649110640673518,0.0,0.8372054978411302,6.0,4.0,3.0,1.0954451150103321,0.875
6.2349580877482245,FUZZY_OPTUNA_DARTS,0.55,2026-08-23_02-11-43,0.39285714285714285,XOR,6.0,2.75,0.0,2.277608394786075,False,1.2380952380952381,2,4,7,22,1,8,1,5,2,4.0,2.75,0.0,1.6393596310755,0.45454545454545453,6.2349580877482245,10.0,5.5,0.0,2.7838821814150108,0.6206896551724138
4.6578225472339385,FUZZY_OPTUNA_DARTS,0.5555555555555555,2026-08-23_02-26-21,0.26666666666666666,XOR,4.0,1.3333333333333333,0.0,1.4907119849998598,True,1.2,2,1,5,8,1,6,0,6,2,3.0,1.3333333333333333,0.0,1.247219128924647,0.0,4.6578225472339385,4.0,2.6666666666666665,0.0,1.247219128924647,0.6666666666666666
3.205338361625056,FUZZY_OPTUNA_DARTS,0.75,2026-08-23_02-45-53,0.3333333333333333,XOR,4.0,1.6666666666666667,0.0,1.699673171197595,False,1.1,2,1,5,10,1,6,1,6,2,3.0,1.6666666666666667,0.0,1.3743685418725535,0.0,3.205338361625056,6.0,3.3333333333333335,0.0,1.7950549357115013,0.875
5.221540177673334,FUZZY_OPTUNA_DARTS,0.5458333333333333,2026-08-23_02-56-47,0.23214285714285715,XOR,5.0,1.625,0.0,1.8666480653835098,False,1.2,2,1,6,13,2,8,1,8,3,4.0,1.625,0.0,1.5761900266148114,0.0,5.221540177673334,6.0,3.25,0.0,2.0463381929681126,0.7297297297297297
4.29246551809328,FUZZY_OPTUNA_DARTS,0.36111111111111116,2026-08-23_03-05-56,0.2,XOR,3.0,1.0,0.0,1.1547005383792515,False,1.5,2,2,5,6,1,6,0,5,2,2.0,1.0,0.0,0.816496580927726,0.3333333333333333,4.29246551809328,5.0,2.0,0.0,1.632993161855452,0.375
1.1239338336322884,FUZZY_OPTUNA_DARTS,0.9,2026-08-23_03-15-04,0.5,XOR,4.0,2.0,0.0,1.6733200530681511,False,1.1,2,1,5,10,0,5,1,5,1,3.0,2.0,0.0,1.2649110640673518,0.0,1.1239338336322884,6.0,4.0,3.0,1.0954451150103321,0.875
9.44969995778044,FUZZY_OPTUNA_DARTS,0.4333333333333334,2026-08-23_03-32-44,0.3,XOR,3.0,1.2,0.0,1.1661903789690602,False,1.5,2,2,5,6,0,5,0,4,1,2.0,1.2,0.0,0.7483314773547883,0.3333333333333333,9.44969995778044,5.0,2.4,1.0,1.4966629547095767,0.375
3.6286875539700088,FUZZY_OPTUNA_DARTS,0.6666666666666666,2026-08-23_03-33-37,0.3,XOR,3.0,1.2,0.0,1.1661903789690602,False,1.1666666666666667,2,1,4,6,0,5,1,5,2,2.0,1.2,0.0,0.7483314773547883,0.0,3.6286875539700088,3.0,2.4,2.0,0.4898979485566356,0.75
5.7423335746681845,FUZZY_OPTUNA_DARTS,0.6481481481481481,2026-08-23_03-32-25,0.3194444444444444,XOR,6.0,2.5555555555555554,0.0,2.3622546250521443,False,1.1428571428571428,2,4,7,23,2,9,0,6,3,5.0,2.5555555555555554,0.0,1.892154040658489,0.43478260869565216,5.7423335746681845,9.0,5.111111111111111,0.0,3.0711722135745005,0.8289473684210527
0.8230226706282998,FUZZY_OPTUNA_DARTS,0.6708333333333334,2026-08-23_03-37-27,0.35714285714285715,XOR,6.0,2.5,0.0,2.179449471770337,False,1.1904761904761905,2,4,7,20,1,8,1,5,2,4.0,2.5,0.0,1.6583123951777,0.2,0.8230226706282998,8.0,5.0,0.0,2.23606797749979,0.75
3.6478004506588304,FUZZY_OPTUNA_DARTS,0.5555555555555555,2026-08-23_04-25-41,0.16666666666666666,XOR,3.0,0.8333333333333334,0.0,1.2133516482134197,True,1.1666666666666667,2,1,4,5,2,6,0,6,3,2.0,0.8333333333333334,0.0,0.8975274678557507,0.0,3.6478004506588304,3.0,1.6666666666666667,0.0,1.247219128924647,0.75
1.023036051590552,FUZZY_OPTUNA_DARTS,0.7238095238095238,2026-08-23_04-36-57,0.38095238095238093,XOR,5.0,2.2857142857142856,0.0,2.0503857277724746,False,1.2,2,3,6,16,1,7,2,5,2,4.0,2.2857142857142856,0.0,1.4846149779161806,0.25,1.023036051590552,8.0,4.571428571428571,0.0,2.498979383505129,0.7894736842105263
1.6598364521790547,FUZZY_OPTUNA_DARTS,0.5555555555555555,2026-08-23_05-08-39,0.16666666666666666,XOR,3.0,0.8333333333333334,0.0,1.2133516482134197,True,1.1666666666666667,2,1,4,5,2,6,0,6,3,2.0,0.8333333333333334,0.0,0.8975274678557507,0.0,1.6598364521790547,3.0,1.6666666666666667,0.0,1.247219128924647,0.75
1.9571967443995526,FUZZY_OPTUNA_DARTS,0.7142857142857143,2026-08-23_05-23-09,0.5,XOR,5.0,3.0,0.0,2.138089935299395,False,1.2380952380952381,2,4,7,21,0,7,1,4,1,4.0,3.0,0.0,1.3093073414159544,0.38095238095238093,1.9571967443995526,9.0,6.0,4.0,1.8516401995451028,0.7
1.3087034583149024,FUZZY_OPTUNA_DARTS,0.7742857142857142,2026-08-23_05-54-15,0.4222222222222222,XOR,7.0,3.8,0.0,2.1354156504062622,False,1.4,2,7,10,38,0,10,3,4,1,7.0,3.8,0.0,2.039607805437114,0.42105263157894735,1.3087034583149024,12.0,7.6,2.0,3.3226495451672298,0.6690647482014388
3.6662785481847404,FUZZY_OPTUNA_DARTS,0.5555555555555555,2026-08-23_06-08-09,0.26666666666666666,XOR,4.0,1.3333333333333333,0.0,1.4907119849998598,True,1.2,2,1,5,8,1,6,0,6,2,3.0,1.3333333333333333,0.0,1.247219128924647,0.0,3.6662785481847404,4.0,2.6666666666666665,0.0,1.247219128924647,0.6666666666666666
0.9223468579118551,FUZZY_OPTUNA_DARTS,0.6414285714285715,2026-08-23_06-22-57,0.45555555555555555,XOR,7.0,4.1,0.0,2.808914381037628,False,1.2222222222222223,2,6,9,41,1,10,3,5,2,6.0,4.1,0.0,2.118962010041709,0.4878048780487805,0.9223468579118551,12.0,8.2,0.0,3.655133376499413,0.7094594594594594
5.780359781786905,FUZZY_OPTUNA_DARTS,0.6666666666666666,2026-08-23_06-35-33,0.25,XOR,3.0,1.0,0.0,1.2649110640673518,True,1.1666666666666667,2,1,4,5,1,5,0,5,2,2.0,1.0,0.0,0.8944271909999159,0.0,5.780359781786905,3.0,2.0,0.0,1.0954451150103321,0.75
1.0062652892762598,FUZZY_OPTUNA_DARTS,0.7142857142857143,2026-08-23_06-35-09,0.5238095238095238,XOR,6.0,3.142857142857143,0.0,2.231499907401901,False,1.2857142857142858,2,4,7,22,0,7,3,4,1,4.0,3.142857142857143,0.0,1.355261854357877,0.36363636363636365,1.0062652892762598,10.0,6.285714285714286,3.0,2.5475077857324298,0.6792452830188679
0.8070486507628483,FUZZY_OPTUNA_DARTS,0.7047619047619047,2026-08-23_06-40-08,0.4861111111111111,XOR,6.0,3.888888888888889,0.0,2.3778816176702997,False,1.2777777777777777,2,6,9,35,0,9,1,4,1,5.0,3.888888888888889,0.0,1.5234788000891208,0.45714285714285713,0.8070486507628483,11.0,7.777777777777778,4.0,2.249828525701843,0.6744186046511628
0.8005803683788991,FUZZY_OPTUNA_DARTS,0.45185185185185184,2026-08-23_06-56-18,0.25,XOR,5.0,2.0,0.0,1.9436506316151,False,1.3333333333333333,2,4,7,18,2,9,1,6,3,3.0,2.0,0.0,1.4142135623730951,0.3333333333333333,0.8005803683788991,7.0,4.0,0.0,2.5385910352879693,0.5333333333333333
0.8362327058968471,FUZZY_OPTUNA_DARTS,0.4444444444444444,2026-08-23_07-23-00,0.43333333333333335,XOR,4.0,2.1666666666666665,0.0,1.6749792701868151,False,1.3333333333333333,2,3,6,13,0,6,1,4,1,3.0,2.1666666666666665,0.0,1.0671873729054748,0.3076923076923077,0.8362327058968471,7.0,4.333333333333333,3.0,1.3743685418725535,0.48
1.2297477272761643,FUZZY_OPTUNA_DARTS,0.6996031746031746,2026-08-23_07-21-52,0.4777777777777778,XOR,7.0,4.3,0.0,2.4919871588754225,False,1.288888888888889,2,7,10,43,0,10,2,4,1,6.0,4.3,0.0,1.7349351572897473,0.4186046511627907,1.2297477272761643,12.0,8.6,5.0,2.4166091947189146,0.6684782608695652
4.097393064204618,FUZZY_OPTUNA_DARTS,0.6095238095238095,2026-08-23_07-33-11,0.40476190476190477,XOR,4.0,2.4285714285714284,0.0,1.6781914463529615,False,1.2857142857142858,2,3,7,17,0,7,0,5,1,4.0,2.4285714285714284,0.0,1.3997084244475304,0.23529411764705882,4.097393064204618,6.0,4.857142857142857,4.0,0.832993127835043,0.5882352941176471
1.0526926277181572,FUZZY_OPTUNA_DARTS,0.6666666666666666,2026-08-23_07-42-59,0.45,XOR,4.0,1.8,0.0,1.6,False,1.2,2,1,5,9,0,5,1,5,1,3.0,1.8,0.0,1.1661903789690602,0.0,1.0526926277181572,5.0,3.6,3.0,0.8,0.6666666666666666
0.8087833335847672,FUZZY_OPTUNA_DARTS,0.719047619047619,2026-08-23_08-03-42,0.3333333333333333,XOR,4.0,2.0,0.0,1.8516401995451028,False,1.2666666666666666,2,3,6,14,1,7,1,5,2,4.0,2.0,0.0,1.4142135623730951,0.2857142857142857,0.8087833335847672,8.0,4.0,0.0,2.32992949004287,0.7272727272727273
1.2610325473424573,FUZZY_OPTUNA_DARTS,0.6873015873015872,2026-08-23_08-01-55,0.4166666666666667,XOR,6.0,3.3333333333333335,0.0,2.2110831935702664,False,1.3333333333333333,2,6,9,30,0,9,1,4,1,5.0,3.3333333333333335,0.0,1.7638342073763937,0.3333333333333333,1.2610325473424573,10.0,6.666666666666667,4.0,2.309401076758503,0.6371681415929203
1.0091649898593438,FUZZY_OPTUNA_DARTS,0.23809523809523808,2026-08-23_08-28-11,0.2619047619047619,XOR,4.0,1.5714285714285714,0.0,1.5907898179514348,False,1.4,2,2,6,11,1,7,1,6,2,3.0,1.5714285714285714,0.0,1.0497813183356477,0.18181818181818182,1.0091649898593438,6.0,3.142857142857143,0.0,1.8844151368961313,0.3
1.0295009564331004,FUZZY_OPTUNA_DARTS,0.719047619047619,2026-08-23_08-53-16,0.3333333333333333,XOR,4.0,2.0,0.0,1.8516401995451028,False,1.2666666666666666,2,3,6,14,1,7,0,5,2,3.0,2.0,0.0,1.3093073414159544,0.42857142857142855,1.0295009564331004,7.0,4.0,0.0,2.2677868380553634,0.7272727272727273
1.94817326431951,FUZZY_OPTUNA_DARTS,0.6875,2026-08-23_08-57-54,0.3392857142857143,XOR,5.0,2.375,0.0,2.1758618981911515,False,1.2857142857142858,2,4,7,19,1,8,1,5,2,4.0,2.375,0.0,1.5761900266148114,0.3157894736842105,1.94817326431951,9.0,4.75,0.0,2.6339134382131846,0.7222222222222222
6.460954158117737,FUZZY_OPTUNA_DARTS,0.7277777777777777,2026-08-23_09-03-49,0.4666666666666667,XOR,5.0,2.3333333333333335,0.0,1.7950549357115013,False,1.2,2,3,6,14,0,6,0,4,1,4.0,2.3333333333333335,0.0,1.247219128924647,0.2857142857142857,6.460954158117737,6.0,4.666666666666667,3.0,0.9428090415820634,0.7297297297297297
1.1812751964432686,FUZZY_OPTUNA_DARTS,0.6888095238095239,2026-08-23_09-07-05,0.36666666666666664,XOR,7.0,3.3,0.0,2.41039415863879,False,1.25,2,6,9,33,1,10,0,5,2,6.0,3.3,0.0,2.0024984394500787,0.36363636363636365,1.1812751964432686,10.0,6.6,0.0,2.727636339397171,0.7394366197183099
0.8737569939846443,FUZZY_OPTUNA_DARTS,0.4533333333333333,2026-08-23_09-21-35,0.25555555555555554,XOR,5.0,2.3,0.0,2.0024984394500787,False,1.3928571428571428,2,5,8,23,2,10,0,6,3,4.0,2.3,0.0,1.6155494421403511,0.5217391304347826,0.8737569939846443,9.0,4.6,0.0,2.939387691339814,0.4838709677419355
4.94915527189351,FUZZY_OPTUNA_DARTS,0.6666666666666666,2026-08-23_09-32-01,0.25,XOR,3.0,1.0,0.0,1.2649110640673518,True,1.1666666666666667,2,1,4,5,1,5,0,5,2,2.0,1.0,0.0,0.8944271909999159,0.0,4.94915527189351,3.0,2.0,0.0,1.0954451150103321,0.75
1.1226442851759446,FUZZY_OPTUNA_DARTS,0.6666666666666666,2026-08-23_09-37-06,0.25,XOR,3.0,1.0,0.0,1.2649110640673518,True,1.1666666666666667,2,1,4,5,1,5,0,5,2,2.0,1.0,0.0,0.8944271909999159,0.0,1.1226442851759446,3.0,2.0,0.0,1.0954451150103321,0.75
1.0352141965105122,FUZZY_OPTUNA_DARTS,0.7542857142857142,2026-08-23_09-58-35,0.4444444444444444,XOR,8.0,4.0,0.0,2.8635642126552705,False,1.1666666666666667,2,6,9,40,1,10,3,5,2,6.0,4.0,0.0,2.0976176963403033,0.35,1.0352141965105122,12.0,8.0,0.0,3.4351128074635335,0.8228571428571428
2.286820600935469,FUZZY_OPTUNA_DARTS,0.719047619047619,2026-08-23_10-07-24,0.2857142857142857,XOR,4.0,1.7142857142857142,0.0,1.665986255670086,False,1.2666666666666666,2,2,6,12,1,7,0,6,2,3.0,1.7142857142857142,0.0,1.2777531299998799,0.16666666666666666,2.286820600935469,6.0,3.4285714285714284,0.0,1.7612611437054218,0.7272727272727273
2.2794817908801277,FUZZY_OPTUNA_DARTS,0.564021164021164,2026-08-23_10-11-50,0.3194444444444444,XOR,5.0,2.5555555555555554,0.0,1.9499920860871383,False,1.3928571428571428,2,5,8,23,1,9,1,5,2,5.0,2.5555555555555554,0.0,1.640535895581489,0.43478260869565216,2.2794817908801277,10.0,5.111111111111111,0.0,2.601044424604361,0.5901639344262295
5.497637813213315,FUZZY_OPTUNA_DARTS,0.6666666666666666,2026-08-23_10-20-42,0.26666666666666666,XOR,4.0,1.3333333333333333,0.0,1.5986105077709065,False,1.3,2,2,5,8,1,6,0,5,2,2.0,1.3333333333333333,0.0,0.9428090415820634,0.25,5.497637813213315,5.0,2.6666666666666665,0.0,1.5986105077709065,0.6
2.882191415166893,FUZZY_OPTUNA_DARTS,0.4333333333333334,2026-08-23_10-31-04,0.3,XOR,3.0,1.2,0.0,1.1661903789690602,False,1.5,2,2,5,6,0,5,0,4,1,2.0,1.2,0.0,0.7483314773547883,0.3333333333333333,2.882191415166893,5.0,2.4,1.0,1.4966629547095767,0.375
7.826737609896543,FUZZY_OPTUNA_DARTS,0.27083333333333337,2026-08-23_10-33-25,0.10714285714285714,XOR,3.0,0.75,0.0,1.0897247358851685,False,1.5,2,2,5,6,3,8,0,7,4,2.0,0.75,0.0,0.82915619758885,0.3333333333333333,7.826737609896543,5.0,1.5,0.0,1.6583123951777,0.375
1.2625677106203124,FUZZY_OPTUNA_DARTS,0.6942857142857143,2026-08-23_10-32-02,0.4666666666666667,XOR,7.0,4.2,0.0,2.821347195933177,False,1.1944444444444444,2,6,9,42,1,10,3,5,2,7.0,4.2,0.0,2.2715633383201093,0.47619047619047616,1.2625677106203124,14.0,8.4,0.0,3.826225293941798,0.7639751552795031
8.827822614865193,FUZZY_OPTUNA_DARTS,0.6666666666666666,2026-08-23_11-15-05,0.4,XOR,4.0,1.6,0.0,1.4966629547095767,True,1.2,2,1,5,8,0,5,0,5,1,3.0,1.6,0.0,1.2,0.0,8.827822614865193,4.0,3.2,3.0,0.4,0.6666666666666666
1.1005383225474747,FUZZY_OPTUNA_DARTS,0.6666666666666666,2026-08-23_11-27-57,0.25,XOR,3.0,1.0,0.0,1.2649110640673518,True,1.1666666666666667,2,1,4,5,1,5,0,5,2,2.0,1.0,0.0,0.8944271909999159,0.0,1.1005383225474747,3.0,2.0,0.0,1.0954451150103321,0.75
1.5262033763404825,FUZZY_OPTUNA_DARTS,0.8299206349206347,2026-08-23_11-22-50,0.6222222222222222,XOR,9.0,5.6,0.0,2.939387691339814,False,1.1555555555555554,2,7,10,56,0,10,6,4,1,7.0,5.6,0.0,2.009975124224178,0.42857142857142855,1.5262033763404825,15.0,11.2,7.0,2.9597297173897483,0.8235294117647058
4.0412068237498,FUZZY_OPTUNA_DARTS,0.6809523809523811,2026-08-23_11-30-50,0.5238095238095238,XOR,5.0,3.142857142857143,0.0,2.0995626366712954,False,1.2380952380952381,2,4,7,22,0,7,2,4,1,4.0,3.142857142857143,0.0,1.355261854357877,0.36363636363636365,4.0412068237498,9.0,6.285714285714286,4.0,1.979486637221574,0.6724137931034483
4.621476262101497,FUZZY_OPTUNA_DARTS,0.6666666666666666,2026-08-23_11-43-32,0.3,XOR,4.0,1.5,0.0,1.6072751268321592,False,1.3,2,2,5,9,1,6,1,5,2,3.0,1.5,0.0,1.118033988749895,0.2222222222222222,4.621476262101497,5.0,3.0,0.0,1.8257418583505538,0.6
4.25459819864436,FUZZY_OPTUNA_DARTS,0.758994708994709,2026-08-23_11-43-01,0.5416666666666666,XOR,7.0,4.333333333333333,0.0,2.581988897471611,False,1.1944444444444444,2,6,9,39,0,9,2,4,1,7.0,4.333333333333333,0.0,2.0,0.41025641025641024,4.25459819864436,12.0,8.666666666666666,5.0,2.309401076758503,0.7639751552795031
0.9886791369636743,FUZZY_OPTUNA_DARTS,0.3714285714285714,2026-08-23_11-46-47,0.38095238095238093,XOR,5.0,2.2857142857142856,0.0,1.665986255670086,False,1.3333333333333333,2,3,7,16,0,7,0,5,1,4.0,2.2857142857142856,0.0,1.385051387833237,0.25,0.9886791369636743,5.0,4.571428571428571,4.0,0.4948716593053935,0.4186046511627907
4.229345353065349,FUZZY_OPTUNA_DARTS,0.6666666666666666,2026-08-23_11-50-28,0.26666666666666666,XOR,4.0,1.3333333333333333,0.0,1.5986105077709065,False,1.3,2,2,5,8,1,6,0,5,2,2.0,1.3333333333333333,0.0,0.9428090415820634,0.25,4.229345353065349,5.0,2.6666666666666665,0.0,1.5986105077709065,0.6
1.79821632713144,FUZZY_OPTUNA_DARTS,0.6666666666666666,2026-08-23_12-03-21,0.25,XOR,3.0,1.0,0.0,1.2649110640673518,True,1.1666666666666667,2,1,4,5,1,5,0,5,2,2.0,1.0,0.0,0.8944271909999159,0.0,1.79821632713144,3.0,2.0,0.0,1.0954451150103321,0.75
8.225537420267347,FUZZY_OPTUNA_DARTS,0.6666666666666666,2026-08-23_12-04-59,0.43333333333333335,XOR,4.0,2.1666666666666665,0.0,1.6749792701868151,False,1.3333333333333333,2,3,6,13,0,6,1,4,1,3.0,2.1666666666666665,0.0,1.0671873729054748,0.3076923076923077,8.225537420267347,6.0,4.333333333333333,2.0,1.4907119849998598,0.5769230769230769
2.238344528406111,FUZZY_OPTUNA_DARTS,0.6666666666666666,2026-08-23_12-16-03,0.25,XOR,3.0,1.0,0.0,1.2649110640673518,True,1.1666666666666667,2,1,4,5,1,5,0,5,2,2.0,1.0,0.0,0.8944271909999159,0.0,2.238344528406111,3.0,2.0,0.0,1.0954451150103321,0.75
1.263170784105801,FUZZY_OPTUNA_DARTS,0.8702380952380953,2026-08-23_12-19-11,0.5357142857142857,XOR,7.0,3.75,0.0,2.436698586202241,False,1.2142857142857142,2,5,8,30,0,8,2,4,1,5.0,3.75,0.0,1.5612494995995996,0.4,1.263170784105801,11.0,7.5,4.0,2.23606797749979,0.8207547169811321
4.192628017113187,FUZZY_OPTUNA_DARTS,0.6666666666666666,2026-08-23_12-25-04,0.25,XOR,3.0,1.0,0.0,1.2649110640673518,True,1.1666666666666667,2,1,4,5,1,5,0,5,2,2.0,1.0,0.0,0.8944271909999159,0.0,4.192628017113187,3.0,2.0,0.0,1.0954451150103321,0.75
2.386871677623068,FUZZY_OPTUNA_DARTS,0.6666666666666666,2026-08-23_12-35-34,0.25,XOR,3.0,1.0,0.0,1.2649110640673518,True,1.1666666666666667,2,1,4,5,1,5,0,5,2,2.0,1.0,0.0,0.8944271909999159,0.0,2.386871677623068,3.0,2.0,0.0,1.0954451150103321,0.75
1.653495694349769,FUZZY_OPTUNA_DARTS,0.9,2026-08-23_12-37-50,0.5,XOR,4.0,2.0,0.0,1.6733200530681511,False,1.1,2,2,5,10,0,5,0,4,1,3.0,2.0,0.0,1.0954451150103321,0.2,1.653495694349769,5.0,4.0,3.0,0.8944271909999159,0.875
1.4104035320305435,FUZZY_OPTUNA_DARTS,0.5555555555555555,2026-08-23_12-54-04,0.26666666666666666,XOR,4.0,1.3333333333333333,0.0,1.4907119849998598,True,1.2,2,1,5,8,1,6,0,6,2,3.0,1.3333333333333333,0.0,1.247219128924647,0.0,1.4104035320305435,4.0,2.6666666666666665,0.0,1.247219128924647,0.6666666666666666
8.722673532579938,FUZZY_OPTUNA_DARTS,0.6666666666666666,2026-08-23_13-40-52,0.4,XOR,4.0,1.6,0.0,1.4966629547095767,True,1.2,2,1,5,8,0,5,0,5,1,3.0,1.6,0.0,1.2,0.0,8.722673532579938,4.0,3.2,3.0,0.4,0.6666666666666666
8.172344411515278,FUZZY_OPTUNA_DARTS,0.6666666666666666,2026-08-23_13-43-07,0.4,XOR,4.0,1.6,0.0,1.4966629547095767,True,1.2,2,1,5,8,0,5,0,5,1,3.0,1.6,0.0,1.2,0.0,8.172344411515278,4.0,3.2,3.0,0.4,0.6666666666666666
0.9598732946917429,FUZZY_OPTUNA_DARTS,0.6666666666666666,2026-08-23_13-50-05,0.43333333333333335,XOR,4.0,2.1666666666666665,0.0,1.6749792701868151,False,1.3333333333333333,2,3,6,13,0,6,1,4,1,3.0,2.1666666666666665,0.0,1.0671873729054748,0.3076923076923077,0.9598732946917429,7.0,4.333333333333333,2.0,1.699673171197595,0.5769230769230769
1.3615229310461434,FUZZY_OPTUNA_DARTS,0.7714285714285714,2026-08-23_13-50-45,0.40476190476190477,XOR,5.0,2.4285714285714284,0.0,2.1946130708196026,False,1.1333333333333333,2,3,6,17,1,7,1,5,2,4.0,2.4285714285714284,0.0,1.5907898179514348,0.35294117647058826,1.3615229310461434,9.0,4.857142857142857,0.0,2.695423180587601,0.8666666666666667
1.3215217590972366,FUZZY_OPTUNA_DARTS,0.7961904761904762,2026-08-23_13-59-37,0.5333333333333333,XOR,8.0,4.8,0.0,3.2186953878862163,False,1.1111111111111112,2,6,9,48,1,10,4,5,2,7.0,4.8,0.0,2.5219040425836985,0.5,1.3215217590972366,15.0,9.6,0.0,4.386342439892262,0.8787878787878788
1.015463944844225,FUZZY_OPTUNA_DARTS,0.5219047619047619,2026-08-23_14-14-54,0.35555555555555557,XOR,7.0,3.2,0.0,2.4819347291981715,False,1.3055555555555556,2,6,9,32,1,10,2,5,2,6.0,3.2,0.0,1.833030277982336,0.3125,1.015463944844225,9.0,6.4,0.0,2.5768197453450252,0.5897435897435898
0.9735144760150692,FUZZY_OPTUNA_DARTS,0.43333333333333335,2026-08-23_14-58-57,0.3333333333333333,XOR,6.0,2.6666666666666665,0.0,2.160246899469287,False,1.3214285714285714,2,5,8,24,1,9,1,5,2,4.0,2.6666666666666665,0.0,1.563471919941143,0.3333333333333333,0.9735144760150692,8.0,5.333333333333333,0.0,2.260776661041756,0.4931506849315068
0.9716809585183714,FUZZY_OPTUNA_DARTS,0.5083333333333333,2026-08-23_15-01-33,0.32142857142857145,XOR,5.0,2.25,0.0,1.920286436967152,False,1.3333333333333333,2,4,7,18,1,8,0,5,2,4.0,2.25,0.0,1.3919410907075054,0.4444444444444444,0.9716809585183714,7.0,4.5,0.0,2.179449471770337,0.5333333333333333
4.537435230459722,FUZZY_OPTUNA_DARTS,0.6666666666666666,2026-08-23_15-07-12,0.25,XOR,3.0,1.0,0.0,1.2649110640673518,True,1.1666666666666667,2,1,4,5,1,5,0,5,2,2.0,1.0,0.0,0.8944271909999159,0.0,4.537435230459722,3.0,2.0,0.0,1.0954451150103321,0.75
0.8460905015728909,FUZZY_OPTUNA_DARTS,0.6,2026-08-23_15-16-51,0.35,XOR,3.0,1.4,0.0,1.3564659966250536,False,1.4,2,2,5,7,0,5,0,4,1,2.0,1.4,0.0,0.8,0.2857142857142857,0.8460905015728909,5.0,2.8,2.0,1.1661903789690602,0.5454545454545454
1.6475437779270146,FUZZY_OPTUNA_DARTS,0.27777777777777773,2026-08-23_15-21-46,0.36666666666666664,XOR,3.0,1.8333333333333333,0.0,1.3437096247164249,False,1.4,2,3,6,11,0,6,0,4,1,3.0,1.8333333333333333,0.0,1.0671873729054748,0.36363636363636365,1.6475437779270146,5.0,3.6666666666666665,3.0,0.7453559924999299,0.3157894736842105
2.2135263253141817,FUZZY_OPTUNA_DARTS,0.31851851851851853,2026-08-23_15-21-19,0.125,XOR,4.0,1.0,0.0,1.4142135623730951,False,1.5333333333333334,2,3,6,9,3,9,0,7,4,3.0,1.0,0.0,1.0540925533894598,0.4444444444444444,2.2135263253141817,7.0,2.0,0.0,2.0548046676563256,0.4
1.2345260388723645,FUZZY_OPTUNA_DARTS,0.9142857142857143,2026-08-23_15-40-50,0.5476190476190477,XOR,6.0,3.2857142857142856,0.0,2.1852940772540506,False,1.1428571428571428,2,4,7,23,0,7,3,4,1,5.0,3.2857142857142856,0.0,1.4846149779161806,0.17391304347826086,1.2345260388723645,8.0,6.571428571428571,3.0,1.8405855323893037,0.8846153846153846
1.2063809974109108,FUZZY_OPTUNA_DARTS,0.6666666666666666,2026-08-23_15-51-59,0.4,XOR,5.0,2.0,0.0,1.8257418583505538,False,1.3333333333333333,2,2,6,12,0,6,1,5,1,3.0,2.0,0.0,1.0,0.16666666666666666,1.2063809974109108,5.0,4.0,2.0,1.1547005383792515,0.5769230769230769
1.93532497939832,FUZZY_OPTUNA_DARTS,0.6857142857142858,2026-08-23_15-52-06,0.2857142857142857,XOR,5.0,1.7142857142857142,0.0,1.9059520091609048,False,1.4,2,3,6,12,1,7,1,5,2,3.0,1.7142857142857142,0.0,1.1605769149479943,0.3333333333333333,1.93532497939832,7.0,3.4285714285714284,0.0,2.1946130708196026,0.5
1.3604151006425516,FUZZY_OPTUNA_DARTS,0.7037037037037037,2026-08-23_15-54-21,0.4722222222222222,XOR,6.0,3.7777777777777777,0.0,2.249828525701843,False,1.3055555555555556,2,6,9,34,0,9,2,4,1,6.0,3.7777777777777777,0.0,1.7497795275581802,0.4117647058823529,1.3604151006425516,11.0,7.555555555555555,4.0,2.216659704806667,0.6885245901639344
1.1323313802305877,FUZZY_OPTUNA_DARTS,0.5433333333333332,2026-08-23_16-09-44,0.3333333333333333,XOR,6.0,3.0,0.0,2.0976176963403033,False,1.3333333333333333,2,5,9,30,1,10,1,6,2,6.0,3.0,0.0,2.3664319132398464,0.3333333333333333,1.1323313802305877,11.0,6.0,0.0,2.898275349237888,0.6055045871559633
1.1647915143706198,FUZZY_OPTUNA_DARTS,0.4777777777777778,2026-08-23_16-16-33,0.3,XOR,4.0,1.5,0.0,1.3844373104863459,False,1.5333333333333334,2,3,6,9,0,6,0,4,1,3.0,1.5,0.0,1.118033988749895,0.4444444444444444,1.1647915143706198,7.0,3.0,1.0,2.0816659994661326,0.4
1.25027161145632,FUZZY_OPTUNA_DARTS,0.7142857142857143,2026-08-23_16-19-50,0.30952380952380953,XOR,5.0,1.8571428571428572,0.0,1.9587584572574412,False,1.3333333333333333,2,3,6,13,1,7,1,5,2,3.0,1.8571428571428572,0.0,1.2453996981544782,0.3076923076923077,1.25027161145632,8.0,3.7142857142857144,0.0,2.657296462534039,0.6428571428571429
2.796678275706911,FUZZY_OPTUNA_DARTS,0.0,2026-08-23_16-21-52,0.10714285714285714,XOR,2.0,0.75,0.0,0.82915619758885,True,1.7333333333333334,3,1,6,6,2,8,0,8,3,2.0,0.75,0.0,0.82915619758885,0.0,2.796678275706911,4.0,1.5,0.0,1.224744871391589,0.0
1.038133529928782,FUZZY_OPTUNA_DARTS,0.6666666666666666,2026-08-23_16-49-24,0.25,XOR,3.0,1.0,0.0,1.2649110640673518,True,1.1666666666666667,2,1,4,5,1,5,0,5,2,2.0,1.0,0.0,0.8944271909999159,0.0,1.038133529928782,3.0,2.0,0.0,1.0954451150103321,0.75
2.242823245526618,FUZZY_OPTUNA_DARTS,0.6666666666666666,2026-08-23_16-50-21,0.4,XOR,4.0,1.6,0.0,1.4966629547095767,True,1.2,2,1,5,8,0,5,0,5,1,3.0,1.6,0.0,1.2,0.0,2.242823245526618,4.0,3.2,3.0,0.4,0.6666666666666666
1.672274023506686,FUZZY_OPTUNA_DARTS,0.36111111111111116,2026-08-23_17-09-45,0.2,XOR,3.0,1.0,0.0,1.1547005383792515,False,1.5,2,2,5,6,1,6,0,5,2,2.0,1.0,0.0,0.816496580927726,0.3333333333333333,1.672274023506686,5.0,2.0,0.0,1.632993161855452,0.375
2.0964198546966104,FUZZY_OPTUNA_DARTS,0.8444444444444446,2026-08-23_17-11-17,0.5,XOR,5.0,2.5,0.0,1.8929694486000912,False,1.2,2,3,6,15,0,6,1,4,1,4.0,2.5,0.0,1.2583057392117916,0.26666666666666666,2.0964198546966104,7.0,5.0,3.0,1.2909944487358056,0.7894736842105263
1.1235674362198536,FUZZY_OPTUNA_DARTS,0.36111111111111116,2026-08-23_17-15-13,0.2,XOR,3.0,1.0,0.0,1.1547005383792515,False,1.5,2,2,5,6,1,6,0,5,2,2.0,1.0,0.0,0.816496580927726,0.3333333333333333,1.1235674362198536,5.0,2.0,0.0,1.632993161855452,0.375
4.388325731306872,FUZZY_OPTUNA_DARTS,0.6,2026-08-23_17-18-30,0.43333333333333335,XOR,5.0,2.1666666666666665,0.0,1.7716909687891083,False,1.2666666666666666,2,3,6,13,0,6,0,4,1,3.0,2.1666666666666665,0.0,1.0671873729054748,0.3076923076923077,4.388325731306872,5.0,4.333333333333333,3.0,0.9428090415820634,0.5806451612903226
1.1879228419396848,FUZZY_OPTUNA_DARTS,0.6,2026-08-23_17-20-31,0.35,XOR,3.0,1.4,0.0,1.3564659966250536,False,1.4,2,2,5,7,0,5,0,4,1,2.0,1.4,0.0,0.8,0.2857142857142857,1.1879228419396848,5.0,2.8,2.0,1.1661903789690602,0.5454545454545454
1.0663333586093835,FUZZY_OPTUNA_DARTS,0.6875,2026-08-23_17-28-43,0.48214285714285715,XOR,6.0,3.375,0.0,2.057759704144291,False,1.25,2,5,8,27,0,8,1,4,1,5.0,3.375,0.0,1.7275343701356567,0.37037037037037035,1.0663333586093835,10.0,6.75,5.0,1.8540496217739157,0.6847826086956522
1.4219869983839066,FUZZY_OPTUNA_DARTS,0.7277777777777777,2026-08-23_17-32-21,0.4666666666666667,XOR,5.0,2.3333333333333335,0.0,1.7950549357115013,False,1.2,2,3,6,14,0,6,0,4,1,4.0,2.3333333333333335,0.0,1.247219128924647,0.2857142857142857,1.4219869983839066,6.0,4.666666666666667,3.0,0.9428090415820634,0.7297297297297297
1.3710559086444296,FUZZY_OPTUNA_DARTS,0.5555555555555555,2026-08-23_17-47-44,0.16666666666666666,XOR,3.0,0.8333333333333334,0.0,1.2133516482134197,True,1.1666666666666667,2,1,4,5,2,6,0,6,3,2.0,0.8333333333333334,0.0,0.8975274678557507,0.0,1.3710559086444296,3.0,1.6666666666666667,0.0,1.247219128924647,0.75
7.565475339927808,FUZZY_OPTUNA_DARTS,0.8,2026-08-23_18-05-03,0.45,XOR,4.0,1.8,0.0,1.6,False,1.3,2,2,5,9,0,5,1,4,1,3.0,1.8,0.0,0.9797958971132712,0.2222222222222222,7.565475339927808,5.0,3.6,2.0,1.3564659966250536,0.6
7.35486995232494,FUZZY_OPTUNA_DARTS,0.6666666666666666,2026-08-23_18-05-32,0.4,XOR,4.0,1.6,0.0,1.4966629547095767,True,1.2,2,1,5,8,0,5,0,5,1,3.0,1.6,0.0,1.2,0.0,7.35486995232494,4.0,3.2,3.0,0.4,0.6666666666666666
4.154450210668761,FUZZY_OPTUNA_DARTS,0.7749999999999999,2026-08-23_18-18-44,0.4107142857142857,XOR,6.0,2.875,0.0,2.368411915187052,False,1.1428571428571428,2,4,7,23,1,8,2,5,2,5.0,2.875,0.0,1.7633419974582356,0.2608695652173913,4.154450210668761,10.0,5.75,0.0,2.8613807855648994,0.8461538461538461
4.734126175326443,FUZZY_OPTUNA_DARTS,0.4333333333333334,2026-08-23_18-24-37,0.25,XOR,2.0,1.0,0.0,0.8944271909999159,True,1.5,2,1,5,5,0,5,0,5,1,2.0,1.0,0.0,0.6324555320336759,0.0,4.734126175326443,4.0,2.0,1.0,1.0954451150103321,0.375
3.1151185124521583,FUZZY_OPTUNA_DARTS,0.9,2026-08-23_18-28-38,0.55,XOR,4.0,2.2,0.0,1.833030277982336,False,1.1,2,2,5,11,0,5,1,4,1,3.0,2.2,0.0,1.1661903789690602,0.18181818181818182,3.1151185124521583,7.0,4.4,3.0,1.4966629547095767,0.875
5.450625258017769,FUZZY_OPTUNA_DARTS,0.6285714285714284,2026-08-23_18-32-54,0.4523809523809524,XOR,5.0,2.7142857142857144,0.0,1.9059520091609048,False,1.2380952380952381,2,4,7,19,0,7,1,4,1,4.0,2.7142857142857144,0.0,1.2777531299998799,0.21052631578947367,5.450625258017769,8.0,5.428571428571429,4.0,1.2936264483053452,0.6206896551724138
8.34537594437666,FUZZY_OPTUNA_DARTS,0.6666666666666666,2026-08-23_18-40-18,0.4,XOR,4.0,1.6,0.0,1.4966629547095767,True,1.2,2,1,5,8,0,5,0,5,1,3.0,1.6,0.0,1.2,0.0,8.34537594437666,4.0,3.2,3.0,0.4,0.6666666666666666
0.85420844285123,FUZZY_OPTUNA_DARTS,0.4166666666666667,2026-08-23_18-33-02,0.34444444444444444,XOR,5.0,3.1,0.0,1.7578395831246947,False,1.4,2,6,10,31,0,10,1,5,1,6.0,3.1,0.0,1.9209372712298547,0.1935483870967742,0.85420844285123,9.0,6.2,4.0,1.4,0.4214876033057851
1.4235888277798874,FUZZY_OPTUNA_DARTS,0.6666666666666666,2026-08-23_18-45-23,0.25,XOR,3.0,1.0,0.0,1.2649110640673518,True,1.1666666666666667,2,1,4,5,1,5,0,5,2,2.0,1.0,0.0,0.8944271909999159,0.0,1.4235888277798874,3.0,2.0,0.0,1.0954451150103321,0.75
1.2875097922219205,FUZZY_OPTUNA_DARTS,0.7502645502645503,2026-08-23_19-08-46,0.4027777777777778,XOR,7.0,3.2222222222222223,0.0,2.4845199749997664,False,1.1428571428571428,2,5,8,29,1,9,2,5,2,6.0,3.2222222222222223,0.0,1.9309052441091963,0.20689655172413793,1.2875097922219205,9.0,6.444444444444445,0.0,2.586765939293959,0.8360655737704918
1.093943110740483,FUZZY_OPTUNA_DARTS,0.55,2026-08-23_19-30-46,0.375,XOR,6.0,2.625,0.0,2.057759704144291,False,1.2857142857142858,2,1,8,21,0,8,1,8,1,5.0,2.625,0.0,1.653594569415369,0.0,1.093943110740483,7.0,5.25,4.0,0.9682458365518543,0.5853658536585366
3.2910779143396427,FUZZY_OPTUNA_DARTS,0.14333333333333334,2026-08-23_19-30-29,0.15555555555555556,XOR,4.0,1.4,0.0,1.5620499351813308,False,1.6785714285714286,3,3,8,14,2,10,0,8,3,3.0,1.4,0.0,1.2806248474865698,0.2857142857142857,3.2910779143396427,6.0,2.8,0.0,1.833030277982336,0.10714285714285714
0.8195076952215813,FUZZY_OPTUNA_DARTS,0.7142857142857143,2026-08-23_20-01-31,0.42857142857142855,XOR,5.0,2.5714285714285716,0.0,1.9897697538834456,False,1.2380952380952381,2,3,7,18,0,7,0,5,1,4.0,2.5714285714285716,0.0,1.498298354528788,0.2222222222222222,0.8195076952215813,8.0,5.142857142857143,3.0,1.4568627181693672,0.7
8.21840133942352,FUZZY_OPTUNA_DARTS,0.8,2026-08-23_20-03-46,0.4,XOR,4.0,1.6,0.0,1.624807680927192,False,1.3,2,2,5,8,0,5,0,4,1,2.0,1.6,0.0,0.8,0.25,8.21840133942352,5.0,3.2,2.0,1.1661903789690602,0.6
3.83687494411239,FUZZY_OPTUNA_DARTS,0.5555555555555555,2026-08-23_20-30-30,0.16666666666666666,XOR,3.0,0.8333333333333334,0.0,1.2133516482134197,True,1.1666666666666667,2,1,4,5,2,6,0,6,3,2.0,0.8333333333333334,0.0,0.8975274678557507,0.0,3.83687494411239,3.0,1.6666666666666667,0.0,1.247219128924647,0.75
4.313664136313649,FUZZY_OPTUNA_DARTS,0.5142857142857143,2026-08-23_20-35-16,0.30952380952380953,XOR,5.0,1.8571428571428572,0.0,1.8070158058105026,False,1.2666666666666666,2,3,6,13,1,7,0,5,2,3.0,1.8571428571428572,0.0,1.2453996981544782,0.3076923076923077,4.313664136313649,5.0,3.7142857142857144,0.0,1.749635530559413,0.5806451612903226
1.2301327135022142,FUZZY_OPTUNA_DARTS,0.31999999999999995,2026-08-23_20-42-02,0.2222222222222222,XOR,5.0,2.0,0.0,1.8973665961010275,False,1.6944444444444444,3,3,9,20,1,10,2,8,2,4.0,2.0,0.0,1.3416407864998738,0.2,1.2301327135022142,8.0,4.0,0.0,2.5298221281347035,0.4375
0.9812093612719183,FUZZY_OPTUNA_DARTS,0.8333333333333335,2026-08-23_20-50-04,0.5178571428571429,XOR,6.0,3.625,0.0,2.8256636388643286,False,1.0476190476190477,2,4,7,29,1,8,3,5,2,5.0,3.625,0.0,2.117634293262177,0.41379310344827586,0.9812093612719183,11.0,7.25,0.0,3.6996621467371855,0.9473684210526315
1.7421645613369363,FUZZY_OPTUNA_DARTS,0.5962962962962963,2026-08-23_20-57-15,0.2638888888888889,XOR,6.0,2.111111111111111,0.0,2.1314806770278754,False,1.1904761904761905,2,4,7,19,2,9,0,6,3,4.0,2.111111111111111,0.0,1.5947444549341472,0.21052631578947367,1.7421645613369363,7.0,4.222222222222222,0.0,2.4845199749997664,0.75
1.0421283053188999,FUZZY_OPTUNA_DARTS,0.8388888888888889,2026-08-23_21-04-51,0.4666666666666667,XOR,5.0,2.3333333333333335,0.0,2.0548046676563256,False,1.2666666666666666,2,3,6,14,0,6,1,4,1,3.0,2.3333333333333335,0.0,1.1055415967851332,0.2857142857142857,1.0421283053188999,7.0,4.666666666666667,2.0,1.8856180831641267,0.7272727272727273
3.7402594592773237,FUZZY_OPTUNA_DARTS,0.7222222222222222,2026-08-23_21-17-01,0.3333333333333333,XOR,4.0,1.6666666666666667,0.0,1.699673171197595,False,1.2,2,2,5,10,1,6,1,5,2,3.0,1.6666666666666667,0.0,1.247219128924647,0.2,3.7402594592773237,6.0,3.3333333333333335,0.0,1.9720265943665387,0.7894736842105263
2.8363972505206108,FUZZY_OPTUNA_DARTS,0.6666666666666666,2026-08-23_21-29-45,0.25,XOR,3.0,1.0,0.0,1.2649110640673518,True,1.1666666666666667,2,1,4,5,1,5,0,5,2,2.0,1.0,0.0,0.8944271909999159,0.0,2.8363972505206108,3.0,2.0,0.0,1.0954451150103321,0.75
1.3918228738585297,FUZZY_OPTUNA_DARTS,0.2857142857142857,2026-08-23_21-32-02,0.2619047619047619,XOR,4.0,1.5714285714285714,0.0,1.5907898179514348,False,1.3333333333333333,2,2,6,11,1,7,0,6,2,3.0,1.5714285714285714,0.0,1.2936264483053452,0.18181818181818182,1.3918228738585297,4.0,3.142857142857143,0.0,1.355261854357877,0.375
0.9386347634533952,FUZZY_OPTUNA_DARTS,0.8,2026-08-23_21-38-45,0.4,XOR,4.0,1.6,0.0,1.624807680927192,False,1.3,2,2,5,8,0,5,0,4,1,2.0,1.6,0.0,0.8,0.25,0.9386347634533952,5.0,3.2,2.0,1.1661903789690602,0.6
2.9151193820554533,FUZZY_OPTUNA_DARTS,0.6666666666666666,2026-08-23_21-44-23,0.25,XOR,3.0,1.0,0.0,1.2649110640673518,True,1.1666666666666667,2,1,4,5,1,5,0,5,2,2.0,1.0,0.0,0.8944271909999159,0.0,2.9151193820554533,3.0,2.0,0.0,1.0954451150103321,0.75
0.8924133937842138,FUZZY_OPTUNA_DARTS,0.4871428571428571,2026-08-23_22-00-40,0.35555555555555557,XOR,5.0,3.2,0.0,1.833030277982336,False,1.4222222222222223,2,6,10,32,0,10,1,5,1,5.0,3.2,0.0,1.6,0.3125,0.8924133937842138,9.0,6.4,4.0,1.8,0.46956521739130436
6.677673069543204,FUZZY_OPTUNA_DARTS,0.25,2026-08-23_22-09-57,0.3,XOR,3.0,1.5,0.0,1.2583057392117916,False,1.4666666666666666,2,2,6,9,0,6,0,5,1,3.0,1.5,0.0,0.9574271077563381,0.2222222222222222,6.677673069543204,4.0,3.0,2.0,1.0,0.2
0.975156277473005,FUZZY_OPTUNA_DARTS,0.15,2026-08-23_22-29-48,0.30357142857142855,XOR,4.0,2.125,0.0,1.3635890143294642,False,1.5357142857142858,2,5,8,17,0,8,1,4,1,4.0,2.125,0.0,1.2686114456365274,0.35294117647058826,0.975156277473005,7.0,4.25,2.0,1.7853571071357126,0.18181818181818182
1.6177980321632408,FUZZY_OPTUNA_DARTS,0.9,2026-08-23_22-37-01,0.55,XOR,4.0,2.2,0.0,1.833030277982336,False,1.1,2,2,5,11,0,5,1,4,1,3.0,2.2,0.0,1.1661903789690602,0.18181818181818182,1.6177980321632408,7.0,4.4,3.0,1.4966629547095767,0.875
3.6137877386447856,FUZZY_OPTUNA_DARTS,0.6666666666666666,2026-08-23_22-38-12,0.25,XOR,3.0,1.0,0.0,1.2649110640673518,True,1.1666666666666667,2,1,4,5,1,5,0,5,2,2.0,1.0,0.0,0.8944271909999159,0.0,3.6137877386447856,3.0,2.0,0.0,1.0954451150103321,0.75
9.171639933229896,FUZZY_OPTUNA_DARTS,0.41666666666666663,2026-08-23_22-44-07,0.14285714285714285,XOR,4.0,1.0,0.0,1.4142135623730951,True,1.2,2,1,5,8,3,8,0,8,4,3.0,1.0,0.0,1.224744871391589,0.0,9.171639933229896,4.0,2.0,0.0,1.5811388300841898,0.6666666666666666
4.724308589424037,FUZZY_OPTUNA_DARTS,0.5476190476190477,2026-08-23_22-46-28,0.42857142857142855,XOR,4.0,2.5714285714285716,0.0,1.6781914463529615,False,1.3333333333333333,2,4,7,18,0,7,0,4,1,4.0,2.5714285714285716,0.0,1.178030178747903,0.4444444444444444,4.724308589424037,7.0,5.142857142857143,2.0,1.9587584572574412,0.5869565217391305
1.7918989478939655,FUZZY_OPTUNA_DARTS,0.6666666666666666,2026-08-23_23-04-21,0.25,XOR,3.0,1.0,0.0,1.2649110640673518,True,1.1666666666666667,2,1,4,5,1,5,0,5,2,2.0,1.0,0.0,0.8944271909999159,0.0,1.7918989478939655,3.0,2.0,0.0,1.0954451150103321,0.75
8.796753608035868,FUZZY_OPTUNA_DARTS,0.5555555555555555,2026-08-23_23-05-01,0.16666666666666666,XOR,3.0,0.8333333333333334,0.0,1.2133516482134197,True,1.1666666666666667,2,1,4,5,2,6,0,6,3,2.0,0.8333333333333334,0.0,0.8975274678557507,0.0,8.796753608035868,3.0,1.6666666666666667,0.0,1.247219128924647,0.75
5.122501072411275,FUZZY_OPTUNA_DARTS,0.5555555555555555,2026-08-23_23-06-14,0.2,XOR,3.0,1.0,0.0,1.1547005383792515,True,1.1666666666666667,2,1,4,6,0,6,0,6,2,2.0,1.0,0.0,0.816496580927726,0.0,5.122501072411275,3.0,2.0,1.0,0.816496580927726,0.75
1.1929647381027406,FUZZY_OPTUNA_DARTS,0.8,2026-08-23_23-12-37,0.35,XOR,4.0,1.4,0.0,1.4966629547095767,True,1.3,2,1,5,7,0,5,0,5,1,2.0,1.4,0.0,0.8,0.0,1.1929647381027406,4.0,2.8,2.0,0.9797958971132712,0.6
2.520228090963815,FUZZY_OPTUNA_DARTS,0.45,2026-08-23_23-16-19,0.23214285714285715,XOR,5.0,1.625,0.0,1.79843682124227,False,1.2666666666666666,2,3,6,13,2,8,0,6,3,3.0,1.625,0.0,1.3169567191065923,0.3076923076923077,2.520228090963815,5.0,3.25,0.0,2.0463381929681126,0.5806451612903226
8.687275088329947,FUZZY_OPTUNA_DARTS,0.5555555555555555,2026-08-23_23-28-21,0.16666666666666666,XOR,3.0,0.8333333333333334,0.0,1.2133516482134197,True,1.1666666666666667,2,1,4,5,2,6,0,6,3,2.0,0.8333333333333334,0.0,0.8975274678557507,0.0,8.687275088329947,3.0,1.6666666666666667,0.0,1.247219128924647,0.75
3.6997764734828578,FUZZY_OPTUNA_DARTS,0.5555555555555555,2026-08-23_23-32-42,0.26666666666666666,XOR,4.0,1.3333333333333333,0.0,1.4907119849998598,True,1.2,2,1,5,8,1,6,0,6,2,3.0,1.3333333333333333,0.0,1.247219128924647,0.0,3.6997764734828578,4.0,2.6666666666666665,0.0,1.247219128924647,0.6666666666666666
1.4380697185247011,FUZZY_OPTUNA_DARTS,0.41666666666666663,2026-08-23_23-39-41,0.14285714285714285,XOR,4.0,1.0,0.0,1.4142135623730951,True,1.2,2,1,5,8,3,8,0,8,4,3.0,1.0,0.0,1.224744871391589,0.0,1.4380697185247011,4.0,2.0,0.0,1.5811388300841898,0.6666666666666666
0.8652490973789373,FUZZY_OPTUNA_DARTS,0.3333333333333333,2026-08-23_23-44-47,0.21428571428571427,XOR,4.0,1.5,0.0,1.5811388300841898,False,1.3333333333333333,2,3,6,12,2,8,0,6,3,3.0,1.5,0.0,1.224744871391589,0.3333333333333333,0.8652490973789373,5.0,3.0,0.0,1.8708286933869707,0.48
0.8690356585447585,FUZZY_OPTUNA_DARTS,0.5609523809523809,2026-08-23_23-45-37,0.36666666666666664,XOR,6.0,3.3,0.0,2.2825424421026654,False,1.2777777777777777,2,6,9,33,1,10,0,5,2,6.0,3.3,0.0,2.41039415863879,0.42424242424242425,0.8690356585447585,12.0,6.6,0.0,2.939387691339814,0.627906976744186
1.6250634638864108,FUZZY_OPTUNA_DARTS,0.18,2026-08-24_00-03-01,0.14444444444444443,XOR,4.0,1.3,0.0,1.6155494421403511,False,1.4285714285714286,2,2,7,13,3,10,0,9,4,3.0,1.3,0.0,1.268857754044952,0.15384615384615385,1.6250634638864108,5.0,2.6,0.0,1.9078784028338913,0.28125
2.8243970471178335,FUZZY_OPTUNA_DARTS,0.6666666666666666,2026-08-24_00-14-49,0.26666666666666666,XOR,4.0,1.3333333333333333,0.0,1.5986105077709065,False,1.3,2,2,5,8,1,6,0,5,2,2.0,1.3333333333333333,0.0,0.9428090415820634,0.25,2.8243970471178335,5.0,2.6666666666666665,0.0,1.5986105077709065,0.6
0.8850408649947299,FUZZY_OPTUNA_DARTS,0.8616402116402117,2026-08-24_00-29-41,0.5833333333333334,XOR,8.0,4.666666666666667,0.0,2.943920288775949,False,1.1388888888888888,2,6,9,42,0,9,3,4,1,7.0,4.666666666666667,0.0,1.8856180831641267,0.38095238095238093,0.8850408649947299,13.0,9.333333333333334,6.0,2.748737083745107,0.8502673796791443
3.446446773300676,FUZZY_OPTUNA_DARTS,0.38095238095238093,2026-08-24_00-33-40,0.2857142857142857,XOR,4.0,1.7142857142857142,0.0,1.5779087167410373,False,1.3333333333333333,2,3,6,12,1,7,0,5,2,3.0,1.7142857142857142,0.0,1.1605769149479943,0.3333333333333333,3.446446773300676,5.0,3.4285714285714284,0.0,1.5907898179514348,0.48
2.195179551937443,FUZZY_OPTUNA_DARTS,0.5714285714285714,2026-08-24_00-33-55,0.2619047619047619,XOR,5.0,1.5714285714285714,0.0,1.7612611437054218,False,1.3333333333333333,2,2,6,11,1,7,0,6,2,3.0,1.5714285714285714,0.0,1.178030178747903,0.18181818181818182,2.195179551937443,5.0,3.142857142857143,0.0,1.5518257844571737,0.5769230769230769
7.859425611127829,FUZZY_OPTUNA_DARTS,0.6666666666666666,2026-08-24_00-36-10,0.25,XOR,3.0,1.0,0.0,1.2649110640673518,True,1.1666666666666667,2,1,4,5,1,5,0,5,2,2.0,1.0,0.0,0.8944271909999159,0.0,7.859425611127829,3.0,2.0,0.0,1.0954451150103321,0.75
7.421505927678746,FUZZY_OPTUNA_DARTS,0.5555555555555555,2026-08-24_00-36-38,0.26666666666666666,XOR,4.0,1.3333333333333333,0.0,1.4907119849998598,True,1.2,2,1,5,8,1,6,0,6,2,3.0,1.3333333333333333,0.0,1.247219128924647,0.0,7.421505927678746,4.0,2.6666666666666665,0.0,1.247219128924647,0.6666666666666666
1.8794602689133924,FUZZY_OPTUNA_DARTS,0.5555555555555555,2026-08-24_00-37-14,0.26666666666666666,XOR,4.0,1.3333333333333333,0.0,1.4907119849998598,True,1.2,2,1,5,8,1,6,0,6,2,3.0,1.3333333333333333,0.0,1.247219128924647,0.0,1.8794602689133924,4.0,2.6666666666666665,0.0,1.247219128924647,0.6666666666666666
2.8042300386022427,FUZZY_OPTUNA_DARTS,0.5555555555555555,2026-08-24_00-44-26,0.26666666666666666,XOR,4.0,1.3333333333333333,0.0,1.4907119849998598,True,1.2,2,1,5,8,1,6,0,6,2,3.0,1.3333333333333333,0.0,1.247219128924647,0.0,2.8042300386022427,4.0,2.6666666666666665,0.0,1.247219128924647,0.6666666666666666
3.6085266629297963,FUZZY_OPTUNA_DARTS,0.6333333333333333,2026-08-24_00-45-19,0.3,XOR,4.0,1.5,0.0,1.5,False,1.4666666666666666,2,2,6,9,0,6,0,5,1,3.0,1.5,0.0,1.118033988749895,0.2222222222222222,3.6085266629297963,6.0,3.0,1.0,1.632993161855452,0.47368421052631576
1.8348939839524923,FUZZY_OPTUNA_DARTS,0.36111111111111116,2026-08-24_00-48-34,0.2,XOR,3.0,1.0,0.0,1.1547005383792515,False,1.5,2,2,5,6,1,6,0,5,2,2.0,1.0,0.0,0.816496580927726,0.3333333333333333,1.8348939839524923,5.0,2.0,0.0,1.632993161855452,0.375
2.4274250754404965,FUZZY_OPTUNA_DARTS,0.562962962962963,2026-08-24_00-47-11,0.3055555555555556,XOR,5.0,2.4444444444444446,0.0,1.5713484026367723,False,1.5,3,5,9,22,0,9,0,5,1,5.0,2.4444444444444446,0.0,1.8324913891634047,0.18181818181818182,2.4274250754404965,7.0,4.888888888888889,3.0,1.4487116456005886,0.56
4.880496949131565,FUZZY_OPTUNA_DARTS,0.7611111111111111,2026-08-24_00-51-50,0.4,XOR,4.0,2.0,0.0,1.632993161855452,False,1.4,2,3,6,12,0,6,0,4,1,3.0,2.0,0.0,1.0,0.5,4.880496949131565,7.0,4.0,2.0,1.7320508075688772,0.5454545454545454
2.933459734627576,FUZZY_OPTUNA_DARTS,0.49714285714285716,2026-08-24_00-55-08,0.17777777777777778,XOR,5.0,1.6,0.0,1.9078784028338913,False,1.75,3,4,9,16,1,10,0,7,2,5.0,1.6,0.0,1.3564659966250536,0.375,2.933459734627576,10.0,3.2,0.0,2.6758176320519302,0.36585365853658536
1.5873217591809898,FUZZY_OPTUNA_DARTS,0.6666666666666666,2026-08-24_01-04-21,0.4,XOR,4.0,1.6,0.0,1.4966629547095767,True,1.2,2,1,5,8,0,5,0,5,1,3.0,1.6,0.0,1.2,0.0,1.5873217591809898,4.0,3.2,3.0,0.4,0.6666666666666666
2.4194792657770083,FUZZY_OPTUNA_DARTS,0.6666666666666666,2026-08-24_01-16-04,0.25,XOR,3.0,1.0,0.0,1.2649110640673518,True,1.1666666666666667,2,1,4,5,1,5,0,5,2,2.0,1.0,0.0,0.8944271909999159,0.0,2.4194792657770083,3.0,2.0,0.0,1.0954451150103321,0.75
7.909810627737346,FUZZY_OPTUNA_DARTS,0.8,2026-08-24_01-16-27,0.4,XOR,4.0,1.6,0.0,1.624807680927192,False,1.3,2,2,5,8,0,5,0,4,1,2.0,1.6,0.0,0.8,0.25,7.909810627737346,5.0,3.2,2.0,1.1661903789690602,0.6
1.200120374206794,FUZZY_OPTUNA_DARTS,0.8,2026-08-24_01-17-20,0.4,XOR,4.0,1.6,0.0,1.624807680927192,False,1.3,2,2,5,8,0,5,0,4,1,2.0,1.6,0.0,0.8,0.25,1.200120374206794,5.0,3.2,2.0,1.1661903789690602,0.6
5.9979017255520075,FUZZY_OPTUNA_DARTS,0.6666666666666666,2026-08-24_01-24-07,0.25,XOR,3.0,1.0,0.0,1.2649110640673518,True,1.1666666666666667,2,1,4,5,1,5,0,5,2,2.0,1.0,0.0,0.8944271909999159,0.0,5.9979017255520075,3.0,2.0,0.0,1.0954451150103321,0.75
10.013604655473056,FUZZY_OPTUNA_DARTS,0.6,2026-08-24_01-29-24,0.4,XOR,5.0,2.0,0.0,1.8257418583505538,False,1.2666666666666666,2,2,6,12,0,6,0,5,1,3.0,2.0,0.0,1.1547005383792515,0.16666666666666666,10.013604655473056,5.0,4.0,3.0,0.816496580927726,0.5806451612903226
2.771584374957296,FUZZY_OPTUNA_DARTS,0.419047619047619,2026-08-24_01-29-21,0.30952380952380953,XOR,5.0,1.8571428571428572,0.0,1.5518257844571737,True,1.4285714285714286,3,1,7,13,0,7,0,7,1,4.0,1.8571428571428572,0.0,1.5518257844571737,0.0,2.771584374957296,5.0,3.7142857142857144,2.0,0.8806305718527109,0.47368421052631576
0.9691810681847888,FUZZY_OPTUNA_DARTS,0.6666666666666666,2026-08-24_01-33-51,0.25,XOR,3.0,1.0,0.0,1.2649110640673518,True,1.1666666666666667,2,1,4,5,1,5,0,5,2,2.0,1.0,0.0,0.8944271909999159,0.0,0.9691810681847888,3.0,2.0,0.0,1.0954451150103321,0.75
1.1035137452790382,FUZZY_OPTUNA_DARTS,0.8,2026-08-24_01-36-05,0.4,XOR,4.0,1.6,0.0,1.624807680927192,False,1.3,2,2,5,8,0,5,0,4,1,2.0,1.6,0.0,0.8,0.25,1.1035137452790382,5.0,3.2,2.0,1.1661903789690602,0.6
7.206482944669403,FUZZY_OPTUNA_DARTS,0.47619047619047616,2026-08-24_01-35-57,0.19047619047619047,XOR,4.0,1.1428571428571428,0.0,1.4568627181693672,True,1.2,2,1,5,8,2,7,0,7,3,3.0,1.1428571428571428,0.0,1.2453996981544782,0.0,7.206482944669403,4.0,2.2857142857142856,0.0,1.4846149779161806,0.6666666666666666
9.59283399488237,FUZZY_OPTUNA_DARTS,0.375,2026-08-24_01-37-08,0.125,XOR,3.0,0.875,0.0,1.165922381636102,True,1.7333333333333334,3,1,6,7,2,8,0,8,3,2.0,0.875,0.0,0.9270248108869579,0.0,9.59283399488237,4.0,1.75,0.0,1.299038105676658,0.5
2.0770574927238177,FUZZY_OPTUNA_DARTS,0.6666666666666666,2026-08-24_01-42-38,0.25,XOR,3.0,1.0,0.0,1.2649110640673518,True,1.1666666666666667,2,1,4,5,1,5,0,5,2,2.0,1.0,0.0,0.8944271909999159,0.0,2.0770574927238177,3.0,2.0,0.0,1.0954451150103321,0.75
11.60134166771061,FUZZY_OPTUNA_DARTS,0.8,2026-08-24_01-42-49,0.45,XOR,4.0,1.8,0.0,1.6,False,1.3,2,2,5,9,0,5,1,4,1,3.0,1.8,0.0,0.9797958971132712,0.2222222222222222,11.60134166771061,5.0,3.6,2.0,1.3564659966250536,0.6
2.005250351900521,FUZZY_OPTUNA_DARTS,0.47619047619047616,2026-08-24_01-48-20,0.2857142857142857,XOR,4.0,1.7142857142857142,0.0,1.5779087167410373,False,1.3333333333333333,2,1,6,12,1,7,2,7,2,4.0,1.7142857142857142,0.0,1.5779087167410373,0.0,2.005250351900521,5.0,3.4285714285714284,0.0,1.5907898179514348,0.5
6.915770229550629,FUZZY_OPTUNA_DARTS,0.7666666666666666,2026-08-24_01-47-34,0.4523809523809524,XOR,6.0,2.7142857142857144,0.0,2.0503857277724746,False,1.1904761904761905,2,4,7,19,0,7,0,4,1,4.0,2.7142857142857144,0.0,1.385051387833237,0.21052631578947367,6.915770229550629,6.0,5.428571428571429,4.0,0.9035079029052513,0.75
1.5126627000489012,FUZZY_OPTUNA_DARTS,0.6666666666666666,2026-08-24_01-52-02,0.25,XOR,3.0,1.0,0.0,1.2649110640673518,True,1.1666666666666667,2,1,4,5,1,5,0,5,2,2.0,1.0,0.0,0.8944271909999159,0.0,1.5126627000489012,3.0,2.0,0.0,1.0954451150103321,0.75
1.198782272087717,FUZZY_OPTUNA_DARTS,0.4444444444444444,2026-08-24_01-52-51,0.16666666666666666,XOR,5.0,1.3333333333333333,0.0,1.7638342073763937,False,1.3333333333333333,2,2,6,12,3,9,1,8,4,3.0,1.3333333333333333,0.0,1.247219128924647,0.16666666666666666,1.198782272087717,5.0,2.6666666666666665,0.0,2.0548046676563256,0.5769230769230769
4.764354187417244,FUZZY_OPTUNA_DARTS,0.5333333333333333,2026-08-24_01-57-30,0.23333333333333334,XOR,6.0,2.1,0.0,2.1656407827707715,True,1.25,2,1,8,21,2,10,0,10,3,5.0,2.1,0.0,1.9209372712298547,0.0,4.764354187417244,6.0,4.2,0.0,2.181742422927143,0.6593406593406593
1.0068261710392978,FUZZY_OPTUNA_DARTS,0.17333333333333334,2026-08-24_01-59-20,0.2222222222222222,XOR,4.0,2.0,0.0,1.7888543819998317,False,1.4285714285714286,2,4,8,20,2,10,0,7,3,4.0,2.0,0.0,1.6733200530681511,0.4,1.0068261710392978,7.0,4.0,0.0,2.280350850198276,0.24
0.866510052727198,FUZZY_OPTUNA_DARTS,0.33333333333333337,2026-08-24_02-23-13,0.17857142857142858,XOR,4.0,1.25,0.0,1.479019945774904,False,1.4666666666666666,2,3,6,10,2,8,0,6,3,2.0,1.25,0.0,0.9682458365518543,0.4,0.866510052727198,5.0,2.5,0.0,1.7320508075688772,0.375
1.0141527707402131,FUZZY_OPTUNA_DARTS,0.6666666666666666,2026-08-24_02-45-35,0.25,XOR,3.0,1.0,0.0,1.2649110640673518,True,1.1666666666666667,2,1,4,5,1,5,0,5,2,2.0,1.0,0.0,0.8944271909999159,0.0,1.0141527707402131,3.0,2.0,0.0,1.0954451150103321,0.75
1.1362670076531465,FUZZY_OPTUNA_DARTS,0.5555555555555555,2026-08-24_02-47-52,0.26666666666666666,XOR,4.0,1.3333333333333333,0.0,1.4907119849998598,True,1.2,2,1,5,8,1,6,0,6,2,3.0,1.3333333333333333,0.0,1.247219128924647,0.0,1.1362670076531465,4.0,2.6666666666666665,0.0,1.247219128924647,0.6666666666666666
3.032417628604105,FUZZY_OPTUNA_DARTS,0.2857142857142857,2026-08-24_02-52-12,0.16666666666666666,XOR,3.0,1.0,0.0,1.1952286093343936,True,1.3,2,1,5,7,2,7,0,7,3,3.0,1.0,0.0,1.3093073414159544,0.0,3.032417628604105,3.0,2.0,0.0,1.3093073414159544,0.46153846153846156
0.9877260276369677,FUZZY_OPTUNA_DARTS,0.41666666666666663,2026-08-24_02-51-03,0.08928571428571429,XOR,3.0,0.625,0.0,1.1110243021644486,True,1.1666666666666667,2,1,4,5,4,8,0,8,5,2.0,0.625,0.0,0.8569568250501305,0.0,0.9877260276369677,3.0,1.25,0.0,1.299038105676658,0.75
6.306966621482858,FUZZY_OPTUNA_DARTS,0.5555555555555555,2026-08-24_02-55-41,0.16666666666666666,XOR,3.0,0.8333333333333334,0.0,1.2133516482134197,True,1.1666666666666667,2,1,4,5,2,6,0,6,3,2.0,0.8333333333333334,0.0,0.8975274678557507,0.0,6.306966621482858,3.0,1.6666666666666667,0.0,1.247219128924647,0.75
1.4705921615051225,FUZZY_OPTUNA_DARTS,0.5555555555555555,2026-08-24_02-56-42,0.16666666666666666,XOR,3.0,0.8333333333333334,0.0,1.2133516482134197,True,1.1666666666666667,2,1,4,5,2,6,0,6,3,2.0,0.8333333333333334,0.0,0.8975274678557507,0.0,1.4705921615051225,3.0,1.6666666666666667,0.0,1.247219128924647,0.75
1.1135782019944669,FUZZY_OPTUNA_DARTS,0.6095238095238094,2026-08-24_03-00-37,0.4523809523809524,XOR,5.0,2.7142857142857144,0.0,1.8294640678379568,False,1.2857142857142858,2,4,7,19,0,7,1,4,1,5.0,2.7142857142857144,0.0,1.4846149779161806,0.3157894736842105,1.1135782019944669,8.0,5.428571428571429,3.0,1.498298354528788,0.5882352941176471
1.0278932833221752,FUZZY_OPTUNA_DARTS,0.41481481481481475,2026-08-24_03-10-11,0.2638888888888889,XOR,6.0,2.111111111111111,0.0,2.1829869671542776,False,1.4285714285714286,2,5,8,19,1,9,0,5,2,4.0,2.111111111111111,0.0,1.286204100310025,0.3157894736842105,1.0278932833221752,8.0,4.222222222222222,0.0,2.298684540619689,0.41379310344827586
3.193803247556182,FUZZY_OPTUNA_DARTS,0.5592592592592592,2026-08-24_03-13-35,0.18055555555555555,XOR,5.0,1.4444444444444444,0.0,1.892154040658489,False,1.2666666666666666,2,3,6,13,3,9,1,7,4,3.0,1.4444444444444444,0.0,1.3425606637327303,0.15384615384615385,3.193803247556182,7.0,2.888888888888889,0.0,2.5141574442188355,0.7272727272727273
1.9091497518681877,FUZZY_OPTUNA_DARTS,0.5714285714285714,2026-08-24_03-24-27,0.19047619047619047,XOR,4.0,1.1428571428571428,0.0,1.5518257844571737,False,1.3,2,2,5,8,2,7,0,6,3,2.0,1.1428571428571428,0.0,0.989743318610787,0.25,1.9091497518681877,5.0,2.2857142857142856,0.0,1.749635530559413,0.6
5.13865891412566,FUZZY_OPTUNA_DARTS,0.47619047619047616,2026-08-24_03-25-34,0.19047619047619047,XOR,4.0,1.1428571428571428,0.0,1.4568627181693672,True,1.2,2,1,5,8,2,7,0,7,3,3.0,1.1428571428571428,0.0,1.2453996981544782,0.0,5.13865891412566,4.0,2.2857142857142856,0.0,1.4846149779161806,0.6666666666666666
4.5788611963548655,FUZZY_OPTUNA_DARTS,0.6666666666666666,2026-08-24_03-31-28,0.25,XOR,3.0,1.0,0.0,1.2649110640673518,True,1.1666666666666667,2,1,4,5,1,5,0,5,2,2.0,1.0,0.0,0.8944271909999159,0.0,4.5788611963548655,3.0,2.0,0.0,1.0954451150103321,0.75
4.875637851070135,FUZZY_OPTUNA_DARTS,0.47619047619047616,2026-08-24_03-30-04,0.11904761904761904,XOR,3.0,0.7142857142857143,0.0,1.1605769149479943,True,1.1666666666666667,2,1,4,5,3,7,0,7,4,2.0,0.7142857142857143,0.0,0.8806305718527109,0.0,4.875637851070135,3.0,1.4285714285714286,0.0,1.2936264483053452,0.75
2.8746592326143374,FUZZY_OPTUNA_DARTS,0.5555555555555555,2026-08-24_03-40-19,0.26666666666666666,XOR,4.0,1.3333333333333333,0.0,1.4907119849998598,True,1.2,2,1,5,8,1,6,0,6,2,3.0,1.3333333333333333,0.0,1.247219128924647,0.0,2.8746592326143374,4.0,2.6666666666666665,0.0,1.247219128924647,0.6666666666666666
5.6161685308340825,FUZZY_OPTUNA_DARTS,0.37037037037037035,2026-08-24_03-38-08,0.125,XOR,4.0,1.0,0.0,1.4907119849998598,False,1.2,2,1,5,9,4,9,1,9,5,3.0,1.0,0.0,1.247219128924647,0.0,5.6161685308340825,5.0,2.0,0.0,1.8856180831641267,0.6666666666666666
6.224840477774472,FUZZY_OPTUNA_DARTS,0.4285714285714285,2026-08-24_03-41-20,0.21428571428571427,XOR,4.0,1.2857142857142858,0.0,1.385051387833237,True,1.4666666666666666,3,1,6,9,1,7,0,7,2,3.0,1.2857142857142858,0.0,1.2777531299998799,0.0,6.224840477774472,4.0,2.5714285714285716,0.0,1.3997084244475304,0.5714285714285714
3.7708866293874355,FUZZY_OPTUNA_DARTS,0.6666666666666666,2026-08-24_03-55-20,0.25,XOR,3.0,1.0,0.0,1.2649110640673518,True,1.1666666666666667,2,1,4,5,1,5,0,5,2,2.0,1.0,0.0,0.8944271909999159,0.0,3.7708866293874355,3.0,2.0,0.0,1.0954451150103321,0.75
2.1212823531705345,FUZZY_OPTUNA_DARTS,0.3333333333333333,2026-08-24_04-06-02,0.09523809523809523,XOR,2.0,0.5714285714285714,0.0,0.9035079029052513,True,1.3333333333333333,2,1,4,4,3,7,0,7,4,2.0,0.5714285714285714,0.0,0.7284313590846836,0.0,2.1212823531705345,3.0,1.1428571428571428,0.0,1.124858267715973,0.6
1.9006526990049333,FUZZY_OPTUNA_DARTS,0.41,2026-08-24_04-23-44,0.2222222222222222,XOR,5.0,2.0,0.0,1.949358868961793,False,1.4642857142857142,3,4,8,20,2,10,0,7,3,4.0,2.0,0.0,1.7320508075688772,0.4,1.9006526990049333,8.0,4.0,0.0,2.756809750418044,0.5357142857142857
5.280489522920654,FUZZY_OPTUNA_DARTS,0.6666666666666666,2026-08-24_04-33-36,0.25,XOR,3.0,1.0,0.0,1.2649110640673518,True,1.1666666666666667,2,1,4,5,1,5,0,5,2,2.0,1.0,0.0,0.8944271909999159,0.0,5.280489522920654,3.0,2.0,0.0,1.0954451150103321,0.75
1.6165194553684001,FUZZY_OPTUNA_DARTS,0.41666666666666663,2026-08-24_04-48-43,0.08928571428571429,XOR,3.0,0.625,0.0,1.1110243021644486,True,1.1666666666666667,2,1,4,5,4,8,0,8,5,2.0,0.625,0.0,0.8569568250501305,0.0,1.6165194553684001,3.0,1.25,0.0,1.299038105676658,0.75
5.080681382573975,FUZZY_OPTUNA_DARTS,0.47619047619047616,2026-08-24_04-54-44,0.19047619047619047,XOR,4.0,1.1428571428571428,0.0,1.4568627181693672,True,1.2,2,1,5,8,2,7,0,7,3,3.0,1.1428571428571428,0.0,1.2453996981544782,0.0,5.080681382573975,4.0,2.2857142857142856,0.0,1.4846149779161806,0.6666666666666666
3.702161185714762,FUZZY_OPTUNA_DARTS,0.47619047619047616,2026-08-24_04-58-25,0.19047619047619047,XOR,4.0,1.1428571428571428,0.0,1.4568627181693672,True,1.2,2,1,5,8,2,7,0,7,3,3.0,1.1428571428571428,0.0,1.2453996981544782,0.0,3.702161185714762,4.0,2.2857142857142856,0.0,1.4846149779161806,0.6666666666666666
6.71728831529707,FUZZY_OPTUNA_DARTS,0.45,2026-08-24_04-54-40,0.1111111111111111,XOR,4.0,1.0,0.0,1.5491933384829668,False,1.1,2,1,5,10,5,10,1,10,6,3.0,1.0,0.0,1.3416407864998738,0.0,6.71728831529707,6.0,2.0,0.0,2.1447610589527217,0.875
0.9165911868269965,FUZZY_OPTUNA_DARTS,0.6000000000000001,2026-08-24_05-02-28,0.19642857142857142,XOR,5.0,1.375,0.0,1.8666480653835098,False,1.4,2,3,6,11,2,8,0,6,3,3.0,1.375,0.0,1.1110243021644486,0.36363636363636365,0.9165911868269965,7.0,2.75,0.0,2.222048604328897,0.5
2.1345040334669694,FUZZY_OPTUNA_DARTS,0.2888888888888889,2026-08-24_05-11-04,0.20833333333333334,XOR,5.0,1.6666666666666667,0.0,1.699673171197595,False,1.3333333333333333,2,2,7,15,2,9,0,8,3,4.0,1.6666666666666667,0.0,1.563471919941143,0.13333333333333333,2.1345040334669694,5.0,3.3333333333333335,0.0,1.8856180831641267,0.4186046511627907
3.054373210092916,FUZZY_OPTUNA_DARTS,0.5555555555555555,2026-08-24_05-18-13,0.16666666666666666,XOR,3.0,0.8333333333333334,0.0,1.2133516482134197,True,1.1666666666666667,2,1,4,5,2,6,0,6,3,2.0,0.8333333333333334,0.0,0.8975274678557507,0.0,3.054373210092916,3.0,1.6666666666666667,0.0,1.247219128924647,0.75
0.9011275426323521,FUZZY_OPTUNA_DARTS,0.7222222222222222,2026-08-24_05-28-25,0.3333333333333333,XOR,4.0,1.6666666666666667,0.0,1.699673171197595,False,1.2,2,2,5,10,1,6,1,5,2,3.0,1.6666666666666667,0.0,1.247219128924647,0.2,0.9011275426323521,6.0,3.3333333333333335,0.0,1.9720265943665387,0.7894736842105263
2.4093591198580833,FUZZY_OPTUNA_DARTS,0.39999999999999997,2026-08-24_05-25-05,0.18055555555555555,XOR,5.0,1.4444444444444444,0.0,1.7708197167232476,False,1.2666666666666666,2,3,6,13,3,9,0,7,4,3.0,1.4444444444444444,0.0,1.3425606637327303,0.3076923076923077,2.4093591198580833,5.0,2.888888888888889,0.0,2.1829869671542776,0.5806451612903226
1.8395386746455737,FUZZY_OPTUNA_DARTS,0.6666666666666666,2026-08-24_05-34-57,0.25,XOR,3.0,1.0,0.0,1.2649110640673518,True,1.1666666666666667,2,1,4,5,1,5,0,5,2,2.0,1.0,0.0,0.8944271909999159,0.0,1.8395386746455737,3.0,2.0,0.0,1.0954451150103321,0.75
11.001850182910019,FUZZY_OPTUNA_DARTS,0.47619047619047616,2026-08-24_05-36-00,0.11904761904761904,XOR,3.0,0.7142857142857143,0.0,1.1605769149479943,True,1.1666666666666667,2,1,4,5,3,7,0,7,4,2.0,0.7142857142857143,0.0,0.8806305718527109,0.0,11.001850182910019,3.0,1.4285714285714286,0.0,1.2936264483053452,0.75
1.5497564295413373,FUZZY_OPTUNA_DARTS,0.59,2026-08-24_05-32-57,0.4,XOR,7.0,3.6,0.0,2.244994432064365,False,1.3333333333333333,2,6,10,36,0,10,1,5,1,7.0,3.6,0.0,2.1540659228538015,0.2777777777777778,1.5497564295413373,11.0,7.2,5.0,1.7776388834631178,0.5806451612903226
1.174228385029095,FUZZY_OPTUNA_DARTS,0.5555555555555555,2026-08-24_05-40-27,0.16666666666666666,XOR,3.0,0.8333333333333334,0.0,1.2133516482134197,True,1.1666666666666667,2,1,4,5,2,6,0,6,3,2.0,0.8333333333333334,0.0,0.8975274678557507,0.0,1.174228385029095,3.0,1.6666666666666667,0.0,1.247219128924647,0.75
1.5431833708910234,FUZZY_OPTUNA_DARTS,0.5714285714285714,2026-08-24_05-40-32,0.16666666666666666,XOR,4.0,1.0,0.0,1.4142135623730951,True,1.3,2,1,5,7,2,7,0,7,3,2.0,1.0,0.0,0.9258200997725514,0.0,1.5431833708910234,4.0,2.0,0.0,1.511857892036909,0.6
10.511330408111476,FUZZY_OPTUNA_DARTS,0.2,2026-08-24_05-47-31,0.07777777777777778,XOR,3.0,0.7,0.0,1.1,True,1.3,2,1,5,7,5,10,0,10,6,3.0,0.7,0.0,1.004987562112089,0.0,10.511330408111476,3.0,1.4,0.0,1.42828568570857,0.46153846153846156
2.9131009278150586,FUZZY_OPTUNA_DARTS,0.6666666666666666,2026-08-24_06-07-43,0.25,XOR,3.0,1.0,0.0,1.2649110640673518,True,1.1666666666666667,2,1,4,5,1,5,0,5,2,2.0,1.0,0.0,0.8944271909999159,0.0,2.9131009278150586,3.0,2.0,0.0,1.0954451150103321,0.75
0.9409617656119863,FUZZY_OPTUNA_DARTS,0.5708333333333333,2026-08-24_06-04-37,0.19642857142857142,XOR,4.0,1.375,0.0,1.5761900266148114,False,1.4,2,3,6,11,2,8,1,6,3,3.0,1.375,0.0,1.1110243021644486,0.18181818181818182,0.9409617656119863,6.0,2.75,0.0,2.0463381929681126,0.5454545454545454
4.9594474468290795,FUZZY_OPTUNA_DARTS,0.25999999999999995,2026-08-24_06-01-03,0.16666666666666666,XOR,5.0,1.5,0.0,1.6881943016134133,False,1.3333333333333333,2,2,7,15,3,10,0,9,4,4.0,1.5,0.0,1.6278820596099706,0.13333333333333333,4.9594474468290795,5.0,3.0,0.0,2.04939015319192,0.4186046511627907
1.4424239738674132,FUZZY_OPTUNA_DARTS,0.5555555555555555,2026-08-24_06-07-45,0.16666666666666666,XOR,3.0,0.8333333333333334,0.0,1.2133516482134197,True,1.1666666666666667,2,1,4,5,2,6,0,6,3,2.0,0.8333333333333334,0.0,0.8975274678557507,0.0,1.4424239738674132,3.0,1.6666666666666667,0.0,1.247219128924647,0.75
1.1236693263347493,FUZZY_OPTUNA_DARTS,0.4438095238095238,2026-08-24_06-09-58,0.24444444444444444,XOR,6.0,2.2,0.0,2.039607805437114,False,1.5277777777777777,3,3,9,22,1,10,2,8,2,5.0,2.2,0.0,1.6613247725836149,0.18181818181818182,1.1236693263347493,9.0,4.4,0.0,2.3323807579381204,0.43478260869565216
3.4704395972170845,FUZZY_OPTUNA_DARTS,0.26666666666666666,2026-08-24_06-09-52,0.06666666666666667,XOR,3.0,0.6,0.0,1.019803902718557,True,1.5,3,1,5,6,5,10,0,10,6,3.0,0.6,0.0,1.019803902718557,0.0,3.4704395972170845,3.0,1.2,0.0,1.3266499161421599,0.6
2.2621603302952935,FUZZY_OPTUNA_DARTS,0.5555555555555555,2026-08-24_06-19-24,0.16666666666666666,XOR,3.0,0.8333333333333334,0.0,1.2133516482134197,True,1.1666666666666667,2,1,4,5,2,6,0,6,3,2.0,0.8333333333333334,0.0,0.8975274678557507,0.0,2.2621603302952935,3.0,1.6666666666666667,0.0,1.247219128924647,0.75
3.2219557662470497,FUZZY_OPTUNA_DARTS,0.5458333333333333,2026-08-24_06-20-19,0.25,XOR,5.0,1.75,0.0,1.920286436967152,False,1.2,2,2,6,14,2,8,1,7,3,4.0,1.75,0.0,1.479019945774904,0.14285714285714285,3.2219557662470497,7.0,3.5,0.0,2.29128784747792,0.7297297297297297
2.258518899939633,FUZZY_OPTUNA_DARTS,0.4857142857142857,2026-08-24_06-33-07,0.3333333333333333,XOR,5.0,2.0,0.0,1.6903085094570331,False,1.4761904761904763,3,2,7,14,0,7,0,5,1,3.0,2.0,0.0,1.0690449676496976,0.2857142857142857,2.258518899939633,6.0,4.0,2.0,1.3093073414159544,0.5142857142857142
1.4268261644104523,FUZZY_OPTUNA_DARTS,0.5555555555555555,2026-08-24_06-42-23,0.16666666666666666,XOR,3.0,0.8333333333333334,0.0,1.2133516482134197,True,1.1666666666666667,2,1,4,5,2,6,0,6,3,2.0,0.8333333333333334,0.0,0.8975274678557507,0.0,1.4268261644104523,3.0,1.6666666666666667,0.0,1.247219128924647,0.75
6.798469644714388,FUZZY_OPTUNA_DARTS,0.4133333333333333,2026-08-24_06-42-56,0.15555555555555556,XOR,5.0,1.4,0.0,1.4966629547095767,True,1.5714285714285714,3,1,8,14,2,10,0,10,3,4.0,1.4,0.0,1.5620499351813308,0.0,6.798469644714388,5.0,2.8,0.0,1.8867962264113207,0.4883720930232558
2.0681033150604526,FUZZY_OPTUNA_DARTS,0.6208333333333333,2026-08-24_06-57-55,0.16071428571428573,XOR,3.0,1.125,0.0,1.2686114456365274,False,1.4666666666666666,2,2,6,9,2,8,0,7,3,3.0,1.125,0.0,1.165922381636102,0.2222222222222222,2.0681033150604526,6.0,2.25,0.0,1.7853571071357126,0.5294117647058824
4.141227102885492,FUZZY_OPTUNA_DARTS,0.6666666666666666,2026-08-24_07-04-45,0.25,XOR,3.0,1.0,0.0,1.2649110640673518,True,1.1666666666666667,2,1,4,5,1,5,0,5,2,2.0,1.0,0.0,0.8944271909999159,0.0,4.141227102885492,3.0,2.0,0.0,1.0954451150103321,0.75
0.8718365253522397,FUZZY_OPTUNA_DARTS,0.8388888888888889,2026-08-24_07-05-28,0.43333333333333335,XOR,5.0,2.1666666666666665,0.0,1.9507833184532708,False,1.2666666666666666,2,2,6,13,0,6,1,5,1,3.0,2.1666666666666665,0.0,1.0671873729054748,0.15384615384615385,0.8718365253522397,6.0,4.333333333333333,3.0,1.3743685418725535,0.7272727272727273
2.843337140028667,FUZZY_OPTUNA_DARTS,0.5555555555555555,2026-08-24_07-11-46,0.16666666666666666,XOR,3.0,0.8333333333333334,0.0,1.2133516482134197,True,1.1666666666666667,2,1,4,5,2,6,0,6,3,2.0,0.8333333333333334,0.0,0.8975274678557507,0.0,2.843337140028667,3.0,1.6666666666666667,0.0,1.247219128924647,0.75
4.455043692891774,FUZZY_OPTUNA_DARTS,0.6666666666666666,2026-08-24_07-28-20,0.4,XOR,4.0,1.6,0.0,1.4966629547095767,True,1.2,2,1,5,8,0,5,0,5,1,3.0,1.6,0.0,1.2,0.0,4.455043692891774,4.0,3.2,3.0,0.4,0.6666666666666666
4.9490782180259085,FUZZY_OPTUNA_DARTS,0.41666666666666663,2026-08-24_07-38-46,0.08928571428571429,XOR,3.0,0.625,0.0,1.1110243021644486,True,1.1666666666666667,2,1,4,5,4,8,0,8,5,2.0,0.625,0.0,0.8569568250501305,0.0,4.9490782180259085,3.0,1.25,0.0,1.299038105676658,0.75
2.9781136342452195,FUZZY_OPTUNA_DARTS,0.6000000000000001,2026-08-24_07-47-15,0.3194444444444444,XOR,6.0,2.5555555555555554,0.0,2.1659542988464366,False,1.2857142857142858,2,5,8,23,1,9,0,5,2,4.0,2.5555555555555554,0.0,1.5713484026367723,0.2608695652173913,2.9781136342452195,8.0,5.111111111111111,0.0,2.1829869671542776,0.6428571428571429
0.9440526769393356,FUZZY_OPTUNA_DARTS,0.37142857142857144,2026-08-24_07-52-22,0.35714285714285715,XOR,5.0,2.142857142857143,0.0,1.6413036132965797,False,1.3333333333333333,2,2,7,15,0,7,0,6,1,4.0,2.142857142857143,0.0,1.355261854357877,0.13333333333333333,0.9440526769393356,5.0,4.285714285714286,3.0,0.6998542122237652,0.4186046511627907
2.458134680822227,FUZZY_OPTUNA_DARTS,0.5875,2026-08-24_07-54-20,0.3392857142857143,XOR,6.0,2.375,0.0,1.9324531042175384,False,1.4285714285714286,2,4,8,19,0,8,1,5,1,4.0,2.375,0.0,1.4947825928876748,0.21052631578947367,2.458134680822227,8.0,4.75,3.0,1.6393596310755,0.4909090909090909
0.832104699631889,FUZZY_OPTUNA_DARTS,0.5625,2026-08-24_08-06-34,0.17857142857142858,XOR,4.0,1.25,0.0,1.6393596310755,False,1.1,2,1,5,10,3,8,1,8,4,3.0,1.25,0.0,1.3919410907075054,0.0,0.832104699631889,6.0,2.5,0.0,2.1213203435596424,0.875
4.243570127235463,FUZZY_OPTUNA_DARTS,0.48518518518518516,2026-08-24_08-05-38,0.18055555555555555,XOR,5.0,1.4444444444444444,0.0,1.7708197167232476,False,1.2,2,1,6,13,3,9,1,9,4,4.0,1.4444444444444444,0.0,1.640535895581489,0.0,4.243570127235463,6.0,2.888888888888889,0.0,2.1829869671542776,0.7297297297297297
0.8137721115176015,FUZZY_OPTUNA_DARTS,0.8,2026-08-24_08-12-48,0.4523809523809524,XOR,5.0,2.7142857142857144,0.0,2.3733211036908783,False,1.0666666666666667,2,3,6,19,1,7,3,5,2,4.0,2.7142857142857144,0.0,1.749635530559413,0.21052631578947367,0.8137721115176015,9.0,5.428571428571429,0.0,2.920721185751553,0.9230769230769231
13.017213581312658,FUZZY_OPTUNA_DARTS,0.47619047619047616,2026-08-24_08-13-19,0.19047619047619047,XOR,4.0,1.1428571428571428,0.0,1.4568627181693672,True,1.2,2,1,5,8,2,7,0,7,3,3.0,1.1428571428571428,0.0,1.2453996981544782,0.0,13.017213581312658,4.0,2.2857142857142856,0.0,1.4846149779161806,0.6666666666666666
0.8087005952777695,FUZZY_OPTUNA_DARTS,0.5555555555555555,2026-08-24_08-17-47,0.16666666666666666,XOR,3.0,0.8333333333333334,0.0,1.2133516482134197,True,1.1666666666666667,2,1,4,5,2,6,0,6,3,2.0,0.8333333333333334,0.0,0.8975274678557507,0.0,0.8087005952777695,3.0,1.6666666666666667,0.0,1.247219128924647,0.75
0.8604567878530388,FUZZY_OPTUNA_DARTS,0.24074074074074078,2026-08-24_08-15-48,0.08333333333333333,XOR,3.0,0.6666666666666666,0.0,1.0540925533894598,False,1.5,2,2,5,6,4,9,0,8,5,2.0,0.6666666666666666,0.0,0.816496580927726,0.3333333333333333,0.8604567878530388,5.0,1.3333333333333333,0.0,1.632993161855452,0.375
4.028182287992146,FUZZY_OPTUNA_DARTS,0.5714285714285714,2026-08-24_08-28-23,0.19047619047619047,XOR,4.0,1.1428571428571428,0.0,1.5518257844571737,False,1.3,2,2,5,8,2,7,0,6,3,2.0,1.1428571428571428,0.0,0.989743318610787,0.25,4.028182287992146,5.0,2.2857142857142856,0.0,1.749635530559413,0.6
1.177518412476592,FUZZY_OPTUNA_DARTS,0.47619047619047616,2026-08-24_08-30-38,0.11904761904761904,XOR,3.0,0.7142857142857143,0.0,1.1605769149479943,True,1.1666666666666667,2,1,4,5,3,7,0,7,4,2.0,0.7142857142857143,0.0,0.8806305718527109,0.0,1.177518412476592,3.0,1.4285714285714286,0.0,1.2936264483053452,0.75
5.408002241829275,FUZZY_OPTUNA_DARTS,0.6666666666666666,2026-08-24_08-42-53,0.25,XOR,3.0,1.0,0.0,1.2649110640673518,True,1.1666666666666667,2,1,4,5,1,5,0,5,2,2.0,1.0,0.0,0.8944271909999159,0.0,5.408002241829275,3.0,2.0,0.0,1.0954451150103321,0.75
2.454592164778786,FUZZY_OPTUNA_DARTS,0.4444444444444444,2026-08-24_08-37-27,0.16666666666666666,XOR,4.0,1.3333333333333333,0.0,1.699673171197595,False,1.3333333333333333,2,2,6,12,3,9,1,8,4,3.0,1.3333333333333333,0.0,1.3333333333333333,0.16666666666666666,2.454592164778786,6.0,2.6666666666666665,0.0,2.160246899469287,0.5769230769230769
2.1263894900255034,FUZZY_OPTUNA_DARTS,0.8,2026-08-24_08-47-28,0.4,XOR,4.0,1.6,0.0,1.624807680927192,False,1.3,2,2,5,8,0,5,0,4,1,2.0,1.6,0.0,0.8,0.25,2.1263894900255034,5.0,3.2,2.0,1.1661903789690602,0.6
2.046071336534278,FUZZY_OPTUNA_DARTS,0.4,2026-08-24_08-43-30,0.16666666666666666,XOR,5.0,1.3333333333333333,0.0,1.699673171197595,False,1.2666666666666666,2,2,6,12,3,9,0,8,4,3.0,1.3333333333333333,0.0,1.247219128924647,0.16666666666666666,2.046071336534278,5.0,2.6666666666666665,0.0,2.0,0.5806451612903226
5.905742047970401,FUZZY_OPTUNA_DARTS,0.6666666666666666,2026-08-24_08-48-58,0.25,XOR,3.0,1.0,0.0,1.2649110640673518,True,1.1666666666666667,2,1,4,5,1,5,0,5,2,2.0,1.0,0.0,0.8944271909999159,0.0,5.905742047970401,3.0,2.0,0.0,1.0954451150103321,0.75
1.2271404377917834,FUZZY_OPTUNA_DARTS,0.9,2026-08-24_08-49-25,0.5,XOR,4.0,2.0,0.0,1.6733200530681511,False,1.1,2,1,5,10,0,5,1,5,1,3.0,2.0,0.0,1.2649110640673518,0.0,1.2271404377917834,6.0,4.0,3.0,1.0954451150103321,0.875
5.148569910758037,FUZZY_OPTUNA_DARTS,0.6666666666666666,2026-08-24_08-49-42,0.25,XOR,3.0,1.0,0.0,1.2649110640673518,True,1.1666666666666667,2,1,4,5,1,5,0,5,2,2.0,1.0,0.0,0.8944271909999159,0.0,5.148569910758037,3.0,2.0,0.0,1.0954451150103321,0.75
1.8929408441512527,FUZZY_OPTUNA_DARTS,0.5285714285714286,2026-08-24_08-51-01,0.23809523809523808,XOR,4.0,1.4285714285714286,0.0,1.3997084244475304,False,1.5714285714285714,2,2,7,10,0,7,0,6,1,4.0,1.4285714285714286,0.0,1.3997084244475304,0.2,1.8929408441512527,7.0,2.857142857142857,1.0,1.9587584572574412,0.375
2.4965369243308926,FUZZY_OPTUNA_DARTS,0.5714285714285714,2026-08-24_08-56-14,0.19047619047619047,XOR,4.0,1.1428571428571428,0.0,1.5518257844571737,False,1.3,2,2,5,8,2,7,0,6,3,2.0,1.1428571428571428,0.0,0.989743318610787,0.25,2.4965369243308926,5.0,2.2857142857142856,0.0,1.749635530559413,0.6
0.9020949214582092,FUZZY_OPTUNA_DARTS,0.5148148148148147,2026-08-24_08-55-29,0.2638888888888889,XOR,6.0,2.111111111111111,0.0,2.1829869671542776,False,1.5714285714285714,3,5,8,19,1,9,1,5,2,5.0,2.111111111111111,0.0,1.6629588385661962,0.5263157894736842,0.9020949214582092,11.0,4.222222222222222,0.0,3.3259176771323924,0.5581395348837209
8.42692886488725,FUZZY_OPTUNA_DARTS,0.6666666666666666,2026-08-24_09-00-42,0.23333333333333334,XOR,4.0,1.1666666666666667,0.0,1.4624940645653537,True,1.3,2,1,5,7,1,6,0,6,2,2.0,1.1666666666666667,0.0,0.8975274678557507,0.0,8.42692886488725,4.0,2.3333333333333335,0.0,1.3743685418725535,0.6
1.4419498079750401,FUZZY_OPTUNA_DARTS,0.41666666666666663,2026-08-24_09-06-10,0.08928571428571429,XOR,3.0,0.625,0.0,1.1110243021644486,True,1.1666666666666667,2,1,4,5,4,8,0,8,5,2.0,0.625,0.0,0.8569568250501305,0.0,1.4419498079750401,3.0,1.25,0.0,1.299038105676658,0.75
3.1577584741909135,FUZZY_OPTUNA_DARTS,0.47777777777777775,2026-08-24_09-10-10,0.19444444444444445,XOR,6.0,1.5555555555555556,0.0,1.892154040658489,False,1.380952380952381,2,2,7,14,2,9,0,8,3,4.0,1.5555555555555556,0.0,1.4989708403591158,0.14285714285714285,3.1577584741909135,6.0,3.111111111111111,0.0,1.9116278371205837,0.525
2.5595824717370994,FUZZY_OPTUNA_DARTS,0.3933333333333333,2026-08-24_09-12-09,0.17777777777777778,XOR,5.0,1.6,0.0,1.7435595774162693,False,1.3333333333333333,2,2,7,16,3,10,1,9,4,4.0,1.6,0.0,1.42828568570857,0.125,2.5595824717370994,5.0,3.2,0.0,2.181742422927143,0.5454545454545454
2.0886319132452345,FUZZY_OPTUNA_DARTS,0.5,2026-08-24_09-18-43,0.14285714285714285,XOR,4.0,1.0,0.0,1.5,False,1.3,2,2,5,8,3,8,0,7,4,2.0,1.0,0.0,1.0,0.25,2.0886319132452345,5.0,2.0,0.0,1.8027756377319946,0.6
1.2750961210673109,FUZZY_OPTUNA_DARTS,0.462962962962963,2026-08-24_09-21-32,0.19444444444444445,XOR,4.0,1.5555555555555556,0.0,1.640535895581489,False,1.380952380952381,2,1,7,14,2,9,1,9,3,5.0,1.5555555555555556,0.0,1.8324913891634047,0.0,1.2750961210673109,7.0,3.111111111111111,0.0,2.1829869671542776,0.6
5.141481590080204,FUZZY_OPTUNA_DARTS,0.45,2026-08-24_09-26-10,0.21428571428571427,XOR,5.0,1.5,0.0,1.8027756377319946,False,1.2666666666666666,2,2,6,12,2,8,0,7,3,3.0,1.5,0.0,1.3228756555322954,0.16666666666666666,5.141481590080204,5.0,3.0,0.0,1.8708286933869707,0.5806451612903226
3.30507318096959,FUZZY_OPTUNA_DARTS,0.6666666666666666,2026-08-24_09-35-51,0.25,XOR,3.0,1.0,0.0,1.2649110640673518,True,1.1666666666666667,2,1,4,5,1,5,0,5,2,2.0,1.0,0.0,0.8944271909999159,0.0,3.30507318096959,3.0,2.0,0.0,1.0954451150103321,0.75
4.431873756898617,FUZZY_OPTUNA_DARTS,0.41666666666666663,2026-08-24_09-34-42,0.14285714285714285,XOR,4.0,1.0,0.0,1.4142135623730951,True,1.2,2,1,5,8,3,8,0,8,4,3.0,1.0,0.0,1.224744871391589,0.0,4.431873756898617,4.0,2.0,0.0,1.5811388300841898,0.6666666666666666
1.7197806638295137,FUZZY_OPTUNA_DARTS,0.6666666666666666,2026-08-24_09-41-17,0.25,XOR,3.0,1.0,0.0,1.2649110640673518,True,1.1666666666666667,2,1,4,5,1,5,0,5,2,2.0,1.0,0.0,0.8944271909999159,0.0,1.7197806638295137,3.0,2.0,0.0,1.0954451150103321,0.75
0.836880134684407,FUZZY_OPTUNA_DARTS,0.6333333333333333,2026-08-24_09-38-30,0.18888888888888888,XOR,5.0,1.7,0.0,1.8466185312619388,False,1.5,2,4,8,17,2,10,0,7,3,5.0,1.7,0.0,1.8466185312619388,0.35294117647058826,0.836880134684407,10.0,3.4,0.0,2.870540018881465,0.5
1.8329527129337628,FUZZY_OPTUNA_DARTS,0.6666666666666666,2026-08-24_09-48-01,0.25,XOR,3.0,1.0,0.0,1.2649110640673518,True,1.1666666666666667,2,1,4,5,1,5,0,5,2,2.0,1.0,0.0,0.8944271909999159,0.0,1.8329527129337628,3.0,2.0,0.0,1.0954451150103321,0.75
4.645722920799907,FUZZY_OPTUNA_DARTS,0.49166666666666664,2026-08-24_09-50-10,0.26785714285714285,XOR,5.0,1.875,0.0,1.6909686573085854,False,1.3333333333333333,2,3,7,15,1,8,0,6,2,4.0,1.875,0.0,1.3635890143294642,0.13333333333333333,4.645722920799907,6.0,3.75,0.0,1.713913650100261,0.5454545454545454
1.412337501360268,FUZZY_OPTUNA_DARTS,0.36296296296296293,2026-08-24_09-51-13,0.3055555555555556,XOR,6.0,2.4444444444444446,0.0,1.7708197167232476,False,1.5,2,5,9,22,0,9,0,5,1,5.0,2.4444444444444446,0.0,1.4989708403591158,0.36363636363636365,1.412337501360268,8.0,4.888888888888889,3.0,1.6629588385661962,0.3559322033898305
1.2552661783795298,FUZZY_OPTUNA_DARTS,0.41111111111111115,2026-08-24_09-52-32,0.2638888888888889,XOR,5.0,2.111111111111111,0.0,2.078698548207745,False,1.2857142857142858,2,3,7,19,2,9,1,7,3,4.0,2.111111111111111,0.0,1.7284832429004495,0.3157894736842105,1.2552661783795298,8.0,4.222222222222222,0.0,2.6152449546532934,0.54
1.6036688807082549,FUZZY_OPTUNA_DARTS,0.5666666666666668,2026-08-24_09-59-38,0.18055555555555555,XOR,5.0,1.4444444444444444,0.0,1.892154040658489,False,1.2,2,3,6,13,3,9,0,7,4,3.0,1.4444444444444444,0.0,1.3425606637327303,0.15384615384615385,1.6036688807082549,6.0,2.888888888888889,0.0,2.23330569358242,0.7692307692307693
4.1726292213958045,FUZZY_OPTUNA_DARTS,0.4333333333333334,2026-08-24_10-06-29,0.3,XOR,3.0,1.2,0.0,1.1661903789690602,False,1.5,2,2,5,6,0,5,0,4,1,2.0,1.2,0.0,0.7483314773547883,0.3333333333333333,4.1726292213958045,5.0,2.4,1.0,1.4966629547095767,0.375
3.4604076259869587,FUZZY_OPTUNA_DARTS,0.41666666666666663,2026-08-24_10-05-04,0.14285714285714285,XOR,4.0,1.0,0.0,1.4142135623730951,True,1.2,2,1,5,8,3,8,0,8,4,3.0,1.0,0.0,1.224744871391589,0.0,3.4604076259869587,4.0,2.0,0.0,1.5811388300841898,0.6666666666666666
3.525496766267473,FUZZY_OPTUNA_DARTS,0.47619047619047616,2026-08-24_10-10-32,0.11904761904761904,XOR,3.0,0.7142857142857143,0.0,1.1605769149479943,True,1.1666666666666667,2,1,4,5,3,7,0,7,4,2.0,0.7142857142857143,0.0,0.8806305718527109,0.0,3.525496766267473,3.0,1.4285714285714286,0.0,1.2936264483053452,0.75
1.2891493313196742,FUZZY_OPTUNA_DARTS,0.6333333333333333,2026-08-24_10-20-27,0.3,XOR,4.0,1.5,0.0,1.5,False,1.4666666666666666,2,2,6,9,0,6,0,5,1,3.0,1.5,0.0,1.118033988749895,0.2222222222222222,1.2891493313196742,6.0,3.0,1.0,1.632993161855452,0.47368421052631576
4.426755304211708,FUZZY_OPTUNA_DARTS,0.5,2026-08-24_10-20-38,0.2,XOR,3.0,1.0,0.0,1.1547005383792515,True,1.4,2,1,5,6,1,6,0,6,2,2.0,1.0,0.0,1.0,0.0,4.426755304211708,4.0,2.0,0.0,1.2909944487358056,0.5454545454545454
2.5322390902495417,FUZZY_OPTUNA_DARTS,0.47619047619047616,2026-08-24_10-19-47,0.21428571428571427,XOR,4.0,1.2857142857142858,0.0,1.385051387833237,False,1.2,2,1,5,9,1,7,1,7,3,3.0,1.2857142857142858,0.0,1.1605769149479943,0.0,2.5322390902495417,4.0,2.5714285714285716,0.0,1.178030178747903,0.6666666666666666
1.3378375457853349,FUZZY_OPTUNA_DARTS,0.5041666666666667,2026-08-24_10-30-25,0.2857142857142857,XOR,6.0,2.0,0.0,1.9364916731037085,False,1.5714285714285714,3,3,8,16,0,8,0,6,1,3.0,2.0,0.0,1.0,0.125,1.3378375457853349,6.0,4.0,1.0,1.5811388300841898,0.5510204081632653
2.0279399332734616,FUZZY_OPTUNA_DARTS,0.37037037037037035,2026-08-24_10-31-29,0.125,XOR,4.0,1.0,0.0,1.3333333333333333,False,1.2,2,1,5,9,3,9,1,9,5,3.0,1.0,0.0,1.1547005383792515,0.0,2.0279399332734616,4.0,2.0,0.0,1.4907119849998598,0.6666666666666666
2.439487727365873,FUZZY_OPTUNA_DARTS,0.439047619047619,2026-08-24_10-39-10,0.3333333333333333,XOR,6.0,3.0,0.0,2.280350850198276,False,1.4444444444444444,3,7,10,30,0,10,0,4,1,5.0,3.0,0.0,1.4832396974191326,0.26666666666666666,2.439487727365873,9.0,6.0,3.0,1.8439088914585775,0.4358974358974359
1.1582973557089795,FUZZY_OPTUNA_DARTS,0.5714285714285714,2026-08-24_10-46-38,0.19047619047619047,XOR,4.0,1.1428571428571428,0.0,1.5518257844571737,False,1.3,2,2,5,8,2,7,0,6,3,2.0,1.1428571428571428,0.0,0.989743318610787,0.25,1.1582973557089795,5.0,2.2857142857142856,0.0,1.749635530559413,0.6
5.017951124927972,FUZZY_OPTUNA_DARTS,0.47619047619047616,2026-08-24_10-46-45,0.19047619047619047,XOR,4.0,1.1428571428571428,0.0,1.4568627181693672,True,1.2,2,1,5,8,2,7,0,7,3,3.0,1.1428571428571428,0.0,1.2453996981544782,0.0,5.017951124927972,4.0,2.2857142857142856,0.0,1.4846149779161806,0.6666666666666666
4.4734314553903465,FUZZY_OPTUNA_DARTS,0.5555555555555555,2026-08-24_10-51-04,0.16666666666666666,XOR,3.0,0.8333333333333334,0.0,1.2133516482134197,True,1.1666666666666667,2,1,4,5,2,6,0,6,3,2.0,0.8333333333333334,0.0,0.8975274678557507,0.0,4.4734314553903465,3.0,1.6666666666666667,0.0,1.247219128924647,0.75
3.0087243894745237,FUZZY_OPTUNA_DARTS,0.39999999999999997,2026-08-24_10-47-01,0.1111111111111111,XOR,5.0,1.0,0.0,1.5491933384829668,True,1.3333333333333333,2,1,6,10,4,10,0,10,5,3.0,1.0,0.0,1.1832159566199232,0.0,3.0087243894745237,5.0,2.0,0.0,1.7888543819998317,0.5769230769230769
2.634495398568915,FUZZY_OPTUNA_DARTS,0.6666666666666666,2026-08-24_11-00-17,0.4,XOR,4.0,1.6,0.0,1.4966629547095767,True,1.2,2,1,5,8,0,5,0,5,1,3.0,1.6,0.0,1.2,0.0,2.634495398568915,4.0,3.2,3.0,0.4,0.6666666666666666
5.507659883455397,FUZZY_OPTUNA_DARTS,0.6095238095238095,2026-08-24_11-00-46,0.4523809523809524,XOR,5.0,2.7142857142857144,0.0,1.979486637221574,False,1.2857142857142858,2,4,7,19,0,7,1,4,1,4.0,2.7142857142857144,0.0,1.2777531299998799,0.3157894736842105,5.507659883455397,7.0,5.428571428571429,4.0,1.178030178747903,0.5882352941176471
1.7206180040292132,FUZZY_OPTUNA_DARTS,0.2222222222222222,2026-08-24_11-05-16,0.09722222222222222,XOR,3.0,0.7777777777777778,0.0,1.1331154474650633,True,1.3,2,1,5,7,4,9,0,9,5,3.0,0.7777777777777778,0.0,1.227262335243029,0.0,1.7206180040292132,3.0,1.5555555555555556,0.0,1.4229164972072996,0.46153846153846156
1.06808556610195,FUZZY_OPTUNA_DARTS,0.42333333333333334,2026-08-24_11-11-12,0.13333333333333333,XOR,4.0,1.2,0.0,1.6,False,1.619047619047619,3,3,7,12,3,10,0,8,4,3.0,1.2,0.0,1.0770329614269007,0.3333333333333333,1.06808556610195,6.0,2.4,0.0,2.1071307505705477,0.48
1.911142537122101,FUZZY_OPTUNA_DARTS,0.4666666666666666,2026-08-24_11-19-30,0.2,XOR,2.0,0.8,0.0,0.9797958971132712,True,1.3333333333333333,2,1,4,4,1,5,0,5,2,2.0,0.8,0.0,0.7483314773547883,0.0,1.911142537122101,3.0,1.6,0.0,1.019803902718557,0.6
1.8512065267595668,FUZZY_OPTUNA_DARTS,0.6666666666666666,2026-08-24_11-19-39,0.23333333333333334,XOR,4.0,1.1666666666666667,0.0,1.4624940645653537,True,1.3,2,1,5,7,1,6,0,6,2,2.0,1.1666666666666667,0.0,0.8975274678557507,0.0,1.8512065267595668,4.0,2.3333333333333335,0.0,1.3743685418725535,0.6
4.250057846171531,FUZZY_OPTUNA_DARTS,0.6666666666666666,2026-08-24_11-20-35,0.23333333333333334,XOR,4.0,1.1666666666666667,0.0,1.4624940645653537,True,1.3,2,1,5,7,1,6,0,6,2,2.0,1.1666666666666667,0.0,0.8975274678557507,0.0,4.250057846171531,4.0,2.3333333333333335,0.0,1.3743685418725535,0.6
3.924761395861334,FUZZY_OPTUNA_DARTS,0.36,2026-08-24_11-16-35,0.13333333333333333,XOR,5.0,1.2,0.0,1.6613247725836149,False,1.2666666666666666,2,2,6,12,4,10,0,9,5,3.0,1.2,0.0,1.2489995996796797,0.16666666666666666,3.924761395861334,5.0,2.4,0.0,2.0591260281974,0.5806451612903226
6.349417178466371,FUZZY_OPTUNA_DARTS,0.6666666666666666,2026-08-24_11-24-03,0.25,XOR,3.0,1.0,0.0,1.2649110640673518,True,1.1666666666666667,2,1,4,5,1,5,0,5,2,2.0,1.0,0.0,0.8944271909999159,0.0,6.349417178466371,3.0,2.0,0.0,1.0954451150103321,0.75
3.8682203094110745,FUZZY_OPTUNA_DARTS,0.9,2026-08-24_11-33-51,0.5,XOR,4.0,2.0,0.0,1.6733200530681511,False,1.1,2,1,5,10,0,5,1,5,1,3.0,2.0,0.0,1.2649110640673518,0.0,3.8682203094110745,6.0,4.0,3.0,1.0954451150103321,0.875
6.889792972087403,FUZZY_OPTUNA_DARTS,0.5555555555555555,2026-08-24_11-36-06,0.26666666666666666,XOR,4.0,1.3333333333333333,0.0,1.4907119849998598,True,1.2,2,1,5,8,1,6,0,6,2,3.0,1.3333333333333333,0.0,1.247219128924647,0.0,6.889792972087403,4.0,2.6666666666666665,0.0,1.247219128924647,0.6666666666666666
1.7037566375243682,FUZZY_OPTUNA_DARTS,0.719047619047619,2026-08-24_11-36-39,0.3333333333333333,XOR,5.0,2.0,0.0,2.0701966780270626,False,1.2666666666666666,2,3,6,14,1,7,1,5,2,3.0,2.0,0.0,1.3093073414159544,0.2857142857142857,1.7037566375243682,7.0,4.0,0.0,2.32992949004287,0.7272727272727273
1.230514818132809,FUZZY_OPTUNA_DARTS,0.517989417989418,2026-08-24_11-41-06,0.2916666666666667,XOR,6.0,2.3333333333333335,0.0,2.260776661041756,False,1.4285714285714286,2,5,8,21,1,9,1,5,2,5.0,2.3333333333333335,0.0,1.699673171197595,0.38095238095238093,1.230514818132809,11.0,4.666666666666667,0.0,2.8284271247461903,0.48214285714285715
2.8628220856029647,FUZZY_OPTUNA_DARTS,0.6666666666666666,2026-08-24_12-00-50,0.3,XOR,4.0,1.5,0.0,1.6072751268321592,False,1.3,2,2,5,9,1,6,1,5,2,3.0,1.5,0.0,1.118033988749895,0.2222222222222222,2.8628220856029647,5.0,3.0,0.0,1.8257418583505538,0.6
0.9992384901498338,FUZZY_OPTUNA_DARTS,0.2962962962962963,2026-08-24_12-09-24,0.16666666666666666,XOR,4.0,1.3333333333333333,0.0,1.563471919941143,False,1.3333333333333333,2,3,6,12,3,9,0,7,4,3.0,1.3333333333333333,0.0,1.247219128924647,0.3333333333333333,0.9992384901498338,5.0,2.6666666666666665,0.0,2.0,0.48
1.1804788123456165,FUZZY_OPTUNA_DARTS,0.3,2026-08-24_12-17-02,0.25,XOR,4.0,1.75,0.0,1.6393596310755,False,1.4285714285714286,2,4,7,14,1,8,0,5,2,3.0,1.75,0.0,1.1989578808281798,0.2857142857142857,1.1804788123456165,6.0,3.5,0.0,1.8708286933869707,0.35294117647058826
1.0050751375315075,FUZZY_OPTUNA_DARTS,0.375,2026-08-24_12-25-10,0.125,XOR,3.0,0.875,0.0,1.2686114456365274,False,1.4,2,2,5,7,3,8,0,7,4,2.0,0.875,0.0,0.9270248108869579,0.2857142857142857,1.0050751375315075,5.0,1.75,0.0,1.6393596310755,0.5454545454545454
3.553518388173604,FUZZY_OPTUNA_DARTS,0.8,2026-08-24_12-29-20,0.35,XOR,4.0,1.4,0.0,1.4966629547095767,True,1.3,2,1,5,7,0,5,0,5,1,2.0,1.4,0.0,0.8,0.0,3.553518388173604,4.0,2.8,2.0,0.9797958971132712,0.6
2.304758195218332,FUZZY_OPTUNA_DARTS,0.5,2026-08-24_12-26-15,0.13333333333333333,XOR,5.0,1.2,0.0,1.7776388834631178,False,1.3333333333333333,2,3,6,12,4,10,0,8,5,3.0,1.2,0.0,1.2489995996796797,0.3333333333333333,2.304758195218332,7.0,2.4,0.0,2.3323807579381204,0.6428571428571429
5.59840785832057,FUZZY_OPTUNA_DARTS,0.6666666666666666,2026-08-24_12-34-16,0.25,XOR,3.0,1.0,0.0,1.2649110640673518,True,1.1666666666666667,2,1,4,5,1,5,0,5,2,2.0,1.0,0.0,0.8944271909999159,0.0,5.59840785832057,3.0,2.0,0.0,1.0954451150103321,0.75
0.9211389314499828,FUZZY_OPTUNA_DARTS,0.12666666666666665,2026-08-24_12-29-35,0.17777777777777778,XOR,4.0,1.6,0.0,1.4966629547095767,False,1.5,2,1,8,16,2,10,2,10,3,4.0,1.6,0.0,1.7435595774162693,0.0,0.9211389314499828,6.0,3.2,0.0,1.9390719429665315,0.07894736842105263
4.620304373668043,FUZZY_OPTUNA_DARTS,0.5541666666666667,2026-08-24_12-33-52,0.19642857142857142,XOR,4.0,1.375,0.0,1.4086784586980805,False,1.5238095238095237,2,2,7,11,1,8,0,7,2,4.0,1.375,0.0,1.4947825928876748,0.18181818181818182,4.620304373668043,7.0,2.75,0.0,1.984313483298443,0.4444444444444444
5.7645401656071495,FUZZY_OPTUNA_DARTS,0.5555555555555555,2026-08-24_12-39-49,0.26666666666666666,XOR,4.0,1.3333333333333333,0.0,1.4907119849998598,True,1.2,2,1,5,8,1,6,0,6,2,3.0,1.3333333333333333,0.0,1.247219128924647,0.0,5.7645401656071495,4.0,2.6666666666666665,0.0,1.247219128924647,0.6666666666666666
2.2433407308512954,FUZZY_OPTUNA_DARTS,0.33333333333333337,2026-08-24_12-35-04,0.1,XOR,4.0,0.9,0.0,1.374772708486752,False,1.6,3,2,6,9,4,10,0,9,5,3.0,0.9,0.0,1.1357816691600546,0.2222222222222222,2.2433407308512954,5.0,1.8,0.0,1.833030277982336,0.5294117647058824
1.008787110333292,FUZZY_OPTUNA_DARTS,0.6666666666666666,2026-08-24_12-42-30,0.25,XOR,3.0,1.0,0.0,1.2649110640673518,True,1.1666666666666667,2,1,4,5,1,5,0,5,2,2.0,1.0,0.0,0.8944271909999159,0.0,1.008787110333292,3.0,2.0,0.0,1.0954451150103321,0.75
4.739922771522568,FUZZY_OPTUNA_DARTS,0.0,2026-08-24_12-53-00,0.03333333333333333,XOR,2.0,0.3,0.0,0.6403124237432849,True,1.6666666666666667,3,1,4,3,6,10,0,10,7,1.0,0.3,0.0,0.458257569495584,0.0,4.739922771522568,2.0,0.6,0.0,0.8,0.0
4.683730865247494,FUZZY_OPTUNA_DARTS,0.41666666666666663,2026-08-24_12-56-58,0.10714285714285714,XOR,3.0,0.75,0.0,1.0897247358851685,True,1.1666666666666667,2,1,4,6,2,8,0,8,4,2.0,0.75,0.0,0.82915619758885,0.0,4.683730865247494,3.0,1.5,0.0,1.118033988749895,0.75
2.492566190051917,FUZZY_OPTUNA_DARTS,0.49999999999999994,2026-08-24_13-08-10,0.19642857142857142,XOR,5.0,1.375,0.0,1.7275343701356567,False,1.3333333333333333,2,2,6,11,2,8,0,7,3,3.0,1.375,0.0,1.2183492931011204,0.18181818181818182,2.492566190051917,5.0,2.75,0.0,1.7853571071357126,0.5769230769230769
6.324075125062287,FUZZY_OPTUNA_DARTS,0.48148148148148145,2026-08-24_13-10-04,0.19444444444444445,XOR,5.0,1.5555555555555556,0.0,1.7069212773041351,False,1.380952380952381,2,2,7,14,2,9,0,8,3,4.0,1.5555555555555556,0.0,1.4989708403591158,0.14285714285714285,6.324075125062287,5.0,3.111111111111111,0.0,1.9688939051854835,0.5384615384615384
2.444814843527267,FUZZY_OPTUNA_DARTS,0.37037037037037035,2026-08-24_13-14-29,0.08333333333333333,XOR,3.0,0.6666666666666666,0.0,1.0540925533894598,True,1.1666666666666667,2,1,4,6,3,9,0,9,5,2.0,0.6666666666666666,0.0,0.816496580927726,0.0,2.444814843527267,3.0,1.3333333333333333,0.0,1.1547005383792515,0.75
3.8094570096799734,FUZZY_OPTUNA_DARTS,0.41666666666666663,2026-08-24_13-23-49,0.14285714285714285,XOR,4.0,1.0,0.0,1.4142135623730951,True,1.2,2,1,5,8,3,8,0,8,4,3.0,1.0,0.0,1.224744871391589,0.0,3.8094570096799734,4.0,2.0,0.0,1.5811388300841898,0.6666666666666666
3.2078518921197996,FUZZY_OPTUNA_DARTS,0.6666666666666666,2026-08-24_13-28-30,0.25,XOR,3.0,1.0,0.0,1.2649110640673518,True,1.1666666666666667,2,1,4,5,1,5,0,5,2,2.0,1.0,0.0,0.8944271909999159,0.0,3.2078518921197996,3.0,2.0,0.0,1.0954451150103321,0.75
0.8725143933687076,FUZZY_OPTUNA_DARTS,0.5555555555555555,2026-08-24_13-29-51,0.16666666666666666,XOR,3.0,0.8333333333333334,0.0,1.2133516482134197,True,1.1666666666666667,2,1,4,5,2,6,0,6,3,2.0,0.8333333333333334,0.0,0.8975274678557507,0.0,0.8725143933687076,3.0,1.6666666666666667,0.0,1.247219128924647,0.75
2.2906869034072566,FUZZY_OPTUNA_DARTS,0.6666666666666666,2026-08-24_13-38-28,0.25,XOR,3.0,1.0,0.0,1.2649110640673518,True,1.1666666666666667,2,1,4,5,1,5,0,5,2,2.0,1.0,0.0,0.8944271909999159,0.0,2.2906869034072566,3.0,2.0,0.0,1.0954451150103321,0.75
5.509544992056297,FUZZY_OPTUNA_DARTS,0.47619047619047616,2026-08-24_13-36-27,0.19047619047619047,XOR,4.0,1.1428571428571428,0.0,1.4568627181693672,True,1.2,2,1,5,8,2,7,0,7,3,3.0,1.1428571428571428,0.0,1.2453996981544782,0.0,5.509544992056297,4.0,2.2857142857142856,0.0,1.4846149779161806,0.6666666666666666
7.988591947477464,FUZZY_OPTUNA_DARTS,0.4,2026-08-24_13-38-22,0.2361111111111111,XOR,4.0,1.8888888888888888,0.0,1.7284832429004495,False,1.2857142857142858,2,4,7,17,2,9,0,6,3,4.0,1.8888888888888888,0.0,1.7284832429004495,0.23529411764705882,7.988591947477464,7.0,3.7777777777777777,0.0,2.249828525701843,0.5294117647058824
1.7617782458329483,FUZZY_OPTUNA_DARTS,0.41666666666666663,2026-08-24_13-54-40,0.08928571428571429,XOR,3.0,0.625,0.0,1.1110243021644486,True,1.1666666666666667,2,1,4,5,4,8,0,8,5,2.0,0.625,0.0,0.8569568250501305,0.0,1.7617782458329483,3.0,1.25,0.0,1.299038105676658,0.75
3.3513996291194434,FUZZY_OPTUNA_DARTS,0.4444444444444444,2026-08-24_13-58-18,0.1111111111111111,XOR,4.0,0.8888888888888888,0.0,1.4487116456005886,False,1.3,2,2,5,8,4,9,0,8,5,2.0,0.8888888888888888,0.0,0.9938079899999065,0.25,3.3513996291194434,5.0,1.7777777777777777,0.0,1.8121673811444545,0.6
4.643986052127295,FUZZY_OPTUNA_DARTS,0.7285714285714286,2026-08-24_14-03-12,0.3333333333333333,XOR,5.0,2.0,0.0,2.0701966780270626,False,1.2,2,3,6,14,1,7,1,5,2,3.0,2.0,0.0,1.3093073414159544,0.14285714285714285,4.643986052127295,7.0,4.0,0.0,2.138089935299395,0.7692307692307693
11.560733343126625,FUZZY_OPTUNA_DARTS,0.6666666666666666,2026-08-24_14-05-54,0.23333333333333334,XOR,4.0,1.1666666666666667,0.0,1.4624940645653537,True,1.3,2,1,5,7,1,6,0,6,2,2.0,1.1666666666666667,0.0,0.8975274678557507,0.0,11.560733343126625,4.0,2.3333333333333335,0.0,1.3743685418725535,0.6
1.1887043755339028,FUZZY_OPTUNA_DARTS,0.6666666666666666,2026-08-24_14-07-57,0.4,XOR,4.0,1.6,0.0,1.4966629547095767,True,1.2,2,1,5,8,0,5,0,5,1,3.0,1.6,0.0,1.2,0.0,1.1887043755339028,4.0,3.2,3.0,0.4,0.6666666666666666
0.8366346851306795,FUZZY_OPTUNA_DARTS,0.5142857142857142,2026-08-24_14-13-38,0.2857142857142857,XOR,5.0,1.7142857142857142,0.0,1.749635530559413,False,1.2666666666666666,2,1,6,12,1,7,1,7,2,4.0,1.7142857142857142,0.0,1.5779087167410373,0.0,0.8366346851306795,5.0,3.4285714285714284,0.0,1.5907898179514348,0.5806451612903226
4.0187229239824225,FUZZY_OPTUNA_DARTS,0.4,2026-08-24_14-10-24,0.2222222222222222,XOR,4.0,1.7777777777777777,0.0,1.8121673811444545,False,1.2857142857142858,2,2,7,16,2,9,0,8,3,4.0,1.7777777777777777,0.0,1.987615979999813,0.125,4.0187229239824225,7.0,3.5555555555555554,0.0,2.1140330656044943,0.5294117647058824
0.8624034480283751,FUZZY_OPTUNA_DARTS,0.47619047619047616,2026-08-24_14-19-24,0.19047619047619047,XOR,4.0,1.1428571428571428,0.0,1.4568627181693672,True,1.2,2,1,5,8,2,7,0,7,3,3.0,1.1428571428571428,0.0,1.2453996981544782,0.0,0.8624034480283751,4.0,2.2857142857142856,0.0,1.4846149779161806,0.6666666666666666
5.370677795731333,FUZZY_OPTUNA_DARTS,0.39999999999999997,2026-08-24_14-19-18,0.16666666666666666,XOR,5.0,1.3333333333333333,0.0,1.7638342073763937,False,1.2666666666666666,2,2,6,12,3,9,0,8,4,3.0,1.3333333333333333,0.0,1.3333333333333333,0.16666666666666666,5.370677795731333,5.0,2.6666666666666665,0.0,2.0,0.5806451612903226
3.2111104831300925,FUZZY_OPTUNA_DARTS,0.557142857142857,2026-08-24_14-26-05,0.4523809523809524,XOR,5.0,2.7142857142857144,0.0,1.9059520091609048,False,1.2857142857142858,2,4,7,19,0,7,1,4,1,4.0,2.7142857142857144,0.0,1.2777531299998799,0.3157894736842105,3.2111104831300925,8.0,5.428571428571429,4.0,1.2936264483053452,0.5882352941176471
1.1996235226121503,FUZZY_OPTUNA_DARTS,0.719047619047619,2026-08-24_14-27-43,0.30952380952380953,XOR,5.0,1.8571428571428572,0.0,1.8844151368961313,False,1.2666666666666666,2,3,6,13,1,7,0,5,2,3.0,1.8571428571428572,0.0,1.2453996981544782,0.3076923076923077,1.1996235226121503,7.0,3.7142857142857144,0.0,2.1189138534559038,0.7272727272727273
3.163403569078561,FUZZY_OPTUNA_DARTS,0.475,2026-08-24_14-26-56,0.16071428571428573,XOR,4.0,1.125,0.0,1.4523687548277813,False,1.4666666666666666,2,2,6,9,2,8,0,7,3,3.0,1.125,0.0,1.165922381636102,0.2222222222222222,3.163403569078561,6.0,2.25,0.0,1.920286436967152,0.47368421052631576
9.412303894086188,FUZZY_OPTUNA_DARTS,0.6666666666666666,2026-08-24_14-43-15,0.25,XOR,3.0,1.0,0.0,1.2649110640673518,True,1.1666666666666667,2,1,4,5,1,5,0,5,2,2.0,1.0,0.0,0.8944271909999159,0.0,9.412303894086188,3.0,2.0,0.0,1.0954451150103321,0.75
1.197436374738917,FUZZY_OPTUNA_DARTS,0.47619047619047616,2026-08-24_14-43-52,0.11904761904761904,XOR,3.0,0.7142857142857143,0.0,1.1605769149479943,True,1.1666666666666667,2,1,4,5,3,7,0,7,4,2.0,0.7142857142857143,0.0,0.8806305718527109,0.0,1.197436374738917,3.0,1.4285714285714286,0.0,1.2936264483053452,0.75
2.276198657809929,FUZZY_OPTUNA_DARTS,0.6666666666666666,2026-08-24_14-50-33,0.25,XOR,3.0,1.0,0.0,1.2649110640673518,True,1.1666666666666667,2,1,4,5,1,5,0,5,2,2.0,1.0,0.0,0.8944271909999159,0.0,2.276198657809929,3.0,2.0,0.0,1.0954451150103321,0.75
1.2409573819648712,FUZZY_OPTUNA_DARTS,0.6666666666666666,2026-08-24_14-59-26,0.25,XOR,3.0,1.0,0.0,1.2649110640673518,True,1.1666666666666667,2,1,4,5,1,5,0,5,2,2.0,1.0,0.0,0.8944271909999159,0.0,1.2409573819648712,3.0,2.0,0.0,1.0954451150103321,0.75
0.840281336844895,FUZZY_OPTUNA_DARTS,0.5481481481481482,2026-08-24_14-55-19,0.2916666666666667,XOR,6.0,2.3333333333333335,0.0,2.260776661041756,False,1.3928571428571428,2,4,8,21,1,9,1,6,2,4.0,2.3333333333333335,0.0,1.4907119849998598,0.2857142857142857,0.840281336844895,9.0,4.666666666666667,0.0,2.748737083745107,0.5714285714285714
2.049571951303396,FUZZY_OPTUNA_DARTS,0.5714285714285714,2026-08-24_14-57-53,0.19047619047619047,XOR,4.0,1.1428571428571428,0.0,1.5518257844571737,False,1.3,2,2,5,8,2,7,0,6,3,2.0,1.1428571428571428,0.0,0.989743318610787,0.25,2.049571951303396,5.0,2.2857142857142856,0.0,1.749635530559413,0.6
5.060137953062833,FUZZY_OPTUNA_DARTS,0.0,2026-08-24_15-10-27,0.05357142857142857,XOR,2.0,0.375,0.0,0.6959705453537527,True,1.6666666666666667,3,1,4,3,4,8,0,8,5,1.0,0.375,0.0,0.4841229182759271,0.0,5.060137953062833,2.0,0.75,0.0,0.82915619758885,0.0
1.4781357897288767,FUZZY_OPTUNA_DARTS,0.42857142857142855,2026-08-24_15-12-17,0.19047619047619047,XOR,3.0,1.1428571428571428,0.0,1.2453996981544782,False,1.7333333333333334,3,2,6,8,1,7,0,6,2,2.0,1.1428571428571428,0.0,0.989743318610787,0.25,1.4781357897288767,5.0,2.2857142857142856,0.0,1.4846149779161806,0.5
5.502187945575211,FUZZY_OPTUNA_DARTS,0.49523809523809514,2026-08-24_15-07-48,0.32222222222222224,XOR,7.0,2.9,0.0,2.3853720883753127,False,1.3888888888888888,2,6,9,29,1,10,2,5,2,5.0,2.9,0.0,1.7578395831246947,0.3448275862068966,5.502187945575211,11.0,5.8,0.0,2.6758176320519302,0.5106382978723404
2.292007841992012,FUZZY_OPTUNA_DARTS,0.44999999999999996,2026-08-24_15-12-48,0.19642857142857142,XOR,5.0,1.375,0.0,1.653594569415369,True,1.2666666666666666,2,1,6,11,2,8,0,8,3,3.0,1.375,0.0,1.2183492931011204,0.0,2.292007841992012,5.0,2.75,0.0,1.713913650100261,0.5806451612903226
8.110758614298009,FUZZY_OPTUNA_DARTS,0.5555555555555555,2026-08-24_15-16-07,0.16666666666666666,XOR,3.0,0.8333333333333334,0.0,1.2133516482134197,True,1.1666666666666667,2,1,4,5,2,6,0,6,3,2.0,0.8333333333333334,0.0,0.8975274678557507,0.0,8.110758614298009,3.0,1.6666666666666667,0.0,1.247219128924647,0.75
0.9245867768595042,FUZZY_OPTUNA_DARTS,0.719047619047619,2026-08-24_15-16-43,0.3333333333333333,XOR,4.0,2.0,0.0,1.8516401995451028,False,1.2666666666666666,2,3,6,14,1,7,1,5,2,4.0,2.0,0.0,1.511857892036909,0.2857142857142857,0.9245867768595042,8.0,4.0,0.0,2.5071326821120348,0.7272727272727273
2.9901385213069474,FUZZY_OPTUNA_DARTS,0.575,2026-08-24_15-16-22,0.32142857142857145,XOR,6.0,2.25,0.0,2.0463381929681126,False,1.2857142857142858,2,4,7,18,1,8,0,5,2,4.0,2.25,0.0,1.3919410907075054,0.3333333333333333,2.9901385213069474,7.0,4.5,0.0,2.1213203435596424,0.6226415094339622
0.8430440754730624,FUZZY_OPTUNA_DARTS,0.6666666666666666,2026-08-24_15-28-12,0.25,XOR,3.0,1.0,0.0,1.2649110640673518,True,1.1666666666666667,2,1,4,5,1,5,0,5,2,2.0,1.0,0.0,0.8944271909999159,0.0,0.8430440754730624,3.0,2.0,0.0,1.0954451150103321,0.75
3.919083096228028,FUZZY_OPTUNA_DARTS,0.8000000000000002,2026-08-24_15-31-21,0.36666666666666664,XOR,5.0,1.8333333333333333,0.0,1.9507833184532708,False,1.4,2,3,6,11,0,6,0,4,1,3.0,1.8333333333333333,0.0,0.8975274678557507,0.36363636363636365,3.919083096228028,7.0,3.6666666666666665,2.0,1.7950549357115013,0.5
1.1565024027343835,FUZZY_OPTUNA_DARTS,0.5555555555555555,2026-08-24_15-41-14,0.16666666666666666,XOR,3.0,0.8333333333333334,0.0,1.2133516482134197,True,1.1666666666666667,2,1,4,5,2,6,0,6,3,2.0,0.8333333333333334,0.0,0.8975274678557507,0.0,1.1565024027343835,3.0,1.6666666666666667,0.0,1.247219128924647,0.75
1.4508018955740083,FUZZY_OPTUNA_DARTS,0.5555555555555555,2026-08-24_15-41-14,0.16666666666666666,XOR,3.0,0.8333333333333334,0.0,1.2133516482134197,True,1.1666666666666667,2,1,4,5,2,6,0,6,3,2.0,0.8333333333333334,0.0,0.8975274678557507,0.0,1.4508018955740083,3.0,1.6666666666666667,0.0,1.247219128924647,0.75
1.3614341085271318,FUZZY_OPTUNA_DARTS,0.47777777777777775,2026-08-24_15-37-30,0.3194444444444444,XOR,6.0,2.5555555555555554,0.0,2.006163342807532,False,1.3214285714285714,2,5,8,23,1,9,2,5,2,4.0,2.5555555555555554,0.0,1.4989708403591158,0.17391304347826086,1.3614341085271318,7.0,5.111111111111111,0.0,2.078698548207745,0.5342465753424658
1.8927199509311563,FUZZY_OPTUNA_DARTS,0.6666666666666666,2026-08-24_15-45-04,0.25,XOR,3.0,1.0,0.0,1.2649110640673518,True,1.1666666666666667,2,1,4,5,1,5,0,5,2,2.0,1.0,0.0,0.8944271909999159,0.0,1.8927199509311563,3.0,2.0,0.0,1.0954451150103321,0.75
2.0374962200179785,FUZZY_OPTUNA_DARTS,0.39999999999999997,2026-08-24_15-38-09,0.2111111111111111,XOR,5.0,1.9,0.0,2.071231517720798,False,1.3333333333333333,2,4,7,19,3,10,2,7,4,4.0,1.9,0.0,1.57797338380595,0.3157894736842105,2.0374962200179785,8.0,3.8,0.0,2.9597297173897483,0.5106382978723404
2.7703167166960143,FUZZY_OPTUNA_DARTS,0.47619047619047616,2026-08-24_15-46-36,0.19047619047619047,XOR,4.0,1.1428571428571428,0.0,1.4568627181693672,True,1.2,2,1,5,8,2,7,0,7,3,3.0,1.1428571428571428,0.0,1.2453996981544782,0.0,2.7703167166960143,4.0,2.2857142857142856,0.0,1.4846149779161806,0.6666666666666666
2.1148814316162534,FUZZY_OPTUNA_DARTS,0.5555555555555555,2026-08-24_15-54-49,0.16666666666666666,XOR,3.0,0.8333333333333334,0.0,1.2133516482134197,True,1.1666666666666667,2,1,4,5,2,6,0,6,3,2.0,0.8333333333333334,0.0,0.8975274678557507,0.0,2.1148814316162534,3.0,1.6666666666666667,0.0,1.247219128924647,0.75
2.869212926437192,FUZZY_OPTUNA_DARTS,0.5555555555555555,2026-08-24_15-54-56,0.26666666666666666,XOR,4.0,1.3333333333333333,0.0,1.4907119849998598,True,1.2,2,1,5,8,1,6,0,6,2,3.0,1.3333333333333333,0.0,1.247219128924647,0.0,2.869212926437192,4.0,2.6666666666666665,0.0,1.247219128924647,0.6666666666666666
4.706931474476739,FUZZY_OPTUNA_DARTS,0.4,2026-08-24_15-54-22,0.18055555555555555,XOR,5.0,1.4444444444444444,0.0,1.7708197167232476,False,1.2666666666666666,2,3,6,13,3,9,0,7,4,3.0,1.4444444444444444,0.0,1.3425606637327303,0.3076923076923077,4.706931474476739,5.0,2.888888888888889,0.0,2.1829869671542776,0.5806451612903226
1.381482571932712,FUZZY_OPTUNA_DARTS,0.25,2026-08-24_15-57-07,0.19642857142857142,XOR,4.0,1.375,0.0,1.4947825928876748,False,1.3333333333333333,2,2,6,11,2,8,0,7,3,3.0,1.375,0.0,1.2183492931011204,0.18181818181818182,1.381482571932712,5.0,2.75,0.0,1.713913650100261,0.375
1.0517631812316266,FUZZY_OPTUNA_DARTS,0.6375000000000001,2026-08-24_15-58-12,0.25,XOR,5.0,1.75,0.0,1.920286436967152,False,1.2,2,3,6,14,2,8,0,6,3,3.0,1.75,0.0,1.3919410907075054,0.2857142857142857,1.0517631812316266,6.0,3.5,0.0,2.29128784747792,0.7692307692307693
2.846041760026823,FUZZY_OPTUNA_DARTS,0.6666666666666666,2026-08-24_16-04-22,0.25,XOR,3.0,1.0,0.0,1.2649110640673518,True,1.1666666666666667,2,1,4,5,1,5,0,5,2,2.0,1.0,0.0,0.8944271909999159,0.0,2.846041760026823,3.0,2.0,0.0,1.0954451150103321,0.75
2.0023511824061764,FUZZY_OPTUNA_DARTS,0.5142857142857143,2026-08-24_16-03-08,0.42857142857142855,XOR,6.0,2.5714285714285716,0.0,1.9897697538834456,False,1.2857142857142858,2,3,7,18,0,7,1,5,1,4.0,2.5714285714285716,0.0,1.498298354528788,0.2222222222222222,2.0023511824061764,7.0,5.142857142857143,4.0,1.124858267715973,0.5294117647058824
4.456359273490515,FUZZY_OPTUNA_DARTS,0.37037037037037035,2026-08-24_16-01-32,0.06944444444444445,XOR,3.0,0.5555555555555556,0.0,1.0657403385139377,True,1.1666666666666667,2,1,4,5,5,9,0,9,6,2.0,0.5555555555555556,0.0,0.8314794192830981,0.0,4.456359273490515,3.0,1.1111111111111112,0.0,1.286204100310025,0.75
4.193597698032034,FUZZY_OPTUNA_DARTS,0.6666666666666666,2026-08-24_16-12-14,0.4,XOR,4.0,1.6,0.0,1.4966629547095767,True,1.2,2,1,5,8,0,5,0,5,1,3.0,1.6,0.0,1.2,0.0,4.193597698032034,4.0,3.2,3.0,0.4,0.6666666666666666
5.3412270760892495,FUZZY_OPTUNA_DARTS,0.37037037037037035,2026-08-24_16-18-01,0.1111111111111111,XOR,4.0,0.8888888888888888,0.0,1.3698697784375504,True,1.2,2,1,5,8,4,9,0,9,5,3.0,0.8888888888888888,0.0,1.1967032904743342,0.0,5.3412270760892495,4.0,1.7777777777777777,0.0,1.617802197617893,0.6666666666666666
6.567313413218814,FUZZY_OPTUNA_DARTS,0.6666666666666666,2026-08-24_16-25-02,0.25,XOR,3.0,1.0,0.0,1.2649110640673518,True,1.1666666666666667,2,1,4,5,1,5,0,5,2,2.0,1.0,0.0,0.8944271909999159,0.0,6.567313413218814,3.0,2.0,0.0,1.0954451150103321,0.75
1.028886908933856,FUZZY_OPTUNA_DARTS,0.6409523809523809,2026-08-24_16-25-41,0.3333333333333333,XOR,7.0,3.0,0.0,2.6457513110645907,False,1.3611111111111112,2,6,9,30,1,10,1,5,2,5.0,3.0,0.0,1.7888543819998317,0.4,1.028886908933856,11.0,6.0,0.0,3.0659419433511785,0.6509433962264151
2.3285253196277784,FUZZY_OPTUNA_DARTS,0.6666666666666666,2026-08-24_16-33-25,0.25,XOR,3.0,1.0,0.0,1.2649110640673518,True,1.1666666666666667,2,1,4,5,1,5,0,5,2,2.0,1.0,0.0,0.8944271909999159,0.0,2.3285253196277784,3.0,2.0,0.0,1.0954451150103321,0.75
0.8689521738281982,FUZZY_OPTUNA_DARTS,0.5925925925925927,2026-08-24_16-28-14,0.19444444444444445,XOR,4.0,1.5555555555555556,0.0,1.5713484026367723,False,1.5238095238095237,3,2,7,14,2,9,1,8,3,5.0,1.5555555555555556,0.0,1.5713484026367723,0.14285714285714285,0.8689521738281982,6.0,3.111111111111111,0.0,2.078698548207745,0.6
1.1950133897316004,FUZZY_OPTUNA_DARTS,0.6666666666666666,2026-08-24_16-35-48,0.25,XOR,3.0,1.0,0.0,1.2649110640673518,True,1.1666666666666667,2,1,4,5,1,5,0,5,2,2.0,1.0,0.0,0.8944271909999159,0.0,1.1950133897316004,3.0,2.0,0.0,1.0954451150103321,0.75
7.084963793694644,FUZZY_OPTUNA_DARTS,0.6,2026-08-24_16-38-02,0.35,XOR,3.0,1.4,0.0,1.3564659966250536,False,1.4,2,2,5,7,0,5,0,4,1,2.0,1.4,0.0,0.8,0.2857142857142857,7.084963793694644,5.0,2.8,2.0,1.1661903789690602,0.5454545454545454
1.7324647131317024,FUZZY_OPTUNA_DARTS,0.5920634920634921,2026-08-24_16-44-01,0.2777777777777778,XOR,7.0,2.2222222222222223,0.0,2.298684540619689,False,1.4285714285714286,2,4,8,20,1,9,1,6,2,4.0,2.2222222222222223,0.0,1.4740554623801778,0.3,1.7324647131317024,9.0,4.444444444444445,0.0,2.3622546250521443,0.5172413793103449
2.2307354166028337,FUZZY_OPTUNA_DARTS,0.49166666666666664,2026-08-24_16-46-44,0.2857142857142857,XOR,5.0,2.0,0.0,1.7320508075688772,False,1.3333333333333333,2,3,7,16,1,8,0,6,2,4.0,2.0,0.0,1.6583123951777,0.25,2.2307354166028337,6.0,4.0,0.0,1.7320508075688772,0.5454545454545454
1.5478918434681332,FUZZY_OPTUNA_DARTS,0.47619047619047616,2026-08-24_16-51-34,0.19047619047619047,XOR,4.0,1.1428571428571428,0.0,1.4568627181693672,True,1.2,2,1,5,8,2,7,0,7,3,3.0,1.1428571428571428,0.0,1.2453996981544782,0.0,1.5478918434681332,4.0,2.2857142857142856,0.0,1.4846149779161806,0.6666666666666666
3.0806734632418484,FUZZY_OPTUNA_DARTS,0.6666666666666666,2026-08-24_16-55-58,0.4,XOR,4.0,1.6,0.0,1.4966629547095767,True,1.2,2,1,5,8,0,5,0,5,1,3.0,1.6,0.0,1.2,0.0,3.0806734632418484,4.0,3.2,3.0,0.4,0.6666666666666666
1.023198199612953,FUZZY_OPTUNA_DARTS,0.4733333333333333,2026-08-24_16-53-54,0.24444444444444444,XOR,5.0,2.2,0.0,1.7776388834631178,False,1.4444444444444444,2,3,9,22,1,10,0,8,2,5.0,2.2,0.0,1.6,0.18181818181818182,1.023198199612953,7.0,4.4,0.0,1.9595917942265424,0.5342465753424658
1.9223894098196772,FUZZY_OPTUNA_DARTS,0.47619047619047616,2026-08-24_17-01-26,0.11904761904761904,XOR,3.0,0.7142857142857143,0.0,1.1605769149479943,True,1.1666666666666667,2,1,4,5,3,7,0,7,4,2.0,0.7142857142857143,0.0,0.8806305718527109,0.0,1.9223894098196772,3.0,1.4285714285714286,0.0,1.2936264483053452,0.75
1.5521110868539931,FUZZY_OPTUNA_DARTS,0.47619047619047616,2026-08-24_17-10-00,0.11904761904761904,XOR,3.0,0.7142857142857143,0.0,1.1605769149479943,True,1.1666666666666667,2,1,4,5,3,7,0,7,4,2.0,0.7142857142857143,0.0,0.8806305718527109,0.0,1.5521110868539931,3.0,1.4285714285714286,0.0,1.2936264483053452,0.75
2.692774545482275,FUZZY_OPTUNA_DARTS,0.6666666666666666,2026-08-24_17-18-59,0.25,XOR,3.0,1.0,0.0,1.2649110640673518,True,1.1666666666666667,2,1,4,5,1,5,0,5,2,2.0,1.0,0.0,0.8944271909999159,0.0,2.692774545482275,3.0,2.0,0.0,1.0954451150103321,0.75
1.3316181410298122,FUZZY_OPTUNA_DARTS,0.49000000000000005,2026-08-24_17-14-35,0.24444444444444444,XOR,6.0,2.2,0.0,2.08806130178211,False,1.3214285714285714,2,5,8,22,2,10,0,6,3,5.0,2.2,0.0,1.7776388834631178,0.2727272727272727,1.3316181410298122,7.0,4.4,0.0,2.4979991993593593,0.6
2.0108548122245273,FUZZY_OPTUNA_DARTS,0.6666666666666666,2026-08-24_17-30-23,0.25,XOR,3.0,1.0,0.0,1.2649110640673518,True,1.1666666666666667,2,1,4,5,1,5,0,5,2,2.0,1.0,0.0,0.8944271909999159,0.0,2.0108548122245273,3.0,2.0,0.0,1.0954451150103321,0.75
0.8954497213022478,FUZZY_OPTUNA_DARTS,0.5714285714285714,2026-08-24_17-30-18,0.19047619047619047,XOR,4.0,1.1428571428571428,0.0,1.5518257844571737,False,1.3,2,2,5,8,2,7,0,6,3,2.0,1.1428571428571428,0.0,0.989743318610787,0.25,0.8954497213022478,5.0,2.2857142857142856,0.0,1.749635530559413,0.6
4.829421698907858,FUZZY_OPTUNA_DARTS,0.5714285714285714,2026-08-24_17-38-27,0.19047619047619047,XOR,4.0,1.1428571428571428,0.0,1.5518257844571737,False,1.3,2,2,5,8,2,7,0,6,3,2.0,1.1428571428571428,0.0,0.989743318610787,0.25,4.829421698907858,5.0,2.2857142857142856,0.0,1.749635530559413,0.6
4.343787452851951,FUZZY_OPTUNA_DARTS,0.4740740740740741,2026-08-24_18-00-58,0.2361111111111111,XOR,5.0,1.8888888888888888,0.0,1.9688939051854835,False,1.2857142857142858,2,2,7,17,2,9,1,8,3,4.0,1.8888888888888888,0.0,1.5947444549341472,0.11764705882352941,4.343787452851951,7.0,3.7777777777777777,0.0,2.298684540619689,0.5882352941176471
2.0809595553744042,FUZZY_OPTUNA_DARTS,0.6666666666666666,2026-08-24_18-12-13,0.26666666666666666,XOR,4.0,1.3333333333333333,0.0,1.5986105077709065,False,1.3,2,2,5,8,1,6,0,5,2,2.0,1.3333333333333333,0.0,0.9428090415820634,0.25,2.0809595553744042,5.0,2.6666666666666665,0.0,1.5986105077709065,0.6
1.4088495070993932,FUZZY_OPTUNA_DARTS,0.5555555555555555,2026-08-24_18-27-30,0.16666666666666666,XOR,3.0,0.8333333333333334,0.0,1.2133516482134197,True,1.1666666666666667,2,1,4,5,2,6,0,6,3,2.0,0.8333333333333334,0.0,0.8975274678557507,0.0,1.4088495070993932,3.0,1.6666666666666667,0.0,1.247219128924647,0.75
2.815467863355019,FUZZY_OPTUNA_DARTS,0.37037037037037035,2026-08-24_18-35-15,0.06944444444444445,XOR,3.0,0.5555555555555556,0.0,1.0657403385139377,True,1.1666666666666667,2,1,4,5,5,9,0,9,6,2.0,0.5555555555555556,0.0,0.8314794192830981,0.0,2.815467863355019,3.0,1.1111111111111112,0.0,1.286204100310025,0.75
1.1800510036874523,FUZZY_OPTUNA_DARTS,0.5555555555555555,2026-08-24_18-41-24,0.16666666666666666,XOR,3.0,0.8333333333333334,0.0,1.2133516482134197,True,1.1666666666666667,2,1,4,5,2,6,0,6,3,2.0,0.8333333333333334,0.0,0.8975274678557507,0.0,1.1800510036874523,3.0,1.6666666666666667,0.0,1.247219128924647,0.75
1.5647816171554143,FUZZY_OPTUNA_DARTS,0.45,2026-08-24_18-47-37,0.25,XOR,5.0,1.75,0.0,1.920286436967152,False,1.2666666666666666,2,3,6,14,2,8,1,6,3,3.0,1.75,0.0,1.3919410907075054,0.2857142857142857,1.5647816171554143,7.0,3.5,0.0,2.3979157616563596,0.5806451612903226
1.8711213622465108,FUZZY_OPTUNA_DARTS,0.7285714285714286,2026-08-24_18-49-10,0.3333333333333333,XOR,5.0,2.0,0.0,2.0701966780270626,False,1.2,2,3,6,14,1,7,1,5,2,3.0,2.0,0.0,1.3093073414159544,0.14285714285714285,1.8711213622465108,7.0,4.0,0.0,2.138089935299395,0.7692307692307693
4.255544669181541,FUZZY_OPTUNA_DARTS,0.44642857142857145,2026-08-24_18-47-56,0.25555555555555554,XOR,8.0,2.3,0.0,2.41039415863879,False,1.4166666666666667,2,5,9,23,1,10,1,6,2,4.0,2.3,0.0,1.4177446878757824,0.08695652173913043,4.255544669181541,8.0,4.6,0.0,2.2,0.4431818181818182
13.382892590154801,FUZZY_OPTUNA_DARTS,0.49999999999999994,2026-08-24_18-54-20,0.26785714285714285,XOR,6.0,1.875,0.0,1.899835519196333,False,1.3333333333333333,2,1,7,15,1,8,1,8,2,5.0,1.875,0.0,1.899835519196333,0.0,13.382892590154801,6.0,3.75,0.0,1.7853571071357126,0.5106382978723404
0.8198747385498542,FUZZY_OPTUNA_DARTS,0.45,2026-08-24_19-00-15,0.21428571428571427,XOR,5.0,1.5,0.0,1.8027756377319946,False,1.2666666666666666,2,2,6,12,2,8,0,7,3,3.0,1.5,0.0,1.3228756555322954,0.16666666666666666,0.8198747385498542,5.0,3.0,0.0,1.8708286933869707,0.5806451612903226
5.957652349383841,FUZZY_OPTUNA_DARTS,0.5142857142857143,2026-08-24_19-06-15,0.2857142857142857,XOR,5.0,1.7142857142857142,0.0,1.749635530559413,False,1.2666666666666666,2,2,6,12,1,7,0,6,2,3.0,1.7142857142857142,0.0,1.1605769149479943,0.16666666666666666,5.957652349383841,5.0,3.4285714285714284,0.0,1.5907898179514348,0.5806451612903226
3.8224919258115215,FUZZY_OPTUNA_DARTS,0.5555555555555555,2026-08-24_19-08-23,0.16666666666666666,XOR,3.0,0.8333333333333334,0.0,1.2133516482134197,True,1.1666666666666667,2,1,4,5,2,6,0,6,3,2.0,0.8333333333333334,0.0,0.8975274678557507,0.0,3.8224919258115215,3.0,1.6666666666666667,0.0,1.247219128924647,0.75
1.585353099272112,FUZZY_OPTUNA_DARTS,0.4066666666666666,2026-08-24_19-05-36,0.2222222222222222,XOR,6.0,2.0,0.0,1.949358868961793,False,1.3571428571428572,2,2,8,20,2,10,0,8,3,5.0,2.0,0.0,1.6733200530681511,0.2,1.585353099272112,6.0,4.0,0.0,2.1447610589527217,0.5
9.843598477882471,FUZZY_OPTUNA_DARTS,0.5875,2026-08-24_19-14-01,0.3392857142857143,XOR,6.0,2.375,0.0,2.1758618981911515,False,1.4285714285714286,2,3,8,19,0,8,1,6,1,4.0,2.375,0.0,1.4947825928876748,0.21052631578947367,9.843598477882471,8.0,4.75,3.0,1.6393596310755,0.4909090909090909
2.7988599402682635,FUZZY_OPTUNA_DARTS,0.6666666666666666,2026-08-24_19-24-56,0.26666666666666666,XOR,4.0,1.3333333333333333,0.0,1.5986105077709065,False,1.3,2,2,5,8,1,6,0,5,2,2.0,1.3333333333333333,0.0,0.9428090415820634,0.25,2.7988599402682635,5.0,2.6666666666666665,0.0,1.5986105077709065,0.6
2.4364935887087036,FUZZY_OPTUNA_DARTS,0.5142857142857142,2026-08-24_19-32-10,0.2857142857142857,XOR,5.0,1.7142857142857142,0.0,1.749635530559413,False,1.2666666666666666,2,2,6,12,1,7,0,6,2,3.0,1.7142857142857142,0.0,1.1605769149479943,0.16666666666666666,2.4364935887087036,5.0,3.4285714285714284,0.0,1.5907898179514348,0.5806451612903226
0.8040438943158413,FUZZY_OPTUNA_DARTS,0.8,2026-08-24_19-36-16,0.45,XOR,4.0,1.8,0.0,1.6,False,1.3,2,2,5,9,0,5,1,4,1,3.0,1.8,0.0,0.9797958971132712,0.2222222222222222,0.8040438943158413,5.0,3.6,2.0,1.3564659966250536,0.6
1.2427362556390917,FUZZY_OPTUNA_DARTS,0.5714285714285714,2026-08-24_19-42-23,0.2857142857142857,XOR,4.0,1.7142857142857142,0.0,1.749635530559413,False,1.3333333333333333,2,3,6,12,1,7,0,5,2,3.0,1.7142857142857142,0.0,1.2777531299998799,0.3333333333333333,1.2427362556390917,7.0,3.4285714285714284,0.0,1.9166296949998198,0.5769230769230769
1.0893862511972594,FUZZY_OPTUNA_DARTS,0.7285714285714286,2026-08-24_19-55-36,0.3333333333333333,XOR,5.0,2.0,0.0,1.927248223318863,False,1.2,2,2,6,14,1,7,1,6,2,4.0,2.0,0.0,1.4142135623730951,0.14285714285714285,1.0893862511972594,7.0,4.0,0.0,2.138089935299395,0.7692307692307693
0.8456973459247458,FUZZY_OPTUNA_DARTS,0.6846560846560847,2026-08-24_19-56-03,0.4583333333333333,XOR,7.0,3.6666666666666665,0.0,2.2110831935702664,False,1.2222222222222223,2,6,9,33,0,9,0,4,1,6.0,3.6666666666666665,0.0,2.0,0.30303030303030304,0.8456973459247458,10.0,7.333333333333333,5.0,1.4142135623730951,0.6891891891891891
1.1035645796745992,FUZZY_OPTUNA_DARTS,0.53,2026-08-24_20-02-12,0.35555555555555557,XOR,7.0,3.2,0.0,2.5219040425836985,False,1.3777777777777778,2,7,10,32,0,10,1,4,1,6.0,3.2,0.0,1.98997487421324,0.1875,1.1035645796745992,11.0,6.4,4.0,2.1071307505705477,0.5333333333333333
1.065317214559405,FUZZY_OPTUNA_DARTS,0.6857142857142858,2026-08-24_20-07-58,0.2619047619047619,XOR,5.0,1.5714285714285714,0.0,1.9166296949998198,False,1.4,2,3,6,11,1,7,0,5,2,3.0,1.5714285714285714,0.0,1.0497813183356477,0.36363636363636365,1.065317214559405,7.0,3.142857142857143,0.0,2.0995626366712954,0.5
4.6108419544264265,FUZZY_OPTUNA_DARTS,0.7142857142857143,2026-08-24_20-11-40,0.2619047619047619,XOR,5.0,1.5714285714285714,0.0,1.7612611437054218,False,1.3333333333333333,2,3,6,11,1,7,0,5,2,3.0,1.5714285714285714,0.0,1.0497813183356477,0.18181818181818182,4.6108419544264265,6.0,3.142857142857143,0.0,1.8844151368961313,0.6428571428571429
1.288493094572408,FUZZY_OPTUNA_DARTS,0.38095238095238093,2026-08-24_20-12-27,0.2857142857142857,XOR,4.0,1.7142857142857142,0.0,1.5779087167410373,False,1.3333333333333333,2,3,6,12,1,7,0,5,2,3.0,1.7142857142857142,0.0,1.1605769149479943,0.3333333333333333,1.288493094572408,5.0,3.4285714285714284,0.0,1.5907898179514348,0.48
5.0536896004952165,FUZZY_OPTUNA_DARTS,0.6666666666666666,2026-08-24_20-23-05,0.25,XOR,3.0,1.0,0.0,1.2649110640673518,True,1.1666666666666667,2,1,4,5,1,5,0,5,2,2.0,1.0,0.0,0.8944271909999159,0.0,5.0536896004952165,3.0,2.0,0.0,1.0954451150103321,0.75
1.128148242635397,FUZZY_OPTUNA_DARTS,0.8,2026-08-24_20-23-38,0.45,XOR,4.0,1.8,0.0,1.6,False,1.3,2,2,5,9,0,5,1,4,1,3.0,1.8,0.0,0.9797958971132712,0.2222222222222222,1.128148242635397,5.0,3.6,2.0,1.3564659966250536,0.6
1.8386016027738445,FUZZY_OPTUNA_DARTS,0.5555555555555555,2026-08-24_20-25-54,0.26666666666666666,XOR,4.0,1.3333333333333333,0.0,1.4907119849998598,True,1.2,2,1,5,8,1,6,0,6,2,3.0,1.3333333333333333,0.0,1.247219128924647,0.0,1.8386016027738445,4.0,2.6666666666666665,0.0,1.247219128924647,0.6666666666666666
8.071527794728384,FUZZY_OPTUNA_DARTS,0.6666666666666666,2026-08-24_20-26-57,0.25,XOR,3.0,1.0,0.0,1.2649110640673518,True,1.1666666666666667,2,1,4,5,1,5,0,5,2,2.0,1.0,0.0,0.8944271909999159,0.0,8.071527794728384,3.0,2.0,0.0,1.0954451150103321,0.75
6.0045480705418175,FUZZY_OPTUNA_DARTS,0.5555555555555555,2026-08-24_20-47-30,0.16666666666666666,XOR,3.0,0.8333333333333334,0.0,1.2133516482134197,True,1.1666666666666667,2,1,4,5,2,6,0,6,3,2.0,0.8333333333333334,0.0,0.8975274678557507,0.0,6.0045480705418175,3.0,1.6666666666666667,0.0,1.247219128924647,0.75
1.8263670676190114,FUZZY_OPTUNA_DARTS,0.52,2026-08-24_20-45-44,0.3111111111111111,XOR,6.0,2.8,0.0,2.4,False,1.3611111111111112,2,5,9,28,1,10,0,6,2,5.0,2.8,0.0,1.7776388834631178,0.35714285714285715,1.8263670676190114,10.0,5.6,0.0,2.6907248094147422,0.5142857142857142
6.202207113442993,FUZZY_OPTUNA_DARTS,0.2857142857142857,2026-08-24_20-51-02,0.2619047619047619,XOR,4.0,1.5714285714285714,0.0,1.5907898179514348,False,1.3333333333333333,2,2,6,11,1,7,0,6,2,3.0,1.5714285714285714,0.0,1.2936264483053452,0.18181818181818182,6.202207113442993,4.0,3.142857142857143,0.0,1.355261854357877,0.375
1.840390241976459,FUZZY_OPTUNA_DARTS,0.8,2026-08-24_20-55-17,0.4,XOR,4.0,1.6,0.0,1.624807680927192,False,1.3,2,2,5,8,0,5,0,4,1,2.0,1.6,0.0,0.8,0.25,1.840390241976459,5.0,3.2,2.0,1.1661903789690602,0.6
2.182366863437462,FUZZY_OPTUNA_DARTS,0.48148148148148145,2026-08-24_20-58-06,0.125,XOR,4.0,1.0,0.0,1.4907119849998598,False,1.2,2,1,5,9,4,9,1,9,5,3.0,1.0,0.0,1.1547005383792515,0.0,2.182366863437462,5.0,2.0,0.0,1.9436506316151,0.7894736842105263
3.1924509696134624,FUZZY_OPTUNA_DARTS,0.5555555555555555,2026-08-24_21-08-14,0.26666666666666666,XOR,4.0,1.3333333333333333,0.0,1.4907119849998598,True,1.2,2,1,5,8,1,6,0,6,2,3.0,1.3333333333333333,0.0,1.247219128924647,0.0,3.1924509696134624,4.0,2.6666666666666665,0.0,1.247219128924647,0.6666666666666666
2.867097519004828,FUZZY_OPTUNA_DARTS,0.4871428571428571,2026-08-24_21-09-10,0.23333333333333334,XOR,7.0,2.1,0.0,2.2561028345356955,False,1.3214285714285714,2,3,8,21,2,10,0,8,3,4.0,2.1,0.0,1.6401219466856725,0.19047619047619047,2.867097519004828,7.0,4.2,0.0,2.4413111231467406,0.5844155844155844
1.114011602820349,FUZZY_OPTUNA_DARTS,0.7208333333333333,2026-08-24_21-14-23,0.30357142857142855,XOR,6.0,2.125,0.0,2.2043990110685496,False,1.380952380952381,2,4,7,17,1,8,0,5,2,4.0,2.125,0.0,1.3635890143294642,0.47058823529411764,1.114011602820349,9.0,4.25,0.0,2.680951323690902,0.6136363636363636
1.7974741799127225,FUZZY_OPTUNA_DARTS,0.6666666666666666,2026-08-24_21-22-33,0.25,XOR,3.0,1.0,0.0,1.2649110640673518,True,1.1666666666666667,2,1,4,5,1,5,0,5,2,2.0,1.0,0.0,0.8944271909999159,0.0,1.7974741799127225,3.0,2.0,0.0,1.0954451150103321,0.75
1.6079737768841302,FUZZY_OPTUNA_DARTS,0.5625,2026-08-24_21-24-48,0.17857142857142858,XOR,4.0,1.25,0.0,1.6393596310755,False,1.1,2,1,5,10,3,8,1,8,4,3.0,1.25,0.0,1.3919410907075054,0.0,1.6079737768841302,6.0,2.5,0.0,2.1213203435596424,0.875
6.547783534387045,FUZZY_OPTUNA_DARTS,0.47619047619047616,2026-08-24_21-32-41,0.19047619047619047,XOR,4.0,1.1428571428571428,0.0,1.4568627181693672,True,1.2,2,1,5,8,2,7,0,7,3,3.0,1.1428571428571428,0.0,1.2453996981544782,0.0,6.547783534387045,4.0,2.2857142857142856,0.0,1.4846149779161806,0.6666666666666666
3.8477523860683456,FUZZY_OPTUNA_DARTS,0.6666666666666666,2026-08-24_21-39-41,0.25,XOR,3.0,1.0,0.0,1.2649110640673518,True,1.1666666666666667,2,1,4,5,1,5,0,5,2,2.0,1.0,0.0,0.8944271909999159,0.0,3.8477523860683456,3.0,2.0,0.0,1.0954451150103321,0.75
2.665751389217583,FUZZY_OPTUNA_DARTS,0.6666666666666666,2026-08-24_21-41-43,0.25,XOR,3.0,1.0,0.0,1.2649110640673518,True,1.1666666666666667,2,1,4,5,1,5,0,5,2,2.0,1.0,0.0,0.8944271909999159,0.0,2.665751389217583,3.0,2.0,0.0,1.0954451150103321,0.75
1.6947384492082584,FUZZY_OPTUNA_DARTS,0.5708333333333333,2026-08-24_21-43-58,0.21428571428571427,XOR,4.0,1.5,0.0,1.7320508075688772,False,1.4,2,3,6,12,2,8,1,6,3,3.0,1.5,0.0,1.224744871391589,0.3333333333333333,1.6947384492082584,7.0,3.0,0.0,2.29128784747792,0.5454545454545454
6.004618214788401,FUZZY_OPTUNA_DARTS,0.6666666666666666,2026-08-24_21-49-22,0.25,XOR,3.0,1.0,0.0,1.2649110640673518,True,1.1666666666666667,2,1,4,5,1,5,0,5,2,2.0,1.0,0.0,0.8944271909999159,0.0,6.004618214788401,3.0,2.0,0.0,1.0954451150103321,0.75
6.556817333548706,FUZZY_OPTUNA_DARTS,0.6666666666666666,2026-08-24_21-49-52,0.4,XOR,4.0,1.6,0.0,1.4966629547095767,True,1.2,2,1,5,8,0,5,0,5,1,3.0,1.6,0.0,1.2,0.0,6.556817333548706,4.0,3.2,3.0,0.4,0.6666666666666666
0.9723405971121603,FUZZY_OPTUNA_DARTS,0.4625,2026-08-24_22-01-49,0.32142857142857145,XOR,5.0,2.25,0.0,1.920286436967152,False,1.2857142857142858,2,4,7,18,1,8,0,5,2,4.0,2.25,0.0,1.6393596310755,0.3333333333333333,0.9723405971121603,7.0,4.5,0.0,1.9364916731037085,0.54
2.8980386872283055,FUZZY_OPTUNA_DARTS,0.47619047619047616,2026-08-24_22-04-49,0.19047619047619047,XOR,4.0,1.1428571428571428,0.0,1.4568627181693672,True,1.2,2,1,5,8,2,7,0,7,3,3.0,1.1428571428571428,0.0,1.2453996981544782,0.0,2.8980386872283055,4.0,2.2857142857142856,0.0,1.4846149779161806,0.6666666666666666
2.192728243261471,FUZZY_OPTUNA_DARTS,0.47619047619047616,2026-08-24_22-05-27,0.19047619047619047,XOR,4.0,1.1428571428571428,0.0,1.4568627181693672,True,1.2,2,1,5,8,2,7,0,7,3,3.0,1.1428571428571428,0.0,1.2453996981544782,0.0,2.192728243261471,4.0,2.2857142857142856,0.0,1.4846149779161806,0.6666666666666666
0.8102418934414323,FUZZY_OPTUNA_DARTS,0.5629629629629629,2026-08-24_22-05-54,0.2916666666666667,XOR,6.0,2.3333333333333335,0.0,2.0548046676563256,False,1.3214285714285714,2,5,8,21,1,9,0,5,2,4.0,2.3333333333333335,0.0,1.563471919941143,0.19047619047619047,0.8102418934414323,7.0,4.666666666666667,0.0,2.1081851067789197,0.5921052631578947
3.15151118118691,FUZZY_OPTUNA_DARTS,0.37037037037037035,2026-08-24_22-07-06,0.1111111111111111,XOR,4.0,0.8888888888888888,0.0,1.3698697784375504,True,1.2,2,1,5,8,4,9,0,9,5,3.0,0.8888888888888888,0.0,1.1967032904743342,0.0,3.15151118118691,4.0,1.7777777777777777,0.0,1.617802197617893,0.6666666666666666
1.0627274565400895,FUZZY_OPTUNA_DARTS,0.5555555555555555,2026-08-24_22-15-50,0.3,XOR,4.0,1.5,0.0,1.3844373104863459,False,1.2,2,1,5,9,0,6,1,6,2,3.0,1.5,0.0,1.118033988749895,0.0,1.0627274565400895,4.0,3.0,2.0,0.5773502691896257,0.6666666666666666
2.4640390086356003,FUZZY_OPTUNA_DARTS,0.7,2026-08-24_22-14-45,0.40476190476190477,XOR,5.0,2.4285714285714284,0.0,2.060315014550851,False,1.380952380952381,3,3,7,17,0,7,1,5,1,4.0,2.4285714285714284,0.0,1.3997084244475304,0.23529411764705882,2.4640390086356003,8.0,4.857142857142857,3.0,1.8070158058105026,0.6521739130434783
2.2947596781989987,FUZZY_OPTUNA_DARTS,0.5555555555555555,2026-08-24_22-19-41,0.26666666666666666,XOR,4.0,1.3333333333333333,0.0,1.4907119849998598,True,1.2,2,1,5,8,1,6,0,6,2,3.0,1.3333333333333333,0.0,1.247219128924647,0.0,2.2947596781989987,4.0,2.6666666666666665,0.0,1.247219128924647,0.6666666666666666
1.8536571829846133,FUZZY_OPTUNA_DARTS,0.6857142857142858,2026-08-24_22-19-03,0.23809523809523808,XOR,5.0,1.4285714285714286,0.0,1.7612611437054218,False,1.4,2,2,6,10,1,7,0,6,2,3.0,1.4285714285714286,0.0,1.0497813183356477,0.2,1.8536571829846133,6.0,2.857142857142857,0.0,1.8844151368961313,0.5
2.559511045073654,FUZZY_OPTUNA_DARTS,0.6666666666666666,2026-08-24_22-22-55,0.25,XOR,3.0,1.0,0.0,1.2649110640673518,True,1.1666666666666667,2,1,4,5,1,5,0,5,2,2.0,1.0,0.0,0.8944271909999159,0.0,2.559511045073654,3.0,2.0,0.0,1.0954451150103321,0.75
7.369524970963608,FUZZY_OPTUNA_DARTS,0.6666666666666666,2026-08-24_22-28-59,0.4,XOR,4.0,1.6,0.0,1.4966629547095767,True,1.2,2,1,5,8,0,5,0,5,1,3.0,1.6,0.0,1.2,0.0,7.369524970963608,4.0,3.2,3.0,0.4,0.6666666666666666
3.8590154747252714,FUZZY_OPTUNA_DARTS,0.8,2026-08-24_22-29-08,0.4,XOR,4.0,1.6,0.0,1.624807680927192,False,1.3,2,2,5,8,0,5,0,4,1,2.0,1.6,0.0,0.8,0.25,3.8590154747252714,5.0,3.2,2.0,1.1661903789690602,0.6
1.0007295545562012,FUZZY_OPTUNA_DARTS,0.25,2026-08-24_22-30-40,0.14285714285714285,XOR,3.0,1.0,0.0,1.3228756555322954,True,1.6,3,1,6,8,2,8,0,8,3,3.0,1.0,0.0,1.224744871391589,0.0,1.0007295545562012,3.0,2.0,0.0,1.3228756555322954,0.4
3.4388874749978604,FUZZY_OPTUNA_DARTS,0.6666666666666666,2026-08-24_22-36-15,0.4,XOR,4.0,1.6,0.0,1.4966629547095767,True,1.2,2,1,5,8,0,5,0,5,1,3.0,1.6,0.0,1.2,0.0,3.4388874749978604,4.0,3.2,3.0,0.4,0.6666666666666666
7.266168276050621,FUZZY_OPTUNA_DARTS,0.5714285714285714,2026-08-24_22-35-29,0.2619047619047619,XOR,4.0,1.5714285714285714,0.0,1.5907898179514348,False,1.3333333333333333,2,2,6,11,1,7,0,6,2,3.0,1.5714285714285714,0.0,1.3997084244475304,0.18181818181818182,7.266168276050621,6.0,3.142857142857143,0.0,1.6413036132965797,0.5769230769230769
1.64910479967884,FUZZY_OPTUNA_DARTS,0.6666666666666666,2026-08-24_22-39-56,0.4,XOR,4.0,1.6,0.0,1.4966629547095767,True,1.2,2,1,5,8,0,5,0,5,1,3.0,1.6,0.0,1.2,0.0,1.64910479967884,4.0,3.2,3.0,0.4,0.6666666666666666
8.071037651916377,FUZZY_OPTUNA_DARTS,0.6666666666666666,2026-08-24_22-42-09,0.4,XOR,4.0,1.6,0.0,1.4966629547095767,True,1.2,2,1,5,8,0,5,0,5,1,3.0,1.6,0.0,1.2,0.0,8.071037651916377,4.0,3.2,3.0,0.4,0.6666666666666666
3.379957259002859,FUZZY_OPTUNA_DARTS,0.5,2026-08-24_22-42-56,0.23333333333333334,XOR,3.0,1.1666666666666667,0.0,1.3437096247164249,False,1.4,2,2,5,7,1,6,0,5,2,2.0,1.1666666666666667,0.0,0.8975274678557507,0.2857142857142857,3.379957259002859,5.0,2.3333333333333335,0.0,1.4907119849998598,0.5454545454545454
10.3613850513089,FUZZY_OPTUNA_DARTS,0.5142857142857142,2026-08-24_22-43-08,0.2857142857142857,XOR,5.0,1.7142857142857142,0.0,1.749635530559413,False,1.2666666666666666,2,2,6,12,1,7,0,6,2,3.0,1.7142857142857142,0.0,1.1605769149479943,0.16666666666666666,10.3613850513089,5.0,3.4285714285714284,0.0,1.5907898179514348,0.5806451612903226
2.7946195933817397,FUZZY_OPTUNA_DARTS,0.4,2026-08-24_22-44-23,0.18055555555555555,XOR,5.0,1.4444444444444444,0.0,1.7708197167232476,False,1.2666666666666666,2,3,6,13,3,9,0,7,4,3.0,1.4444444444444444,0.0,1.3425606637327303,0.3076923076923077,2.7946195933817397,5.0,2.888888888888889,0.0,2.1829869671542776,0.5806451612903226
2.403365512178453,FUZZY_OPTUNA_DARTS,0.6666666666666666,2026-08-24_22-50-35,0.25,XOR,3.0,1.0,0.0,1.2649110640673518,True,1.1666666666666667,2,1,4,5,1,5,0,5,2,2.0,1.0,0.0,0.8944271909999159,0.0,2.403365512178453,3.0,2.0,0.0,1.0954451150103321,0.75
0.8668713942411732,FUZZY_OPTUNA_DARTS,0.4708333333333333,2026-08-24_22-52-50,0.4107142857142857,XOR,5.0,2.875,0.0,1.7633419974582356,False,1.3214285714285714,2,5,8,23,0,8,0,4,1,5.0,2.875,0.0,1.899835519196333,0.34782608695652173,0.8668713942411732,8.0,5.75,4.0,1.299038105676658,0.527027027027027
2.1179923307294257,FUZZY_OPTUNA_DARTS,0.5555555555555555,2026-08-24_22-59-00,0.26666666666666666,XOR,4.0,1.3333333333333333,0.0,1.4907119849998598,True,1.2,2,1,5,8,1,6,0,6,2,3.0,1.3333333333333333,0.0,1.247219128924647,0.0,2.1179923307294257,4.0,2.6666666666666665,0.0,1.247219128924647,0.6666666666666666
5.8910004886929705,FUZZY_OPTUNA_DARTS,0.4095238095238095,2026-08-24_23-24-34,0.21428571428571427,XOR,4.0,1.2857142857142858,0.0,1.4846149779161806,False,1.5333333333333334,2,3,6,9,1,7,0,5,2,3.0,1.2857142857142858,0.0,1.0301575072754254,0.4444444444444444,5.8910004886929705,7.0,2.5714285714285716,0.0,1.9897697538834456,0.4
3.0429382446647018,FUZZY_OPTUNA_DARTS,0.5555555555555555,2026-08-24_23-27-05,0.16666666666666666,XOR,3.0,0.8333333333333334,0.0,1.2133516482134197,True,1.1666666666666667,2,1,4,5,2,6,0,6,3,2.0,0.8333333333333334,0.0,0.8975274678557507,0.0,3.0429382446647018,3.0,1.6666666666666667,0.0,1.247219128924647,0.75
1.928583930925278,FUZZY_OPTUNA_DARTS,0.6,2026-08-24_23-29-02,0.36666666666666664,XOR,5.0,1.8333333333333333,0.0,1.6749792701868151,True,1.2666666666666666,2,1,6,11,0,6,0,6,1,4.0,1.8333333333333333,0.0,1.5723301886761005,0.0,1.928583930925278,5.0,3.6666666666666665,3.0,0.7453559924999299,0.5806451612903226
1.467180069085807,FUZZY_OPTUNA_DARTS,0.16666666666666666,2026-08-24_23-24-06,0.15555555555555556,XOR,4.0,1.4,0.0,1.5620499351813308,False,1.4761904761904763,3,3,7,14,3,10,0,8,4,4.0,1.4,0.0,1.42828568570857,0.2857142857142857,1.467180069085807,6.0,2.8,0.0,2.08806130178211,0.2903225806451613
2.2392939894146786,FUZZY_OPTUNA_DARTS,0.6370370370370371,2026-08-24_23-29-04,0.25,XOR,6.0,2.0,0.0,2.160246899469287,False,1.3333333333333333,2,3,7,18,2,9,2,7,3,4.0,2.0,0.0,1.563471919941143,0.2222222222222222,2.2392939894146786,8.0,4.0,0.0,2.6666666666666665,0.673469387755102
0.9355450852753893,FUZZY_OPTUNA_DARTS,0.4888888888888888,2026-08-24_23-34-50,0.2777777777777778,XOR,6.0,2.2222222222222223,0.0,2.3465235646603197,False,1.2380952380952381,2,4,7,20,2,9,2,6,3,4.0,2.2222222222222223,0.0,1.6850834320114556,0.2,0.9355450852753893,8.0,4.444444444444445,0.0,2.7125679146074897,0.6206896551724138
2.9840977113691682,FUZZY_OPTUNA_DARTS,0.6666666666666666,2026-08-24_23-43-44,0.25,XOR,3.0,1.0,0.0,1.2649110640673518,True,1.1666666666666667,2,1,4,5,1,5,0,5,2,2.0,1.0,0.0,0.8944271909999159,0.0,2.9840977113691682,3.0,2.0,0.0,1.0954451150103321,0.75
2.4460035071488417,FUZZY_OPTUNA_DARTS,0.4444444444444444,2026-08-24_23-42-31,0.1111111111111111,XOR,4.0,0.8888888888888888,0.0,1.4487116456005886,False,1.3,2,2,5,8,4,9,0,8,5,2.0,0.8888888888888888,0.0,0.9938079899999065,0.25,2.4460035071488417,5.0,1.7777777777777777,0.0,1.8121673811444545,0.6
2.7049995702062892,FUZZY_OPTUNA_DARTS,0.8500000000000001,2026-08-24_23-53-29,0.43333333333333335,XOR,5.0,2.1666666666666665,0.0,1.9507833184532708,False,1.2,2,3,6,13,0,6,1,4,1,3.0,2.1666666666666665,0.0,1.0671873729054748,0.0,2.7049995702062892,7.0,4.333333333333333,3.0,1.4907119849998598,0.7692307692307693
2.271239632857871,FUZZY_OPTUNA_DARTS,0.5,2026-08-24_23-53-09,0.14285714285714285,XOR,4.0,1.0,0.0,1.5,False,1.3,2,2,5,8,3,8,0,7,4,2.0,1.0,0.0,1.0,0.25,2.271239632857871,5.0,2.0,0.0,1.8027756377319946,0.6
2.795253214899497,FUZZY_OPTUNA_DARTS,0.5714285714285714,2026-08-24_23-54-41,0.19047619047619047,XOR,4.0,1.1428571428571428,0.0,1.5518257844571737,False,1.3,2,2,5,8,2,7,0,6,3,2.0,1.1428571428571428,0.0,0.989743318610787,0.25,2.795253214899497,5.0,2.2857142857142856,0.0,1.749635530559413,0.6
2.323577486212121,FUZZY_OPTUNA_DARTS,0.47619047619047616,2026-08-24_23-56-46,0.11904761904761904,XOR,3.0,0.7142857142857143,0.0,1.1605769149479943,True,1.1666666666666667,2,1,4,5,3,7,0,7,4,2.0,0.7142857142857143,0.0,0.8806305718527109,0.0,2.323577486212121,3.0,1.4285714285714286,0.0,1.2936264483053452,0.75
2.9747765885818525,FUZZY_OPTUNA_DARTS,0.6666666666666666,2026-08-24_23-59-13,0.25,XOR,3.0,1.0,0.0,1.2649110640673518,True,1.1666666666666667,2,1,4,5,1,5,0,5,2,2.0,1.0,0.0,0.8944271909999159,0.0,2.9747765885818525,3.0,2.0,0.0,1.0954451150103321,0.75
4.946572531574359,FUZZY_OPTUNA_DARTS,0.41666666666666663,2026-08-24_23-58-11,0.14285714285714285,XOR,4.0,1.0,0.0,1.4142135623730951,True,1.2,2,1,5,8,3,8,0,8,4,3.0,1.0,0.0,1.224744871391589,0.0,4.946572531574359,4.0,2.0,0.0,1.5811388300841898,0.6666666666666666
2.316186471103378,FUZZY_OPTUNA_DARTS,0.5555555555555555,2026-08-25_00-12-15,0.16666666666666666,XOR,3.0,0.8333333333333334,0.0,1.2133516482134197,True,1.1666666666666667,2,1,4,5,2,6,0,6,3,2.0,0.8333333333333334,0.0,0.8975274678557507,0.0,2.316186471103378,3.0,1.6666666666666667,0.0,1.247219128924647,0.75
0.8118507789614539,FUZZY_OPTUNA_DARTS,0.5,2026-08-25_00-12-22,0.23333333333333334,XOR,3.0,1.1666666666666667,0.0,1.3437096247164249,False,1.4,2,2,5,7,1,6,0,5,2,2.0,1.1666666666666667,0.0,0.8975274678557507,0.2857142857142857,0.8118507789614539,5.0,2.3333333333333335,0.0,1.4907119849998598,0.5454545454545454
4.892652873327328,FUZZY_OPTUNA_DARTS,0.4687830687830688,2026-08-25_00-11-35,0.2638888888888889,XOR,6.0,2.111111111111111,0.0,1.7916128329552332,False,1.5833333333333333,3,2,9,19,0,9,0,7,1,5.0,2.111111111111111,0.0,1.7916128329552332,0.21052631578947367,4.892652873327328,8.0,4.222222222222222,1.0,2.096440251568134,0.5238095238095238
0.8441522116963883,FUZZY_OPTUNA_DARTS,0.4,2026-08-25_00-19-56,0.16666666666666666,XOR,5.0,1.3333333333333333,0.0,1.7638342073763937,False,1.2666666666666666,2,2,6,12,3,9,0,8,4,3.0,1.3333333333333333,0.0,1.3333333333333333,0.16666666666666666,0.8441522116963883,5.0,2.6666666666666665,0.0,2.0,0.5806451612903226
2.5277701960346586,FUZZY_OPTUNA_DARTS,0.6666666666666666,2026-08-25_00-29-40,0.4,XOR,4.0,1.6,0.0,1.4966629547095767,True,1.2,2,1,5,8,0,5,0,5,1,3.0,1.6,0.0,1.2,0.0,2.5277701960346586,4.0,3.2,3.0,0.4,0.6666666666666666
0.9823963518275889,FUZZY_OPTUNA_DARTS,0.5708333333333333,2026-08-25_00-27-23,0.3392857142857143,XOR,5.0,2.375,0.0,1.9324531042175384,False,1.2380952380952381,2,3,7,19,1,8,1,6,2,5.0,2.375,0.0,1.79843682124227,0.21052631578947367,0.9823963518275889,8.0,4.75,0.0,2.165063509461097,0.6610169491525424
2.585308928926538,FUZZY_OPTUNA_DARTS,0.6666666666666666,2026-08-25_00-32-02,0.26666666666666666,XOR,4.0,1.3333333333333333,0.0,1.5986105077709065,False,1.3,2,2,5,8,1,6,0,5,2,2.0,1.3333333333333333,0.0,0.9428090415820634,0.25,2.585308928926538,5.0,2.6666666666666665,0.0,1.5986105077709065,0.6
1.1886619481773912,FUZZY_OPTUNA_DARTS,0.4866666666666667,2026-08-25_00-31-53,0.17777777777777778,XOR,5.0,1.6,0.0,2.0591260281974,False,1.380952380952381,2,3,7,16,3,10,1,8,4,3.0,1.6,0.0,1.3564659966250536,0.25,1.1886619481773912,7.0,3.2,0.0,2.5219040425836985,0.6818181818181818
3.0775982566481925,FUZZY_OPTUNA_DARTS,0.6291666666666667,2026-08-25_00-37-09,0.25,XOR,5.0,1.75,0.0,2.0463381929681126,False,1.2666666666666666,2,3,6,14,2,8,1,6,3,3.0,1.75,0.0,1.3919410907075054,0.2857142857142857,3.0775982566481925,7.0,3.5,0.0,2.5495097567963922,0.7272727272727273
3.4645137991343753,FUZZY_OPTUNA_DARTS,0.41666666666666663,2026-08-25_00-41-12,0.10714285714285714,XOR,3.0,0.75,0.0,1.0897247358851685,True,1.1666666666666667,2,1,4,6,2,8,0,8,4,2.0,0.75,0.0,0.82915619758885,0.0,3.4645137991343753,3.0,1.5,0.0,1.118033988749895,0.75
2.290461011942703,FUZZY_OPTUNA_DARTS,0.8,2026-08-25_00-47-11,0.4,XOR,4.0,1.6,0.0,1.624807680927192,False,1.3,2,2,5,8,0,5,0,4,1,2.0,1.6,0.0,0.8,0.25,2.290461011942703,5.0,3.2,2.0,1.1661903789690602,0.6
0.8342001148810994,FUZZY_OPTUNA_DARTS,0.75,2026-08-25_00-51-41,0.3333333333333333,XOR,4.0,1.6666666666666667,0.0,1.699673171197595,False,1.1,2,1,5,10,1,6,1,6,2,3.0,1.6666666666666667,0.0,1.3743685418725535,0.0,0.8342001148810994,6.0,3.3333333333333335,0.0,1.7950549357115013,0.875
4.6960482766638885,FUZZY_OPTUNA_DARTS,0.8,2026-08-25_00-52-57,0.4,XOR,4.0,1.6,0.0,1.624807680927192,False,1.3,2,2,5,8,0,5,0,4,1,2.0,1.6,0.0,0.8,0.25,4.6960482766638885,5.0,3.2,2.0,1.1661903789690602,0.6
0.8560353816773136,FUZZY_OPTUNA_DARTS,0.5555555555555555,2026-08-25_00-55-42,0.2,XOR,3.0,1.0,0.0,1.1547005383792515,True,1.1666666666666667,2,1,4,6,0,6,0,6,2,2.0,1.0,0.0,0.816496580927726,0.0,0.8560353816773136,3.0,2.0,1.0,0.816496580927726,0.75
4.865168045135305,FUZZY_OPTUNA_DARTS,0.5,2026-08-25_00-58-57,0.1388888888888889,XOR,4.0,1.1111111111111112,0.0,1.5947444549341472,False,1.1,2,1,5,10,4,9,1,9,5,3.0,1.1111111111111112,0.0,1.3698697784375504,0.0,4.865168045135305,6.0,2.2222222222222223,0.0,2.1487866228681907,0.875
0.8205306341700068,FUZZY_OPTUNA_DARTS,0.4444444444444444,2026-08-25_01-04-01,0.1527777777777778,XOR,4.0,1.2222222222222223,0.0,1.547598697464902,False,1.3333333333333333,2,2,6,11,3,9,0,8,4,3.0,1.2222222222222223,0.0,1.3966450099973928,0.18181818181818182,0.8205306341700068,6.0,2.4444444444444446,0.0,1.9499920860871383,0.5769230769230769
6.4991337753316865,FUZZY_OPTUNA_DARTS,0.6666666666666666,2026-08-25_01-17-14,0.25,XOR,3.0,1.0,0.0,1.2649110640673518,True,1.1666666666666667,2,1,4,5,1,5,0,5,2,2.0,1.0,0.0,0.8944271909999159,0.0,6.4991337753316865,3.0,2.0,0.0,1.0954451150103321,0.75
0.9098055794434928,FUZZY_OPTUNA_DARTS,0.6666666666666666,2026-08-25_01-17-40,0.23333333333333334,XOR,4.0,1.1666666666666667,0.0,1.4624940645653537,True,1.3,2,1,5,7,1,6,0,6,2,2.0,1.1666666666666667,0.0,0.8975274678557507,0.0,0.9098055794434928,4.0,2.3333333333333335,0.0,1.3743685418725535,0.6
0.8664965099197465,FUZZY_OPTUNA_DARTS,0.6666666666666666,2026-08-25_01-19-19,0.25,XOR,3.0,1.0,0.0,1.2649110640673518,True,1.1666666666666667,2,1,4,5,1,5,0,5,2,2.0,1.0,0.0,0.8944271909999159,0.0,0.8664965099197465,3.0,2.0,0.0,1.0954451150103321,0.75
3.306445050429565,FUZZY_OPTUNA_DARTS,0.6666666666666666,2026-08-25_01-21-33,0.25,XOR,3.0,1.0,0.0,1.2649110640673518,True,1.1666666666666667,2,1,4,5,1,5,0,5,2,2.0,1.0,0.0,0.8944271909999159,0.0,3.306445050429565,3.0,2.0,0.0,1.0954451150103321,0.75
1.880828338184628,FUZZY_OPTUNA_DARTS,0.8857142857142856,2026-08-25_01-25-28,0.5,XOR,6.0,3.0,0.0,2.2038926600773587,False,1.1428571428571428,2,4,7,21,0,7,1,4,1,4.0,3.0,0.0,1.4142135623730951,0.19047619047619047,1.880828338184628,8.0,6.0,4.0,1.4142135623730951,0.8461538461538461
0.9060573538754941,FUZZY_OPTUNA_DARTS,0.6666666666666666,2026-08-25_01-36-59,0.25,XOR,3.0,1.0,0.0,1.2649110640673518,True,1.1666666666666667,2,1,4,5,1,5,0,5,2,2.0,1.0,0.0,0.8944271909999159,0.0,0.9060573538754941,3.0,2.0,0.0,1.0954451150103321,0.75
1.0749924595307976,FUZZY_OPTUNA_DARTS,0.75,2026-08-25_01-47-23,0.3333333333333333,XOR,4.0,1.6666666666666667,0.0,1.699673171197595,False,1.1,2,1,5,10,1,6,1,6,2,3.0,1.6666666666666667,0.0,1.3743685418725535,0.0,1.0749924595307976,6.0,3.3333333333333335,0.0,1.7950549357115013,0.875
2.4455080663959294,FUZZY_OPTUNA_DARTS,0.4,2026-08-25_01-49-09,0.08888888888888889,XOR,4.0,0.8,0.0,1.4,False,1.3,2,2,5,8,5,10,0,9,6,2.0,0.8,0.0,0.9797958971132712,0.25,2.4455080663959294,5.0,1.6,0.0,1.8,0.6
1.6430356960810015,FUZZY_OPTUNA_DARTS,0.3333333333333333,2026-08-25_01-53-57,0.19642857142857142,XOR,4.0,1.375,0.0,1.5761900266148114,False,1.3333333333333333,2,2,6,11,2,8,0,7,3,3.0,1.375,0.0,1.2183492931011204,0.18181818181818182,1.6430356960810015,5.0,2.75,0.0,1.713913650100261,0.48
4.732268336160426,FUZZY_OPTUNA_DARTS,0.6666666666666666,2026-08-25_02-05-22,0.25,XOR,3.0,1.0,0.0,1.2649110640673518,True,1.1666666666666667,2,1,4,5,1,5,0,5,2,2.0,1.0,0.0,0.8944271909999159,0.0,4.732268336160426,3.0,2.0,0.0,1.0954451150103321,0.75
0.9158714113349014,FUZZY_OPTUNA_DARTS,0.561904761904762,2026-08-25_02-03-06,0.375,XOR,5.0,3.0,0.0,1.7638342073763937,False,1.3888888888888888,2,5,9,27,0,9,0,5,1,5.0,3.0,0.0,1.8856180831641267,0.37037037037037035,0.9158714113349014,9.0,6.0,3.0,1.8856180831641267,0.5333333333333333
0.9749432268127676,FUZZY_OPTUNA_DARTS,0.8000000000000002,2026-08-25_02-15-00,0.36666666666666664,XOR,5.0,1.8333333333333333,0.0,1.9507833184532708,False,1.4,2,3,6,11,0,6,0,4,1,3.0,1.8333333333333333,0.0,0.8975274678557507,0.36363636363636365,0.9749432268127676,7.0,3.6666666666666665,2.0,1.7950549357115013,0.5
7.506326858795537,FUZZY_OPTUNA_DARTS,0.5714285714285714,2026-08-25_02-29-13,0.19047619047619047,XOR,4.0,1.1428571428571428,0.0,1.5518257844571737,False,1.3,2,2,5,8,2,7,0,6,3,2.0,1.1428571428571428,0.0,0.989743318610787,0.25,7.506326858795537,5.0,2.2857142857142856,0.0,1.749635530559413,0.6
0.911173578520893,FUZZY_OPTUNA_DARTS,0.6728571428571428,2026-08-25_02-30-29,0.3,XOR,7.0,2.7,0.0,2.6095976701399777,False,1.1428571428571428,2,5,8,27,2,10,1,6,3,5.0,2.7,0.0,2.0024984394500787,0.14814814814814814,0.911173578520893,9.0,5.4,0.0,2.973213749463701,0.8292682926829268
1.2664229409951098,FUZZY_OPTUNA_DARTS,0.5555555555555555,2026-08-25_02-41-22,0.16666666666666666,XOR,3.0,0.8333333333333334,0.0,1.2133516482134197,True,1.1666666666666667,2,1,4,5,2,6,0,6,3,2.0,0.8333333333333334,0.0,0.8975274678557507,0.0,1.2664229409951098,3.0,1.6666666666666667,0.0,1.247219128924647,0.75
1.4023847683991195,FUZZY_OPTUNA_DARTS,0.4,2026-08-25_02-44-22,0.4,XOR,3.0,1.6,0.0,1.3564659966250536,False,1.3,2,1,5,8,0,5,1,5,1,3.0,1.6,0.0,1.2,0.0,1.4023847683991195,4.0,3.2,3.0,0.4,0.46153846153846156
1.2939194734934591,FUZZY_OPTUNA_DARTS,0.5,2026-08-25_02-54-44,0.23333333333333334,XOR,3.0,1.1666666666666667,0.0,1.3437096247164249,False,1.4,2,2,5,7,1,6,0,5,2,2.0,1.1666666666666667,0.0,0.8975274678557507,0.2857142857142857,1.2939194734934591,5.0,2.3333333333333335,0.0,1.4907119849998598,0.5454545454545454
0.9768149739696519,FUZZY_OPTUNA_DARTS,0.5555555555555555,2026-08-25_02-57-59,0.16666666666666666,XOR,3.0,0.8333333333333334,0.0,1.2133516482134197,True,1.1666666666666667,2,1,4,5,2,6,0,6,3,2.0,0.8333333333333334,0.0,0.8975274678557507,0.0,0.9768149739696519,3.0,1.6666666666666667,0.0,1.247219128924647,0.75
0.8003213636192695,FUZZY_OPTUNA_DARTS,0.6083333333333333,2026-08-25_03-06-15,0.44642857142857145,XOR,5.0,3.125,0.0,1.964529205687714,False,1.2857142857142858,2,5,8,25,0,8,0,4,1,5.0,3.125,0.0,1.5360257159305635,0.4,0.8003213636192695,8.0,6.25,5.0,1.3919410907075054,0.6219512195121951
4.239017898529443,FUZZY_OPTUNA_DARTS,0.6666666666666666,2026-08-25_03-11-33,0.25,XOR,3.0,1.0,0.0,1.2649110640673518,True,1.1666666666666667,2,1,4,5,1,5,0,5,2,2.0,1.0,0.0,0.8944271909999159,0.0,4.239017898529443,3.0,2.0,0.0,1.0954451150103321,0.75
2.2747065802747026,FUZZY_OPTUNA_DARTS,0.6666666666666666,2026-08-25_03-13-49,0.25,XOR,3.0,1.0,0.0,1.2649110640673518,True,1.1666666666666667,2,1,4,5,1,5,0,5,2,2.0,1.0,0.0,0.8944271909999159,0.0,2.2747065802747026,3.0,2.0,0.0,1.0954451150103321,0.75
3.523161033284555,FUZZY_OPTUNA_DARTS,0.23703703703703705,2026-08-25_03-13-20,0.2222222222222222,XOR,5.0,1.7777777777777777,0.0,1.9309052441091963,False,1.380952380952381,2,4,7,16,2,9,0,6,3,3.0,1.7777777777777777,0.0,1.314684396244359,0.375,3.523161033284555,6.0,3.5555555555555554,0.0,2.1659542988464366,0.3157894736842105
0.9327841055542868,FUZZY_OPTUNA_DARTS,0.6749999999999999,2026-08-25_03-20-30,0.48214285714285715,XOR,6.0,3.375,0.0,2.117634293262177,False,1.2857142857142858,2,5,8,27,0,8,2,4,1,5.0,3.375,0.0,1.5761900266148114,0.37037037037037035,0.9327841055542868,9.0,6.75,4.0,1.920286436967152,0.6506024096385542
4.074959605932685,FUZZY_OPTUNA_DARTS,0.41666666666666663,2026-08-25_03-39-28,0.14285714285714285,XOR,4.0,1.0,0.0,1.4142135623730951,True,1.2,2,1,5,8,3,8,0,8,4,3.0,1.0,0.0,1.224744871391589,0.0,4.074959605932685,4.0,2.0,0.0,1.5811388300841898,0.6666666666666666
1.102834077025484,FUZZY_OPTUNA_DARTS,0.5338095238095238,2026-08-25_03-37-09,0.32222222222222224,XOR,6.0,2.9,0.0,2.118962010041709,False,1.3333333333333333,2,4,9,29,1,10,2,7,2,6.0,2.9,0.0,1.8138357147217055,0.20689655172413793,1.102834077025484,9.0,5.8,0.0,2.3151673805580453,0.5887850467289719
5.002439406368184,FUZZY_OPTUNA_DARTS,0.375,2026-08-25_03-47-56,0.125,XOR,3.0,0.875,0.0,1.2686114456365274,False,1.4,2,2,5,7,3,8,0,7,4,2.0,0.875,0.0,0.9270248108869579,0.2857142857142857,5.002439406368184,5.0,1.75,0.0,1.6393596310755,0.5454545454545454
3.177664520848668,FUZZY_OPTUNA_DARTS,0.3333333333333333,2026-08-25_03-45-01,0.08888888888888889,XOR,4.0,0.8,0.0,1.3266499161421599,True,1.2,2,1,5,8,5,10,0,10,6,3.0,0.8,0.0,1.1661903789690602,0.0,3.177664520848668,4.0,1.6,0.0,1.624807680927192,0.6666666666666666
0.8241687664777482,FUZZY_OPTUNA_DARTS,0.53,2026-08-25_03-47-37,0.28888888888888886,XOR,6.0,2.6,0.0,2.244994432064365,False,1.2857142857142858,2,5,8,26,2,10,1,6,3,5.0,2.6,0.0,1.8,0.38461538461538464,0.8241687664777482,8.0,5.2,0.0,2.9933259094191533,0.6428571428571429
2.1004259491468718,FUZZY_OPTUNA_DARTS,0.6958333333333333,2026-08-25_04-00-28,0.35714285714285715,XOR,5.0,2.5,0.0,1.8027756377319946,False,1.4642857142857142,3,5,8,20,0,8,0,4,1,5.0,2.5,0.0,1.5,0.4,2.1004259491468718,8.0,5.0,3.0,2.0,0.6
1.5906398859439723,FUZZY_OPTUNA_DARTS,0.47619047619047616,2026-08-25_04-07-13,0.19047619047619047,XOR,4.0,1.1428571428571428,0.0,1.4568627181693672,True,1.2,2,1,5,8,2,7,0,7,3,3.0,1.1428571428571428,0.0,1.2453996981544782,0.0,1.5906398859439723,4.0,2.2857142857142856,0.0,1.4846149779161806,0.6666666666666666
2.49746382294411,FUZZY_OPTUNA_DARTS,0.6708333333333334,2026-08-25_04-11-12,0.375,XOR,6.0,2.625,0.0,2.2325713874364688,False,1.1904761904761905,2,4,7,21,1,8,0,5,2,4.0,2.625,0.0,1.5761900266148114,0.38095238095238093,2.49746382294411,8.0,5.25,0.0,2.384848003542364,0.75
3.8939553878478512,FUZZY_OPTUNA_DARTS,0.38,2026-08-25_04-11-40,0.17777777777777778,XOR,4.0,1.6,0.0,1.5620499351813308,False,1.6428571428571428,3,4,8,16,2,10,0,7,3,4.0,1.6,0.0,1.4966629547095767,0.375,3.8939553878478512,7.0,3.2,0.0,2.2715633383201093,0.42857142857142855
2.4693350621133834,FUZZY_OPTUNA_DARTS,0.2,2026-08-25_04-17-04,0.12222222222222222,XOR,4.0,1.1,0.0,1.5132745950421556,True,1.4761904761904763,2,1,7,11,3,10,0,10,4,3.0,1.1,0.0,1.2206555615733703,0.0,2.4693350621133834,4.0,2.2,0.0,1.5362291495737217,0.36
4.499218292397285,FUZZY_OPTUNA_DARTS,0.2962962962962963,2026-08-25_04-33-12,0.1527777777777778,XOR,4.0,1.2222222222222223,0.0,1.547598697464902,False,1.3333333333333333,2,2,6,11,3,9,0,8,4,3.0,1.2222222222222223,0.0,1.227262335243029,0.18181818181818182,4.499218292397285,5.0,2.4444444444444446,0.0,1.8324913891634047,0.48
1.15540132102557,FUZZY_OPTUNA_DARTS,0.8,2026-08-25_04-40-09,0.4,XOR,4.0,1.6,0.0,1.624807680927192,False,1.3,2,2,5,8,0,5,0,4,1,2.0,1.6,0.0,0.8,0.25,1.15540132102557,5.0,3.2,2.0,1.1661903789690602,0.6
2.2535237244745367,FUZZY_OPTUNA_DARTS,0.37777777777777777,2026-08-25_04-57-13,0.16666666666666666,XOR,5.0,1.3333333333333333,0.0,1.632993161855452,True,1.4761904761904763,3,1,7,12,2,9,0,9,3,3.0,1.3333333333333333,0.0,1.3333333333333333,0.0,2.2535237244745367,5.0,2.6666666666666665,0.0,1.8257418583505538,0.5142857142857142
2.7848508998441712,FUZZY_OPTUNA_DARTS,0.6666666666666666,2026-08-25_05-08-29,0.25,XOR,3.0,1.0,0.0,1.2649110640673518,True,1.1666666666666667,2,1,4,5,1,5,0,5,2,2.0,1.0,0.0,0.8944271909999159,0.0,2.7848508998441712,3.0,2.0,0.0,1.0954451150103321,0.75
2.8374256027308595,FUZZY_OPTUNA_DARTS,0.47619047619047616,2026-08-25_05-08-18,0.11904761904761904,XOR,3.0,0.7142857142857143,0.0,1.1605769149479943,True,1.1666666666666667,2,1,4,5,3,7,0,7,4,2.0,0.7142857142857143,0.0,0.8806305718527109,0.0,2.8374256027308595,3.0,1.4285714285714286,0.0,1.2936264483053452,0.75
2.935029340596004,FUZZY_OPTUNA_DARTS,0.37037037037037035,2026-08-25_05-19-53,0.1111111111111111,XOR,4.0,0.8888888888888888,0.0,1.3698697784375504,True,1.2,2,1,5,8,4,9,0,9,5,3.0,0.8888888888888888,0.0,1.1967032904743342,0.0,2.935029340596004,4.0,1.7777777777777777,0.0,1.617802197617893,0.6666666666666666
1.2875299320659035,FUZZY_OPTUNA_DARTS,0.47619047619047616,2026-08-25_05-24-43,0.11904761904761904,XOR,3.0,0.7142857142857143,0.0,1.1605769149479943,True,1.1666666666666667,2,1,4,5,3,7,0,7,4,2.0,0.7142857142857143,0.0,0.8806305718527109,0.0,1.2875299320659035,3.0,1.4285714285714286,0.0,1.2936264483053452,0.75
1.741189496591667,FUZZY_OPTUNA_DARTS,0.45666666666666667,2026-08-25_05-35-43,0.1111111111111111,XOR,4.0,1.0,0.0,1.4142135623730951,False,1.4,2,3,6,10,4,10,0,8,5,3.0,1.0,0.0,1.0954451150103321,0.2,1.741189496591667,6.0,2.0,0.0,2.0,0.5454545454545454
0.8165218987256319,FUZZY_OPTUNA_DARTS,0.0,2026-08-25_05-48-45,0.08928571428571429,XOR,2.0,0.625,0.0,0.8569568250501305,True,1.3333333333333333,2,1,4,5,2,8,0,8,4,2.0,0.625,0.0,0.8569568250501305,0.0,0.8165218987256319,2.0,1.25,0.0,0.82915619758885,0.0
2.830787773728078,FUZZY_OPTUNA_DARTS,0.4444444444444444,2026-08-25_05-52-56,0.1388888888888889,XOR,4.0,1.1111111111111112,0.0,1.4487116456005886,True,1.3333333333333333,2,1,6,10,3,9,0,9,4,3.0,1.1111111111111112,0.0,1.3698697784375504,0.0,2.830787773728078,5.0,2.2222222222222223,0.0,1.7497795275581802,0.5769230769230769
5.220186148189496,FUZZY_OPTUNA_DARTS,0.6666666666666666,2026-08-25_06-02-55,0.25,XOR,3.0,1.0,0.0,1.2649110640673518,True,1.1666666666666667,2,1,4,5,1,5,0,5,2,2.0,1.0,0.0,0.8944271909999159,0.0,5.220186148189496,3.0,2.0,0.0,1.0954451150103321,0.75
5.735560552561773,FUZZY_OPTUNA_DARTS,0.6666666666666666,2026-08-25_06-14-19,0.25,XOR,3.0,1.0,0.0,1.2649110640673518,True,1.1666666666666667,2,1,4,5,1,5,0,5,2,2.0,1.0,0.0,0.8944271909999159,0.0,5.735560552561773,3.0,2.0,0.0,1.0954451150103321,0.75
2.065128516273629,FUZZY_OPTUNA_DARTS,0.8,2026-08-25_06-14-29,0.4,XOR,4.0,1.6,0.0,1.624807680927192,False,1.3,2,2,5,8,0,5,0,4,1,2.0,1.6,0.0,0.8,0.25,2.065128516273629,5.0,3.2,2.0,1.1661903789690602,0.6
2.5858464440399134,FUZZY_OPTUNA_DARTS,0.5208333333333334,2026-08-25_06-13-11,0.19642857142857142,XOR,5.0,1.375,0.0,1.9324531042175384,False,1.3333333333333333,2,1,6,11,2,8,1,8,3,3.0,1.375,0.0,1.2183492931011204,0.0,2.5858464440399134,7.0,2.75,0.0,2.222048604328897,0.75
5.319687524073592,FUZZY_OPTUNA_DARTS,0.37037037037037035,2026-08-25_06-28-20,0.1111111111111111,XOR,4.0,0.8888888888888888,0.0,1.3698697784375504,True,1.2,2,1,5,8,4,9,0,9,5,3.0,0.8888888888888888,0.0,1.1967032904743342,0.0,5.319687524073592,4.0,1.7777777777777777,0.0,1.617802197617893,0.6666666666666666
1.6024079240953182,FUZZY_OPTUNA_DARTS,0.8000000000000002,2026-08-25_06-35-47,0.36666666666666664,XOR,5.0,1.8333333333333333,0.0,1.9507833184532708,False,1.4,2,3,6,11,0,6,0,4,1,3.0,1.8333333333333333,0.0,0.8975274678557507,0.36363636363636365,1.6024079240953182,7.0,3.6666666666666665,2.0,1.7950549357115013,0.5
3.3653014795258396,FUZZY_OPTUNA_DARTS,0.5555555555555555,2026-08-25_06-39-03,0.26666666666666666,XOR,4.0,1.3333333333333333,0.0,1.4907119849998598,True,1.2,2,1,5,8,1,6,0,6,2,3.0,1.3333333333333333,0.0,1.247219128924647,0.0,3.3653014795258396,4.0,2.6666666666666665,0.0,1.247219128924647,0.6666666666666666
2.0926740909395076,FUZZY_OPTUNA_DARTS,0.6666666666666666,2026-08-25_06-49-18,0.25,XOR,3.0,1.0,0.0,1.2649110640673518,True,1.1666666666666667,2,1,4,5,1,5,0,5,2,2.0,1.0,0.0,0.8944271909999159,0.0,2.0926740909395076,3.0,2.0,0.0,1.0954451150103321,0.75
3.4718520291952233,FUZZY_OPTUNA_DARTS,0.5142857142857143,2026-08-25_06-51-34,0.3333333333333333,XOR,5.0,2.0,0.0,1.927248223318863,False,1.2666666666666666,2,3,6,14,1,7,1,5,2,3.0,2.0,0.0,1.3093073414159544,0.2857142857142857,3.4718520291952233,7.0,4.0,0.0,2.0701966780270626,0.5806451612903226
1.0668674320082476,FUZZY_OPTUNA_DARTS,0.6666666666666666,2026-08-25_06-53-55,0.4,XOR,4.0,1.6,0.0,1.4966629547095767,True,1.2,2,1,5,8,0,5,0,5,1,3.0,1.6,0.0,1.2,0.0,1.0668674320082476,4.0,3.2,3.0,0.4,0.6666666666666666
1.5946689341580407,FUZZY_OPTUNA_DARTS,0.5555555555555555,2026-08-25_07-01-18,0.26666666666666666,XOR,4.0,1.3333333333333333,0.0,1.4907119849998598,True,1.2,2,1,5,8,1,6,0,6,2,3.0,1.3333333333333333,0.0,1.247219128924647,0.0,1.5946689341580407,4.0,2.6666666666666665,0.0,1.247219128924647,0.6666666666666666
0.8937605128116308,FUZZY_OPTUNA_DARTS,0.6095238095238095,2026-08-25_06-57-32,0.28888888888888886,XOR,7.0,2.6,0.0,2.537715508089904,False,1.1785714285714286,2,5,8,26,2,10,0,6,3,5.0,2.6,0.0,1.9595917942265424,0.23076923076923078,0.8937605128116308,8.0,5.2,0.0,2.749545416973504,0.7567567567567568
2.0756716720750346,FUZZY_OPTUNA_DARTS,0.5458333333333333,2026-08-25_07-02-20,0.25,XOR,5.0,1.75,0.0,1.8540496217739157,False,1.2,2,3,6,14,2,8,0,6,3,4.0,1.75,0.0,1.479019945774904,0.2857142857142857,2.0756716720750346,6.0,3.5,0.0,2.179449471770337,0.7297297297297297
5.516114108805447,FUZZY_OPTUNA_DARTS,0.6666666666666666,2026-08-25_07-07-03,0.25,XOR,3.0,1.0,0.0,1.2649110640673518,True,1.1666666666666667,2,1,4,5,1,5,0,5,2,2.0,1.0,0.0,0.8944271909999159,0.0,5.516114108805447,3.0,2.0,0.0,1.0954451150103321,0.75
1.4968644729211957,FUZZY_OPTUNA_DARTS,0.6666666666666666,2026-08-25_07-08-15,0.25,XOR,3.0,1.0,0.0,1.2649110640673518,True,1.1666666666666667,2,1,4,5,1,5,0,5,2,2.0,1.0,0.0,0.8944271909999159,0.0,1.4968644729211957,3.0,2.0,0.0,1.0954451150103321,0.75
1.207908598788185,FUZZY_OPTUNA_DARTS,0.5111111111111111,2026-08-25_07-04-32,0.3055555555555556,XOR,5.0,2.4444444444444446,0.0,2.1659542988464366,False,1.3928571428571428,2,5,8,22,1,9,0,5,2,4.0,2.4444444444444446,0.0,1.4229164972072996,0.45454545454545453,1.207908598788185,9.0,4.888888888888889,0.0,2.5579698740491863,0.4918032786885246
11.357684060895606,FUZZY_OPTUNA_DARTS,0.5555555555555555,2026-08-25_07-12-07,0.26666666666666666,XOR,4.0,1.3333333333333333,0.0,1.4907119849998598,True,1.2,2,1,5,8,1,6,0,6,2,3.0,1.3333333333333333,0.0,1.247219128924647,0.0,11.357684060895606,4.0,2.6666666666666665,0.0,1.247219128924647,0.6666666666666666
3.321891792131649,FUZZY_OPTUNA_DARTS,0.5555555555555555,2026-08-25_07-23-12,0.26666666666666666,XOR,4.0,1.3333333333333333,0.0,1.4907119849998598,True,1.2,2,1,5,8,1,6,0,6,2,3.0,1.3333333333333333,0.0,1.247219128924647,0.0,3.321891792131649,4.0,2.6666666666666665,0.0,1.247219128924647,0.6666666666666666
1.1597869949082875,FUZZY_OPTUNA_DARTS,0.6666666666666666,2026-08-25_07-28-39,0.25,XOR,3.0,1.0,0.0,1.2649110640673518,True,1.1666666666666667,2,1,4,5,1,5,0,5,2,2.0,1.0,0.0,0.8944271909999159,0.0,1.1597869949082875,3.0,2.0,0.0,1.0954451150103321,0.75
3.1871256064131606,FUZZY_OPTUNA_DARTS,0.37037037037037035,2026-08-25_07-25-50,0.1111111111111111,XOR,4.0,0.8888888888888888,0.0,1.3698697784375504,True,1.2,2,1,5,8,4,9,0,9,5,3.0,0.8888888888888888,0.0,1.1967032904743342,0.0,3.1871256064131606,4.0,1.7777777777777777,0.0,1.617802197617893,0.6666666666666666
1.3042410858819367,FUZZY_OPTUNA_DARTS,0.47619047619047616,2026-08-25_07-31-01,0.11904761904761904,XOR,3.0,0.7142857142857143,0.0,1.1605769149479943,True,1.1666666666666667,2,1,4,5,3,7,0,7,4,2.0,0.7142857142857143,0.0,0.8806305718527109,0.0,1.3042410858819367,3.0,1.4285714285714286,0.0,1.2936264483053452,0.75
1.1884787310386218,FUZZY_OPTUNA_DARTS,0.3625,2026-08-25_07-33-51,0.25,XOR,4.0,1.75,0.0,1.479019945774904,False,1.4285714285714286,2,2,7,14,1,8,1,7,2,3.0,1.75,0.0,1.299038105676658,0.14285714285714285,1.1884787310386218,5.0,3.5,0.0,1.5,0.375
2.265789141172298,FUZZY_OPTUNA_DARTS,0.5142857142857142,2026-08-25_07-35-43,0.2857142857142857,XOR,5.0,1.7142857142857142,0.0,1.749635530559413,False,1.2666666666666666,2,1,6,12,1,7,1,7,2,4.0,1.7142857142857142,0.0,1.5779087167410373,0.0,2.265789141172298,5.0,3.4285714285714284,0.0,1.5907898179514348,0.5806451612903226
3.0290051150025032,FUZZY_OPTUNA_DARTS,0.6666666666666666,2026-08-25_07-43-52,0.25,XOR,3.0,1.0,0.0,1.2649110640673518,True,1.1666666666666667,2,1,4,5,1,5,0,5,2,2.0,1.0,0.0,0.8944271909999159,0.0,3.0290051150025032,3.0,2.0,0.0,1.0954451150103321,0.75
5.501607552289696,FUZZY_OPTUNA_DARTS,0.3333333333333333,2026-08-25_07-38-39,0.05555555555555555,XOR,3.0,0.5,0.0,1.02469507659596,True,1.1666666666666667,2,1,4,5,6,10,0,10,7,2.0,0.5,0.0,0.8062257748298549,0.0,5.501607552289696,3.0,1.0,0.0,1.2649110640673518,0.75
4.494125802470422,FUZZY_OPTUNA_DARTS,0.19999999999999998,2026-08-25_07-42-59,0.19642857142857142,XOR,4.0,1.375,0.0,1.5761900266148114,False,1.5714285714285714,3,2,7,11,1,8,0,7,2,3.0,1.375,0.0,0.9921567416492215,0.18181818181818182,4.494125802470422,5.0,2.75,0.0,1.713913650100261,0.25
1.2676156641181002,FUZZY_OPTUNA_DARTS,0.3566666666666667,2026-08-25_07-40-08,0.25555555555555554,XOR,5.0,2.3,0.0,1.7349351572897473,False,1.4444444444444444,2,6,9,23,1,10,0,5,2,5.0,2.3,0.0,1.6155494421403511,0.2608695652173913,1.2676156641181002,8.0,4.6,0.0,2.0591260281974,0.36486486486486486
2.667023264163717,FUZZY_OPTUNA_DARTS,0.33333333333333337,2026-08-25_07-49-42,0.1111111111111111,XOR,4.0,1.0,0.0,1.4142135623730951,False,1.6,3,3,6,10,4,10,0,8,5,3.0,1.0,0.0,1.0954451150103321,0.4,2.667023264163717,5.0,2.0,0.0,1.949358868961793,0.5294117647058824
1.5296637826131314,FUZZY_OPTUNA_DARTS,0.5214285714285714,2026-08-25_07-50-36,0.18888888888888888,XOR,7.0,1.7,0.0,2.193171219946131,False,1.4642857142857142,2,3,8,17,2,10,0,8,3,4.0,1.7,0.0,1.4177446878757824,0.23529411764705882,1.5296637826131314,8.0,3.4,0.0,2.4576411454889016,0.4528301886792453
0.8820188448551883,FUZZY_OPTUNA_DARTS,0.3703703703703704,2026-08-25_08-01-02,0.1527777777777778,XOR,4.0,1.2222222222222223,0.0,1.3966450099973928,False,2.3214285714285716,5,2,8,11,1,9,0,8,2,2.0,1.2222222222222223,0.0,0.9162456945817024,0.18181818181818182,0.8820188448551883,5.0,2.4444444444444446,0.0,1.4989708403591158,0.47368421052631576
3.7431988186795278,FUZZY_OPTUNA_DARTS,0.19999999999999998,2026-08-25_08-02-23,0.1111111111111111,XOR,4.0,1.0,0.0,1.4142135623730951,True,1.3333333333333333,2,1,6,10,4,10,0,10,5,3.0,1.0,0.0,1.1832159566199232,0.0,3.7431988186795278,4.0,2.0,0.0,1.6733200530681511,0.375
5.067094929871668,FUZZY_OPTUNA_DARTS,0.6666666666666666,2026-08-25_08-11-51,0.25,XOR,3.0,1.0,0.0,1.2649110640673518,True,1.1666666666666667,2,1,4,5,1,5,0,5,2,2.0,1.0,0.0,0.8944271909999159,0.0,5.067094929871668,3.0,2.0,0.0,1.0954451150103321,0.75
1.1322529841166344,FUZZY_OPTUNA_DARTS,0.8666666666666666,2026-08-25_08-14-05,0.55,XOR,4.0,2.2,0.0,1.833030277982336,False,1.2,2,2,5,11,0,5,2,4,1,3.0,2.2,0.0,1.1661903789690602,0.18181818181818182,1.1322529841166344,7.0,4.4,2.0,2.1540659228538015,0.7894736842105263
2.4357260112359427,FUZZY_OPTUNA_DARTS,0.41666666666666663,2026-08-25_08-11-17,0.08928571428571429,XOR,3.0,0.625,0.0,1.1110243021644486,True,1.1666666666666667,2,1,4,5,4,8,0,8,5,2.0,0.625,0.0,0.8569568250501305,0.0,2.4357260112359427,3.0,1.25,0.0,1.299038105676658,0.75
1.3975472248072491,FUZZY_OPTUNA_DARTS,0.43333333333333335,2026-08-25_08-19-12,0.25,XOR,5.0,2.0,0.0,1.9436506316151,False,1.2857142857142858,2,4,7,18,2,9,1,6,3,4.0,2.0,0.0,1.632993161855452,0.2222222222222222,1.3975472248072491,8.0,4.0,0.0,2.581988897471611,0.5882352941176471
1.5450107874267112,FUZZY_OPTUNA_DARTS,0.40740740740740744,2026-08-25_08-24-44,0.2638888888888889,XOR,5.0,2.111111111111111,0.0,1.7916128329552332,False,1.3928571428571428,2,3,8,19,1,9,0,7,2,5.0,2.111111111111111,0.0,1.7284832429004495,0.21052631578947367,1.5450107874267112,6.0,4.222222222222222,0.0,1.7497795275581802,0.47368421052631576
2.665842159029756,FUZZY_OPTUNA_DARTS,0.5714285714285714,2026-08-25_08-40-09,0.19047619047619047,XOR,4.0,1.1428571428571428,0.0,1.5518257844571737,False,1.3,2,2,5,8,2,7,0,6,3,2.0,1.1428571428571428,0.0,0.989743318610787,0.25,2.665842159029756,5.0,2.2857142857142856,0.0,1.749635530559413,0.6
1.0559297622651245,FUZZY_OPTUNA_DARTS,0.37037037037037035,2026-08-25_08-49-16,0.06944444444444445,XOR,3.0,0.5555555555555556,0.0,1.0657403385139377,True,1.1666666666666667,2,1,4,5,5,9,0,9,6,2.0,0.5555555555555556,0.0,0.8314794192830981,0.0,1.0559297622651245,3.0,1.1111111111111112,0.0,1.286204100310025,0.75
3.9681756610815637,FUZZY_OPTUNA_DARTS,0.41666666666666663,2026-08-25_08-55-01,0.08928571428571429,XOR,3.0,0.625,0.0,1.1110243021644486,True,1.1666666666666667,2,1,4,5,4,8,0,8,5,2.0,0.625,0.0,0.8569568250501305,0.0,3.9681756610815637,3.0,1.25,0.0,1.299038105676658,0.75
5.623538467072073,FUZZY_OPTUNA_DARTS,0.5066666666666666,2026-08-25_08-56-51,0.18888888888888888,XOR,6.0,1.7,0.0,1.8466185312619388,False,1.7222222222222223,3,4,9,17,1,10,0,7,2,4.0,1.7,0.0,1.4177446878757824,0.23529411764705882,5.623538467072073,8.0,3.4,0.0,2.1540659228538015,0.44680851063829785
2.0669641598521062,FUZZY_OPTUNA_DARTS,0.3333333333333333,2026-08-25_09-03-15,0.05555555555555555,XOR,3.0,0.5,0.0,1.02469507659596,True,1.1666666666666667,2,1,4,5,6,10,0,10,7,2.0,0.5,0.0,0.8062257748298549,0.0,2.0669641598521062,3.0,1.0,0.0,1.2649110640673518,0.75
3.8271998492668664,FUZZY_OPTUNA_DARTS,0.5555555555555555,2026-08-25_09-11-38,0.16666666666666666,XOR,3.0,0.8333333333333334,0.0,1.2133516482134197,True,1.1666666666666667,2,1,4,5,2,6,0,6,3,2.0,0.8333333333333334,0.0,0.8975274678557507,0.0,3.8271998492668664,3.0,1.6666666666666667,0.0,1.247219128924647,0.75
1.5792464279476437,FUZZY_OPTUNA_DARTS,0.37037037037037035,2026-08-25_09-13-05,0.06944444444444445,XOR,3.0,0.5555555555555556,0.0,1.0657403385139377,True,1.1666666666666667,2,1,4,5,5,9,0,9,6,2.0,0.5555555555555556,0.0,0.8314794192830981,0.0,1.5792464279476437,3.0,1.1111111111111112,0.0,1.286204100310025,0.75
0.9959297913496409,FUZZY_OPTUNA_DARTS,0.6666666666666666,2026-08-25_09-33-16,0.25,XOR,3.0,1.0,0.0,1.2649110640673518,True,1.1666666666666667,2,1,4,5,1,5,0,5,2,2.0,1.0,0.0,0.8944271909999159,0.0,0.9959297913496409,3.0,2.0,0.0,1.0954451150103321,0.75
1.404754180154196,FUZZY_OPTUNA_DARTS,0.4533333333333333,2026-08-25_09-38-24,0.25555555555555554,XOR,6.0,2.3,0.0,1.8466185312619388,False,1.711111111111111,3,4,10,23,0,10,1,7,1,5.0,2.3,0.0,1.676305461424021,0.2608695652173913,1.404754180154196,9.0,4.6,1.0,2.4979991993593593,0.4647887323943662
6.327553717074387,FUZZY_OPTUNA_DARTS,0.0,2026-08-25_09-44-06,0.07142857142857142,XOR,2.0,0.42857142857142855,0.0,0.7284313590846836,True,1.6666666666666667,3,1,4,3,3,7,0,7,4,1.0,0.42857142857142855,0.0,0.4948716593053935,0.0,6.327553717074387,2.0,0.8571428571428571,0.0,0.832993127835043,0.0
1.026715488328398,FUZZY_OPTUNA_DARTS,0.6666666666666666,2026-08-25_09-47-30,0.25,XOR,3.0,1.0,0.0,1.2649110640673518,True,1.1666666666666667,2,1,4,5,1,5,0,5,2,2.0,1.0,0.0,0.8944271909999159,0.0,1.026715488328398,3.0,2.0,0.0,1.0954451150103321,0.75
2.2398811013007998,FUZZY_OPTUNA_DARTS,0.5555555555555555,2026-08-25_09-47-47,0.26666666666666666,XOR,4.0,1.3333333333333333,0.0,1.4907119849998598,True,1.2,2,1,5,8,1,6,0,6,2,3.0,1.3333333333333333,0.0,1.247219128924647,0.0,2.2398811013007998,4.0,2.6666666666666665,0.0,1.247219128924647,0.6666666666666666
1.7878967054596528,FUZZY_OPTUNA_DARTS,0.5333333333333333,2026-08-25_09-50-12,0.3,XOR,3.0,1.2,0.0,1.1661903789690602,True,1.5,3,1,5,6,0,5,0,5,1,3.0,1.2,0.0,1.1661903789690602,0.0,1.7878967054596528,3.0,2.4,1.0,0.8,0.6
5.083891205854101,FUZZY_OPTUNA_DARTS,0.5555555555555555,2026-08-25_09-55-39,0.16666666666666666,XOR,3.0,0.8333333333333334,0.0,1.2133516482134197,True,1.1666666666666667,2,1,4,5,2,6,0,6,3,2.0,0.8333333333333334,0.0,0.8975274678557507,0.0,5.083891205854101,3.0,1.6666666666666667,0.0,1.247219128924647,0.75
7.215754968932431,FUZZY_OPTUNA_DARTS,0.6666666666666666,2026-08-25_10-02-11,0.25,XOR,3.0,1.0,0.0,1.2649110640673518,True,1.1666666666666667,2,1,4,5,1,5,0,5,2,2.0,1.0,0.0,0.8944271909999159,0.0,7.215754968932431,3.0,2.0,0.0,1.0954451150103321,0.75
3.451124617276985,FUZZY_OPTUNA_DARTS,0.6666666666666666,2026-08-25_10-05-34,0.4,XOR,4.0,1.6,0.0,1.4966629547095767,True,1.2,2,1,5,8,0,5,0,5,1,3.0,1.6,0.0,1.2,0.0,3.451124617276985,4.0,3.2,3.0,0.4,0.6666666666666666
1.5529054413276675,FUZZY_OPTUNA_DARTS,0.5333333333333334,2026-08-25_09-59-56,0.12222222222222222,XOR,4.0,1.1,0.0,1.445683229480096,False,1.7142857142857142,3,1,7,11,3,10,1,10,4,4.0,1.1,0.0,1.3,0.0,1.5529054413276675,6.0,2.2,0.0,1.8867962264113207,0.5454545454545454
3.301379795566998,FUZZY_OPTUNA_DARTS,0.4074074074074074,2026-08-25_10-03-48,0.16666666666666666,XOR,5.0,1.3333333333333333,0.0,1.632993161855452,False,1.5714285714285714,3,2,7,12,2,9,0,8,3,3.0,1.3333333333333333,0.0,1.247219128924647,0.16666666666666666,3.301379795566998,5.0,2.6666666666666665,0.0,1.8257418583505538,0.5172413793103449
0.8769205906905682,FUZZY_OPTUNA_DARTS,0.5555555555555555,2026-08-25_10-12-58,0.3,XOR,4.0,1.5,0.0,1.6072751268321592,False,1.2,2,1,5,9,1,6,1,6,2,3.0,1.5,0.0,1.2583057392117916,0.0,0.8769205906905682,5.0,3.0,0.0,1.5275252316519468,0.6666666666666666
0.8491112373259316,FUZZY_OPTUNA_DARTS,0.0,2026-08-25_10-11-25,0.10714285714285714,XOR,3.0,0.75,0.0,1.0897247358851685,False,2.0,4,2,5,6,3,8,1,7,4,2.0,0.75,0.0,0.82915619758885,0.3333333333333333,0.8491112373259316,5.0,1.5,0.0,1.6583123951777,0.0
2.6722692447516017,FUZZY_OPTUNA_DARTS,0.4,2026-08-25_10-09-23,0.1,XOR,4.0,0.9,0.0,1.374772708486752,False,1.3,2,2,5,9,4,10,1,9,6,2.0,0.9,0.0,0.9433981132056604,0.2222222222222222,2.6722692447516017,5.0,1.8,0.0,1.7204650534085253,0.6
1.3334301373099064,FUZZY_OPTUNA_DARTS,0.6666666666666666,2026-08-25_10-16-11,0.26666666666666666,XOR,4.0,1.3333333333333333,0.0,1.5986105077709065,False,1.3,2,2,5,8,1,6,0,5,2,2.0,1.3333333333333333,0.0,0.9428090415820634,0.25,1.3334301373099064,5.0,2.6666666666666665,0.0,1.5986105077709065,0.6
0.8332670214859537,FUZZY_OPTUNA_DARTS,0.6666666666666666,2026-08-25_10-17-35,0.25,XOR,3.0,1.0,0.0,1.2649110640673518,True,1.1666666666666667,2,1,4,5,1,5,0,5,2,2.0,1.0,0.0,0.8944271909999159,0.0,0.8332670214859537,3.0,2.0,0.0,1.0954451150103321,0.75
2.7349441112354507,FUZZY_OPTUNA_DARTS,0.6666666666666666,2026-08-25_10-21-47,0.25,XOR,3.0,1.0,0.0,1.2649110640673518,True,1.1666666666666667,2,1,4,5,1,5,0,5,2,2.0,1.0,0.0,0.8944271909999159,0.0,2.7349441112354507,3.0,2.0,0.0,1.0954451150103321,0.75
2.7921899108427195,FUZZY_OPTUNA_DARTS,0.2633333333333333,2026-08-25_10-22-34,0.18888888888888888,XOR,4.0,1.7,0.0,1.7916472867168918,False,1.4285714285714286,2,3,7,17,3,10,2,8,4,4.0,1.7,0.0,1.4866068747318506,0.35294117647058826,2.7921899108427195,7.0,3.4,0.0,2.7640549922170505,0.375
0.9314184501425052,FUZZY_OPTUNA_DARTS,0.9,2026-08-25_10-34-22,0.5,XOR,4.0,2.0,0.0,1.6733200530681511,False,1.1,2,1,5,10,0,5,1,5,1,3.0,2.0,0.0,1.2649110640673518,0.0,0.9314184501425052,6.0,4.0,3.0,1.0954451150103321,0.875
1.1692227807390738,FUZZY_OPTUNA_DARTS,0.45,2026-08-25_10-36-12,0.23214285714285715,XOR,5.0,1.625,0.0,1.79843682124227,False,1.2666666666666666,2,3,6,13,2,8,0,6,3,3.0,1.625,0.0,1.3169567191065923,0.3076923076923077,1.1692227807390738,5.0,3.25,0.0,2.0463381929681126,0.5806451612903226
5.58316902079254,FUZZY_OPTUNA_DARTS,0.45,2026-08-25_10-37-48,0.19642857142857142,XOR,5.0,1.375,0.0,1.7275343701356567,True,1.2666666666666666,2,1,6,11,2,8,0,8,3,3.0,1.375,0.0,1.2183492931011204,0.0,5.58316902079254,5.0,2.75,0.0,1.713913650100261,0.5806451612903226
3.1046015925807287,FUZZY_OPTUNA_DARTS,0.4833333333333333,2026-08-25_10-42-07,0.2857142857142857,XOR,6.0,2.0,0.0,1.9364916731037085,False,1.3333333333333333,2,3,7,16,1,8,0,6,2,4.0,2.0,0.0,1.5,0.25,3.1046015925807287,6.0,4.0,0.0,1.7320508075688772,0.5333333333333333
8.514289941112853,FUZZY_OPTUNA_DARTS,0.6666666666666666,2026-08-25_10-45-31,0.26666666666666666,XOR,4.0,1.3333333333333333,0.0,1.5986105077709065,False,1.3,2,2,5,8,1,6,0,5,2,2.0,1.3333333333333333,0.0,0.9428090415820634,0.25,8.514289941112853,5.0,2.6666666666666665,0.0,1.5986105077709065,0.6
1.2422558545954576,FUZZY_OPTUNA_DARTS,0.6666666666666666,2026-08-25_10-48-01,0.4,XOR,4.0,1.6,0.0,1.4966629547095767,True,1.2,2,1,5,8,0,5,0,5,1,3.0,1.6,0.0,1.2,0.0,1.2422558545954576,4.0,3.2,3.0,0.4,0.6666666666666666
1.4999285369522386,FUZZY_OPTUNA_DARTS,0.6666666666666666,2026-08-25_11-06-31,0.25,XOR,3.0,1.0,0.0,1.2649110640673518,True,1.1666666666666667,2,1,4,5,1,5,0,5,2,2.0,1.0,0.0,0.8944271909999159,0.0,1.4999285369522386,3.0,2.0,0.0,1.0954451150103321,0.75
5.745143004341277,FUZZY_OPTUNA_DARTS,0.5555555555555555,2026-08-25_11-15-13,0.26666666666666666,XOR,4.0,1.3333333333333333,0.0,1.4907119849998598,True,1.2,2,1,5,8,1,6,0,6,2,3.0,1.3333333333333333,0.0,1.247219128924647,0.0,5.745143004341277,4.0,2.6666666666666665,0.0,1.247219128924647,0.6666666666666666
1.5465839060850037,FUZZY_OPTUNA_DARTS,0.6666666666666666,2026-08-25_11-18-11,0.25,XOR,3.0,1.0,0.0,1.2649110640673518,True,1.1666666666666667,2,1,4,5,1,5,0,5,2,2.0,1.0,0.0,0.8944271909999159,0.0,1.5465839060850037,3.0,2.0,0.0,1.0954451150103321,0.75
2.3920480450468933,FUZZY_OPTUNA_DARTS,0.41666666666666663,2026-08-25_11-15-11,0.14285714285714285,XOR,4.0,1.0,0.0,1.4142135623730951,True,1.2,2,1,5,8,3,8,0,8,4,3.0,1.0,0.0,1.224744871391589,0.0,2.3920480450468933,4.0,2.0,0.0,1.5811388300841898,0.6666666666666666
1.7167191541437523,FUZZY_OPTUNA_DARTS,0.7142857142857143,2026-08-25_11-21-55,0.2857142857142857,XOR,5.0,1.7142857142857142,0.0,1.9059520091609048,False,1.3333333333333333,2,3,6,12,1,7,0,5,2,3.0,1.7142857142857142,0.0,1.1605769149479943,0.3333333333333333,1.7167191541437523,7.0,3.4285714285714284,0.0,2.060315014550851,0.6428571428571429
3.1020296027868706,FUZZY_OPTUNA_DARTS,0.5714285714285714,2026-08-25_11-23-13,0.19047619047619047,XOR,4.0,1.1428571428571428,0.0,1.5518257844571737,False,1.3,2,2,5,8,2,7,0,6,3,2.0,1.1428571428571428,0.0,0.989743318610787,0.25,3.1020296027868706,5.0,2.2857142857142856,0.0,1.749635530559413,0.6
1.3596003334240911,FUZZY_OPTUNA_DARTS,0.5074074074074075,2026-08-25_11-29-40,0.2916666666666667,XOR,6.0,2.3333333333333335,0.0,2.0,False,1.3214285714285714,2,3,8,21,1,9,1,7,2,5.0,2.3333333333333335,0.0,1.8257418583505538,0.09523809523809523,1.3596003334240911,8.0,4.666666666666667,0.0,2.0548046676563256,0.6
0.9457905358751308,FUZZY_OPTUNA_DARTS,0.37,2026-08-25_11-30-10,0.18888888888888888,XOR,5.0,1.7,0.0,1.9,False,1.2857142857142858,2,3,7,17,3,10,0,8,4,4.0,1.7,0.0,1.6155494421403511,0.23529411764705882,0.9457905358751308,7.0,3.4,0.0,2.3748684174075834,0.54
1.046865549804175,FUZZY_OPTUNA_DARTS,0.48285714285714293,2026-08-25_11-31-34,0.2111111111111111,XOR,5.0,1.9,0.0,1.9209372712298547,False,1.4285714285714286,2,3,8,19,2,10,2,8,3,4.0,1.9,0.0,1.7,0.10526315789473684,1.046865549804175,8.0,3.8,0.0,2.749545416973504,0.6101694915254238
2.9259098328473203,FUZZY_OPTUNA_DARTS,0.5555555555555555,2026-08-25_11-41-02,0.26666666666666666,XOR,4.0,1.3333333333333333,0.0,1.4907119849998598,True,1.2,2,1,5,8,1,6,0,6,2,3.0,1.3333333333333333,0.0,1.247219128924647,0.0,2.9259098328473203,4.0,2.6666666666666665,0.0,1.247219128924647,0.6666666666666666
1.1556201344668755,FUZZY_OPTUNA_DARTS,0.3333333333333333,2026-08-25_11-41-16,0.21428571428571427,XOR,4.0,1.5,0.0,1.5811388300841898,False,1.3333333333333333,2,3,6,12,2,8,0,6,3,3.0,1.5,0.0,1.224744871391589,0.3333333333333333,1.1556201344668755,5.0,3.0,0.0,1.8708286933869707,0.48
1.4498682499301474,FUZZY_OPTUNA_DARTS,0.4625,2026-08-25_11-49-03,0.17857142857142858,XOR,4.0,1.25,0.0,1.3919410907075054,False,1.5714285714285714,2,2,7,10,1,8,0,7,2,4.0,1.25,0.0,1.3919410907075054,0.2,1.4498682499301474,7.0,2.5,0.0,2.0615528128088303,0.375
1.6244526093185978,FUZZY_OPTUNA_DARTS,0.6666666666666666,2026-08-25_11-54-52,0.26666666666666666,XOR,4.0,1.3333333333333333,0.0,1.5986105077709065,False,1.3,2,2,5,8,1,6,0,5,2,2.0,1.3333333333333333,0.0,0.9428090415820634,0.25,1.6244526093185978,5.0,2.6666666666666665,0.0,1.5986105077709065,0.6
0.9666405059520676,FUZZY_OPTUNA_DARTS,0.38095238095238093,2026-08-25_12-05-47,0.23809523809523808,XOR,4.0,1.4285714285714286,0.0,1.498298354528788,False,1.4666666666666666,3,2,6,10,1,7,0,6,2,3.0,1.4285714285714286,0.0,1.0497813183356477,0.2,0.9666405059520676,5.0,2.857142857142857,0.0,1.5518257844571737,0.45
4.277903108960367,FUZZY_OPTUNA_DARTS,0.6428571428571429,2026-08-25_12-08-22,0.23809523809523808,XOR,4.0,1.4285714285714286,0.0,1.6781914463529615,False,1.1,2,1,5,10,2,7,1,7,3,3.0,1.4285714285714286,0.0,1.3997084244475304,0.0,4.277903108960367,6.0,2.857142857142857,0.0,2.0303814862216996,0.875
4.559892294314526,FUZZY_OPTUNA_DARTS,0.47619047619047616,2026-08-25_12-13-20,0.11904761904761904,XOR,3.0,0.7142857142857143,0.0,1.1605769149479943,True,1.1666666666666667,2,1,4,5,3,7,0,7,4,2.0,0.7142857142857143,0.0,0.8806305718527109,0.0,4.559892294314526,3.0,1.4285714285714286,0.0,1.2936264483053452,0.75
7.685509080338307,FUZZY_OPTUNA_DARTS,0.6666666666666666,2026-08-25_12-28-36,0.4,XOR,4.0,1.6,0.0,1.4966629547095767,True,1.2,2,1,5,8,0,5,0,5,1,3.0,1.6,0.0,1.2,0.0,7.685509080338307,4.0,3.2,3.0,0.4,0.6666666666666666
1.9801172038651975,FUZZY_OPTUNA_DARTS,0.44999999999999996,2026-08-25_12-46-06,0.23214285714285715,XOR,5.0,1.625,0.0,1.79843682124227,False,1.2666666666666666,2,3,6,13,2,8,0,6,3,3.0,1.625,0.0,1.3169567191065923,0.3076923076923077,1.9801172038651975,5.0,3.25,0.0,2.0463381929681126,0.5806451612903226
1.8782551975178947,FUZZY_OPTUNA_DARTS,0.6666666666666666,2026-08-25_12-56-02,0.25,XOR,3.0,1.0,0.0,1.2649110640673518,True,1.1666666666666667,2,1,4,5,1,5,0,5,2,2.0,1.0,0.0,0.8944271909999159,0.0,1.8782551975178947,3.0,2.0,0.0,1.0954451150103321,0.75
1.9331704393217142,FUZZY_OPTUNA_DARTS,0.5714285714285714,2026-08-25_12-54-41,0.2619047619047619,XOR,5.0,1.5714285714285714,0.0,1.7612611437054218,False,1.3333333333333333,2,2,6,11,1,7,0,6,2,3.0,1.5714285714285714,0.0,1.178030178747903,0.18181818181818182,1.9331704393217142,5.0,3.142857142857143,0.0,1.5518257844571737,0.5769230769230769
3.788779322696211,FUZZY_OPTUNA_DARTS,0.4444444444444444,2026-08-25_12-58-23,0.36666666666666664,XOR,4.0,1.8333333333333333,0.0,1.5723301886761005,False,1.3333333333333333,2,2,6,11,0,6,0,5,1,3.0,1.8333333333333333,0.0,1.0671873729054748,0.18181818181818182,3.788779322696211,5.0,3.6666666666666665,3.0,0.7453559924999299,0.48
3.6009692351683293,FUZZY_OPTUNA_DARTS,0.8388888888888889,2026-08-25_12-58-32,0.5,XOR,5.0,2.5,0.0,1.9790570145063195,False,1.2666666666666666,2,3,6,15,0,6,1,4,1,4.0,2.5,0.0,1.2583057392117916,0.4,3.6009692351683293,9.0,5.0,3.0,2.23606797749979,0.7272727272727273
0.8198271355391948,FUZZY_OPTUNA_DARTS,0.6666666666666666,2026-08-25_13-01-37,0.4,XOR,4.0,2.0,0.0,1.5275252316519468,False,1.3333333333333333,2,3,6,12,0,6,0,4,1,3.0,2.0,0.0,1.0,0.3333333333333333,0.8198271355391948,6.0,4.0,2.0,1.2909944487358056,0.5769230769230769
2.8250328840431056,FUZZY_OPTUNA_DARTS,0.41666666666666663,2026-08-25_12-59-42,0.14285714285714285,XOR,4.0,1.0,0.0,1.4142135623730951,True,1.2,2,1,5,8,3,8,0,8,4,3.0,1.0,0.0,1.224744871391589,0.0,2.8250328840431056,4.0,2.0,0.0,1.5811388300841898,0.6666666666666666
1.5933126213505138,FUZZY_OPTUNA_DARTS,0.42857142857142855,2026-08-25_13-04-59,0.23809523809523808,XOR,5.0,1.4285714285714286,0.0,1.8405855323893037,False,1.4666666666666666,3,1,6,10,1,7,1,7,2,3.0,1.4285714285714286,0.0,1.178030178747903,0.0,1.5933126213505138,6.0,2.857142857142857,0.0,1.8070158058105026,0.5714285714285714
0.8521118830470026,FUZZY_OPTUNA_DARTS,0.3555555555555555,2026-08-25_13-05-37,0.20833333333333334,XOR,5.0,1.6666666666666667,0.0,1.699673171197595,False,1.380952380952381,2,3,7,15,2,9,0,7,3,3.0,1.6666666666666667,0.0,1.3333333333333333,0.26666666666666666,0.8521118830470026,6.0,3.3333333333333335,0.0,2.1081851067789197,0.45
3.2865570638233326,FUZZY_OPTUNA_DARTS,0.0,2026-08-25_13-14-13,0.16666666666666666,XOR,3.0,0.8333333333333334,0.0,1.0671873729054748,False,1.8,3,2,5,5,1,6,0,5,2,2.0,0.8333333333333334,0.0,0.6871842709362768,0.4,3.2865570638233326,4.0,1.6666666666666667,0.0,1.3743685418725535,0.0
1.4026832774290332,FUZZY_OPTUNA_DARTS,0.48,2026-08-25_13-25-02,0.24444444444444444,XOR,5.0,2.2,0.0,2.08806130178211,False,1.3214285714285714,2,3,8,22,2,10,0,7,3,4.0,2.2,0.0,1.6613247725836149,0.2727272727272727,1.4026832774290332,7.0,4.4,0.0,2.4166091947189146,0.5675675675675675
3.0745096267483345,FUZZY_OPTUNA_DARTS,0.0,2026-08-25_13-29-28,0.05357142857142857,XOR,2.0,0.375,0.0,0.6959705453537527,True,1.6666666666666667,3,1,4,3,4,8,0,8,5,1.0,0.375,0.0,0.4841229182759271,0.0,3.0745096267483345,2.0,0.75,0.0,0.82915619758885,0.0
1.3018883003334771,FUZZY_OPTUNA_DARTS,0.47619047619047616,2026-08-25_13-37-43,0.14285714285714285,XOR,3.0,0.8571428571428571,0.0,1.124858267715973,True,1.1666666666666667,2,1,4,6,1,7,0,7,3,2.0,0.8571428571428571,0.0,0.832993127835043,0.0,1.3018883003334771,3.0,1.7142857142857142,0.0,1.0301575072754254,0.75
4.812115612407845,FUZZY_OPTUNA_DARTS,0.5555555555555555,2026-08-25_13-45-22,0.16666666666666666,XOR,3.0,0.8333333333333334,0.0,1.2133516482134197,True,1.1666666666666667,2,1,4,5,2,6,0,6,3,2.0,0.8333333333333334,0.0,0.8975274678557507,0.0,4.812115612407845,3.0,1.6666666666666667,0.0,1.247219128924647,0.75
1.146302247085236,FUZZY_OPTUNA_DARTS,0.5555555555555555,2026-08-25_13-46-10,0.3333333333333333,XOR,4.0,1.6666666666666667,0.0,1.699673171197595,False,1.2,2,2,5,10,1,6,1,5,2,3.0,1.6666666666666667,0.0,1.247219128924647,0.2,1.146302247085236,6.0,3.3333333333333335,0.0,1.8856180831641267,0.6666666666666666
1.110035521705051,FUZZY_OPTUNA_DARTS,0.3333333333333333,2026-08-25_13-45-26,0.19642857142857142,XOR,4.0,1.375,0.0,1.5761900266148114,False,1.3333333333333333,2,2,6,11,2,8,0,7,3,3.0,1.375,0.0,1.2183492931011204,0.18181818181818182,1.110035521705051,5.0,2.75,0.0,1.713913650100261,0.48
2.1968243755130734,FUZZY_OPTUNA_DARTS,0.4222222222222222,2026-08-25_13-46-53,0.1388888888888889,XOR,4.0,1.1111111111111112,0.0,1.5947444549341472,False,1.4666666666666666,2,3,6,10,3,9,0,7,4,3.0,1.1111111111111112,0.0,1.0999438818457405,0.4,2.1968243755130734,7.0,2.2222222222222223,0.0,2.1487866228681907,0.47368421052631576
1.3790282648558616,FUZZY_OPTUNA_DARTS,0.6666666666666666,2026-08-25_13-53-32,0.25,XOR,3.0,1.0,0.0,1.2649110640673518,True,1.1666666666666667,2,1,4,5,1,5,0,5,2,2.0,1.0,0.0,0.8944271909999159,0.0,1.3790282648558616,3.0,2.0,0.0,1.0954451150103321,0.75
4.757116835897401,FUZZY_OPTUNA_DARTS,0.6,2026-08-25_13-54-32,0.35,XOR,3.0,1.4,0.0,1.3564659966250536,False,1.4,2,2,5,7,0,5,0,4,1,2.0,1.4,0.0,0.8,0.2857142857142857,4.757116835897401,5.0,2.8,2.0,1.1661903789690602,0.5454545454545454
3.1609074605584846,FUZZY_OPTUNA_DARTS,0.5555555555555555,2026-08-25_13-55-56,0.26666666666666666,XOR,4.0,1.3333333333333333,0.0,1.4907119849998598,True,1.2,2,1,5,8,1,6,0,6,2,3.0,1.3333333333333333,0.0,1.247219128924647,0.0,3.1609074605584846,4.0,2.6666666666666665,0.0,1.247219128924647,0.6666666666666666
0.9514957810999793,FUZZY_OPTUNA_DARTS,0.5555555555555555,2026-08-25_13-59-10,0.16666666666666666,XOR,3.0,0.8333333333333334,0.0,1.2133516482134197,True,1.1666666666666667,2,1,4,5,2,6,0,6,3,2.0,0.8333333333333334,0.0,0.8975274678557507,0.0,0.9514957810999793,3.0,1.6666666666666667,0.0,1.247219128924647,0.75
0.8475355594669506,FUZZY_OPTUNA_DARTS,0.719047619047619,2026-08-25_14-01-39,0.2857142857142857,XOR,4.0,1.7142857142857142,0.0,1.749635530559413,False,1.2666666666666666,2,3,6,12,1,7,0,5,2,3.0,1.7142857142857142,0.0,1.1605769149479943,0.16666666666666666,0.8475355594669506,6.0,3.4285714285714284,0.0,1.7612611437054218,0.7272727272727273
3.4382670231851544,FUZZY_OPTUNA_DARTS,0.47619047619047616,2026-08-25_14-04-40,0.11904761904761904,XOR,3.0,0.7142857142857143,0.0,1.1605769149479943,True,1.1666666666666667,2,1,4,5,3,7,0,7,4,2.0,0.7142857142857143,0.0,0.8806305718527109,0.0,3.4382670231851544,3.0,1.4285714285714286,0.0,1.2936264483053452,0.75
4.567355090121325,FUZZY_OPTUNA_DARTS,0.25,2026-08-25_14-03-33,0.17857142857142858,XOR,4.0,1.25,0.0,1.479019945774904,True,1.3333333333333333,2,1,6,10,2,8,0,8,3,3.0,1.25,0.0,1.1989578808281798,0.0,4.567355090121325,4.0,2.5,0.0,1.5,0.375
1.0085350605201737,FUZZY_OPTUNA_DARTS,0.5708333333333333,2026-08-25_14-21-55,0.19642857142857142,XOR,4.0,1.375,0.0,1.653594569415369,False,1.4,2,3,6,11,2,8,0,6,3,3.0,1.375,0.0,1.1110243021644486,0.36363636363636365,1.0085350605201737,7.0,2.75,0.0,2.165063509461097,0.5454545454545454
1.3527844292430369,FUZZY_OPTUNA_DARTS,0.37037037037037035,2026-08-25_14-31-47,0.1111111111111111,XOR,4.0,0.8888888888888888,0.0,1.3698697784375504,True,1.2,2,1,5,8,4,9,0,9,5,3.0,0.8888888888888888,0.0,1.1967032904743342,0.0,1.3527844292430369,4.0,1.7777777777777777,0.0,1.617802197617893,0.6666666666666666
5.216412342038758,FUZZY_OPTUNA_DARTS,0.5555555555555555,2026-08-25_14-39-45,0.16666666666666666,XOR,3.0,0.8333333333333334,0.0,1.2133516482134197,True,1.1666666666666667,2,1,4,5,2,6,0,6,3,2.0,0.8333333333333334,0.0,0.8975274678557507,0.0,5.216412342038758,3.0,1.6666666666666667,0.0,1.247219128924647,0.75
4.17818019148878,FUZZY_OPTUNA_DARTS,0.39999999999999997,2026-08-25_14-39-29,0.18888888888888888,XOR,6.0,1.7,0.0,2.1,False,1.3333333333333333,2,4,7,17,3,10,0,7,4,3.0,1.7,0.0,1.4177446878757824,0.35294117647058826,4.17818019148878,7.0,3.4,0.0,2.537715508089904,0.5106382978723404
1.008502278532938,FUZZY_OPTUNA_DARTS,0.4285714285714285,2026-08-25_14-45-13,0.23809523809523808,XOR,3.0,1.4285714285714286,0.0,1.3997084244475304,False,1.4666666666666666,3,2,6,10,1,7,0,6,2,4.0,1.4285714285714286,0.0,1.498298354528788,0.2,1.008502278532938,5.0,2.857142857142857,0.0,1.6413036132965797,0.5714285714285714
4.234342877486208,FUZZY_OPTUNA_DARTS,0.6666666666666666,2026-08-25_14-49-37,0.4,XOR,4.0,1.6,0.0,1.4966629547095767,True,1.2,2,1,5,8,0,5,0,5,1,3.0,1.6,0.0,1.2,0.0,4.234342877486208,4.0,3.2,3.0,0.4,0.6666666666666666
2.2023775740208165,FUZZY_OPTUNA_DARTS,0.0,2026-08-25_14-48-28,0.11904761904761904,XOR,3.0,0.7142857142857143,0.0,1.0301575072754254,False,1.6,2,2,5,5,2,7,0,6,3,2.0,0.7142857142857143,0.0,0.6998542122237652,0.4,2.2023775740208165,5.0,1.4285714285714286,0.0,1.5907898179514348,0.0
1.0871492654061263,FUZZY_OPTUNA_DARTS,0.4761904761904762,2026-08-25_14-51-51,0.21428571428571427,XOR,4.0,1.2857142857142858,0.0,1.5779087167410373,False,1.6,3,1,6,9,1,7,1,7,2,3.0,1.2857142857142858,0.0,1.0301575072754254,0.0,1.0871492654061263,5.0,2.5714285714285716,0.0,1.6781914463529615,0.5294117647058824
9.646820196375495,FUZZY_OPTUNA_DARTS,0.5142857142857143,2026-08-25_14-52-59,0.30952380952380953,XOR,5.0,1.8571428571428572,0.0,1.8070158058105026,False,1.2666666666666666,2,3,6,13,1,7,0,5,2,3.0,1.8571428571428572,0.0,1.2453996981544782,0.3076923076923077,9.646820196375495,5.0,3.7142857142857144,0.0,1.749635530559413,0.5806451612903226
3.412405905299862,FUZZY_OPTUNA_DARTS,0.8,2026-08-25_14-57-12,0.4,XOR,4.0,1.6,0.0,1.624807680927192,False,1.3,2,2,5,8,0,5,0,4,1,2.0,1.6,0.0,0.8,0.25,3.412405905299862,5.0,3.2,2.0,1.1661903789690602,0.6
1.044882842447927,FUZZY_OPTUNA_DARTS,0.3,2026-08-25_14-56-18,0.19047619047619047,XOR,4.0,1.1428571428571428,0.0,1.355261854357877,False,1.6,2,3,6,8,1,7,0,5,2,3.0,1.1428571428571428,0.0,0.989743318610787,0.5,1.044882842447927,7.0,2.2857142857142856,0.0,2.1189138534559038,0.25
1.7276966097594142,FUZZY_OPTUNA_DARTS,0.6857142857142858,2026-08-25_14-58-04,0.2619047619047619,XOR,5.0,1.5714285714285714,0.0,1.9166296949998198,False,1.4,2,3,6,11,1,7,0,5,2,3.0,1.5714285714285714,0.0,1.0497813183356477,0.36363636363636365,1.7276966097594142,7.0,3.142857142857143,0.0,2.0995626366712954,0.5
2.2600846329959303,FUZZY_OPTUNA_DARTS,0.35952380952380947,2026-08-25_14-57-27,0.3,XOR,7.0,2.7,0.0,2.193171219946131,False,1.4166666666666667,2,6,9,27,1,10,1,5,2,5.0,2.7,0.0,1.6155494421403511,0.37037037037037035,2.2600846329959303,9.0,5.4,0.0,2.3748684174075834,0.39759036144578314
3.6314270924293974,FUZZY_OPTUNA_DARTS,0.5555555555555555,2026-08-25_15-06-14,0.16666666666666666,XOR,3.0,0.8333333333333334,0.0,1.2133516482134197,True,1.1666666666666667,2,1,4,5,2,6,0,6,3,2.0,0.8333333333333334,0.0,0.8975274678557507,0.0,3.6314270924293974,3.0,1.6666666666666667,0.0,1.247219128924647,0.75
3.036686321308073,FUZZY_OPTUNA_DARTS,0.5555555555555555,2026-08-25_15-06-57,0.26666666666666666,XOR,4.0,1.3333333333333333,0.0,1.4907119849998598,True,1.2,2,1,5,8,1,6,0,6,2,3.0,1.3333333333333333,0.0,1.247219128924647,0.0,3.036686321308073,4.0,2.6666666666666665,0.0,1.247219128924647,0.6666666666666666
4.626718770622763,FUZZY_OPTUNA_DARTS,0.5555555555555555,2026-08-25_15-09-28,0.16666666666666666,XOR,3.0,0.8333333333333334,0.0,1.2133516482134197,True,1.1666666666666667,2,1,4,5,2,6,0,6,3,2.0,0.8333333333333334,0.0,0.8975274678557507,0.0,4.626718770622763,3.0,1.6666666666666667,0.0,1.247219128924647,0.75
4.56973285623983,FUZZY_OPTUNA_DARTS,0.6666666666666666,2026-08-25_15-16-57,0.25,XOR,3.0,1.0,0.0,1.2649110640673518,True,1.1666666666666667,2,1,4,5,1,5,0,5,2,2.0,1.0,0.0,0.8944271909999159,0.0,4.56973285623983,3.0,2.0,0.0,1.0954451150103321,0.75
4.754950733801983,FUZZY_OPTUNA_DARTS,0.8,2026-08-25_15-26-43,0.4,XOR,4.0,1.6,0.0,1.624807680927192,False,1.3,2,2,5,8,0,5,0,4,1,2.0,1.6,0.0,0.8,0.25,4.754950733801983,5.0,3.2,2.0,1.1661903789690602,0.6
2.330994210328716,FUZZY_OPTUNA_DARTS,0.0,2026-08-26_14-02-32,0.06944444444444445,XOR,2.0,0.5555555555555556,0.0,0.8314794192830981,True,1.6,3,1,5,5,4,9,0,9,5,2.0,0.5555555555555556,0.0,0.8314794192830981,0.0,2.330994210328716,3.0,1.1111111111111112,0.0,1.0999438818457405,0.0
4.185081816586959,FUZZY_OPTUNA_DARTS,0.4151515151515151,2026-08-26_14-04-21,0.17272727272727273,XOR,6.0,1.7272727272727273,0.0,2.0928844424038795,False,1.2380952380952381,2,3,7,19,4,11,0,9,5,4.0,1.7272727272727273,0.0,1.656442468935327,0.3157894736842105,4.185081816586959,7.0,3.4545454545454546,0.0,2.807899129360091,0.6610169491525424
5.917475344174916,FUZZY_OPTUNA_DARTS,0.38095238095238093,2026-08-26_14-19-02,0.2857142857142857,XOR,4.0,1.7142857142857142,0.0,1.5779087167410373,False,1.3333333333333333,2,3,6,12,1,7,0,5,2,3.0,1.7142857142857142,0.0,1.1605769149479943,0.3333333333333333,5.917475344174916,5.0,3.4285714285714284,0.0,1.5907898179514348,0.48
1.16409889097225,FUZZY_OPTUNA_DARTS,0.6666666666666666,2026-08-26_14-39-20,0.25,XOR,3.0,1.0,0.0,1.2649110640673518,True,1.1666666666666667,2,1,4,5,1,5,0,5,2,2.0,1.0,0.0,0.8944271909999159,0.0,1.16409889097225,3.0,2.0,0.0,1.0954451150103321,0.75
3.2096333209851706,FUZZY_OPTUNA_DARTS,0.5555555555555555,2026-08-26_14-45-46,0.16666666666666666,XOR,3.0,0.8333333333333334,0.0,1.2133516482134197,True,1.1666666666666667,2,1,4,5,2,6,0,6,3,2.0,0.8333333333333334,0.0,0.8975274678557507,0.0,3.2096333209851706,3.0,1.6666666666666667,0.0,1.247219128924647,0.75
